CustomerID,Name,Gender,Age,SignupDate,City,Country,Email,AnnualIncome,PurchaseAmount,LoyaltyTier,HasIQROutlier,Purchase_Is_Negative
CUST-00545,Thomas Smith,Male,61,2024-10-19,Houston,Australia,thomas.smith545@example.com,92634.21,123.08,Gold,False,False
CUST-02609,Thomas Martinez,Male,40,2024-04-08,Philadelphia,USA,thomas.martinez2609@example.com,61885.19,161.86,Bronze,False,False
CUST-01468,Betty Martin,Female,40,2022-04-27,San Diego,USA,betty.martin1468@example.com,38843.33,180.8,Gold,False,False
CUST-01965,James Brown,Female,40,2021-07-01,Dallas,Canada,james.brown1965@example.com,73680.31,42.6,Gold,False,False
CUST-01802,Jessica Thomas,Female,51,2023-05-01,Phoenix,United Kingdom,jessica.thomas1802@example.com,52232.12,59.01,Gold,False,False
CUST-00931,Robert Moore,Female,20,2022-01-02,Philadelphia,USA,robert.moore931@example.com,20702.83,144.19,Silver,False,False
CUST-01254,Linda Anderson,Male,52,2021-04-03,Philadelphia,Australia,linda.anderson1254@example.com,51673.93,135.61,Bronze,False,False
CUST-00970,Robert Wilson,Male,67,2023-06-07,Dallas,USA,robert.wilson970@example.com,52144.07,272.37,Gold,False,False
CUST-00073,Linda Smith,Male,59,2024-11-04,Philadelphia,United Kingdom,linda.smith73@example.com,59243.76,52.48,Gold,False,False
CUST-02392,Robert Wilson,Female,24,,San Antonio,Australia,,61885.19,187.5,Silver,False,False
CUST-01087,Betty Brown,Female,42,2022-05-21,San Antonio,Canada,betty.brown1087@example.com,49093.56,60.55,Gold,False,False
CUST-02389,Thomas Johnson,Female,29,2021-04-19,San Antonio,Australia,thomas.johnson2389@example.com,84453.19,170.04,Silver,False,False
CUST-02922,Nancy Wilson,Female,32,2024-12-19,Philadelphia,United Kingdom,nancy.wilson2922@example.com,78407.14,144.19,Silver,False,False
CUST-02406,Jessica Hernandez,Male,31,2022-12-20,Philadelphia,Canada,jessica.hernandez2406@example.com,61885.19,168.15,Gold,False,False
CUST-01393,Michael Jones,Female,41,2022-04-20,Philadelphia,Canada,michael.jones1393@example.com,79577.0,187.36,Bronze,False,False
CUST-00019,William Smith,Male,52,2021-07-26,Phoenix,Australia,william.smith19@example.com,50168.59,32.52,Silver,False,False
CUST-02455,Charles Brown,Female,43,2023-03-18,Austin,Canada,charles.brown2455@example.com,31527.3,136.0,Bronze,False,False
CUST-02524,Lisa Wilson,Female,44,2023-10-01,Los Angeles,USA,lisa.wilson2524@example.com,102939.41,298.43,Gold,False,False
CUST-02104,Jennifer Thomas,Female,42,2024-06-25,Chicago,Canada,jennifer.thomas2104@example.com,88803.39,255.29,Silver,False,False
CUST-01060,Nancy Anderson,Male,46,2023-08-20,San Antonio,Australia,nancy.anderson1060@example.com,65236.33,139.86,Silver,False,False
CUST-02637,Betty Brown,Male,24,2023-02-03,Dallas,Canada,betty.brown2637@example.com,28856.9,88.51,Gold,False,False
CUST-00579,Jessica Anderson,Female,68,2023-02-20,San Diego,Australia,jessica.anderson579@example.com,84436.52,229.56,Bronze,False,False
CUST-00965,Jessica Johnson,Male,46,2022-05-11,Chicago,United Kingdom,jessica.johnson965@example.com,25005.03,183.63,Gold,False,False
CUST-02675,Robert Anderson,Female,31,2022-02-25,Chicago,Australia,robert.anderson2675@example.com,17338.68,237.76,Bronze,False,False
CUST-00630,Mary Taylor,Female,40,2022-02-20,Philadelphia,USA,mary.taylor630@example.com,69832.98,142.82,Gold,False,False
CUST-02869,Mary Martin,Female,54,2021-12-05,Chicago,Australia,mary.martin2869@example.com,62498.81,123.06,Gold,False,False
CUST-01528,Susan Miller,Female,40,2021-02-06,Houston,Australia,susan.miller1528@example.com,71909.98,15.12,Bronze,False,False
CUST-02971,Karen Taylor,Male,41,2022-07-30,Los Angeles,USA,karen.taylor2971@example.com,82946.68,169.52,Gold,False,False
CUST-00287,John Hernandez,Female,41,2024-02-07,Austin,Canada,john.hernandez287@example.com,69580.47,209.97,Bronze,False,False
CUST-02561,Jennifer Martin,Male,57,2023-03-19,Houston,USA,jennifer.martin2561@example.com,64062.42,149.98,Bronze,False,False
CUST-00791,Elizabeth Taylor,Other,28,2022-09-14,Austin,United Kingdom,elizabeth.taylor@@example..com,61885.19,63.34,Gold,False,False
CUST-01900,James Hernandez,Male,16,2022-11-12,Philadelphia,USA,james.hernandez1900@example.com,52420.47,174.3,Gold,False,False
CUST-00279,Jennifer Smith,Female,47,2023-01-29,Chicago,United Kingdom,jennifer.smith279@example.com,54023.8,225.75,Silver,False,False
CUST-00676,Robert Lopez,Male,45,2021-05-20,Dallas,USA,robert.lopez676@example.com,78521.01,0.71,Bronze,False,False
CUST-00701,Richard Lopez,Male,17,2021-04-17,New York,USA,richard.lopez701@example.com,35200.79,190.69,Silver,False,False
CUST-00334,Susan Taylor,Female,27,2023-11-26,Houston,Australia,susan.taylor334@example.com,83591.84,101.62,Bronze,False,False
CUST-01157,Robert Moore,Female,40,2024-12-10,Chicago,United Kingdom,robert.moore1157@example.com,41150.81,166.04,Gold,False,False
CUST-00311,Nancy Martin,Female,32,,San Diego,Australia,nancy.martin311@example.com,68152.04,131.93,Gold,False,False
CUST-00105,Matthew Martinez,Female,47,2023-07-22,Houston,USA,matthew.martinez105@example.com,86794.76,198.37,Bronze,False,False
CUST-02559,Charles Martinez,Male,52,2023-02-11,Los Angeles,USA,charles.martinez2559@example.com,68511.36,176.42,Gold,False,False
CUST-01520,Elizabeth Williams,Female,20,2021-12-09,Dallas,Canada,elizabeth.williams1520@example.com,75810.93,67.15,Gold,False,False
CUST-01782,Daniel Jones,Male,39,2024-02-28,San Antonio,United Kingdom,daniel.jones1782@example.com,79491.53,132.25,Bronze,False,False
CUST-02310,James Davis,Female,29,2022-12-12,Philadelphia,Canada,james.davis2310@example.com,66136.46,105.59,Bronze,False,False
CUST-02122,Sarah Lopez,Female,55,2021-04-21,Philadelphia,Canada,sarah.lopez2122@example.com,69161.19,250.01,Bronze,False,False
CUST-00596,Nancy Rodriguez,Female,40,2023-11-01,San Antonio,Canada,nancy.rodriguez596@example.com,52391.46,27.2,Gold,False,False
CUST-01080,Nancy Taylor,Female,29,2024-08-19,San Antonio,Australia,nancy.taylor1080@example.com,60382.37,95.64,Bronze,False,False
CUST-00662,Sarah Martin,Male,40,2023-12-31,Phoenix,United Kingdom,sarah.martin662@example.com,68322.66,57.75,Bronze,False,False
CUST-00485,William Anderson,Male,36,2023-03-02,San Antonio,Canada,william.anderson485@example.com,78843.25,194.01,Gold,False,False
CUST-01698,William Williams,Female,16,2023-06-13,Chicago,Canada,william.williams1698@example.com,54815.23,188.43,Bronze,False,False
CUST-02698,Robert Taylor,Male,16,2021-11-01,San Antonio,United Kingdom,robert.taylor2698@example.com,88616.73,121.32,Gold,False,False
CUST-00181,William Garcia,Male,34,2022-03-02,Austin,Canada,william.garcia181@example.com,67421.48,162.12,Bronze,False,False
CUST-01507,Lisa Hernandez,Female,57,2024-08-01,Phoenix,Canada,lisa.hernandez1507@example.com,70510.23,217.72,Silver,False,False
CUST-00631,Robert Wilson,Male,46,2023-04-22,Philadelphia,USA,robert.wilson631@example.com,55222.15,38.82,Bronze,False,False
CUST-01960,Nancy Smith,Female,30,2023-02-14,Phoenix,USA,nancy.smith1960@example.com,56011.96,124.96,Gold,False,False
CUST-01970,Jessica Martinez,Male,37,2024-11-24,Chicago,United Kingdom,jessica.martinez1970@example.com,26542.13,196.42,Bronze,False,False
CUST-00634,Jennifer Brown,Male,44,2024-04-27,San Diego,Canada,jennifer.brown634@example.com,59775.05,-179.97,Bronze,True,True
CUST-00681,Daniel Gonzalez,Male,22,2023-09-08,Dallas,United Kingdom,daniel.gonzalez681@example.com,76848.67,265.27,Gold,False,False
CUST-02879,Sarah Martin,Male,38,2021-12-06,Chicago,Canada,sarah.martin2879@example.com,48316.11,150.06,Silver,False,False
CUST-01170,Linda Moore,Male,37,2023-07-02,Austin,USA,linda.moore1170@example.com,56306.47,137.29,Gold,False,False
CUST-01519,Karen Miller,Male,53,2022-12-16,Los Angeles,USA,karen.miller1519@example.com,55973.85,62.99,Gold,False,False
CUST-02723,David Lopez,Male,61,2024-11-26,San Antonio,United Kingdom,david.lopez2723@example.com,71149.06,20.98,Gold,False,False
CUST-00618,Joseph Garcia,Female,27,2021-09-21,Phoenix,United Kingdom,joseph.garcia618@example.com,39082.2,188.44,Gold,False,False
CUST-02043,Nancy Smith,Female,53,2023-01-09,San Antonio,United Kingdom,nancy.smith2043@example.com,70949.59,125.51,Bronze,False,False
CUST-00942,Mary Miller,Female,53,2022-04-17,Austin,Australia,mary.miller942@example.com,64473.05,85.22,Silver,False,False
CUST-01144,Jennifer Lopez,Male,72,2024-09-06,San Diego,USA,jennifer.lopez1144@example.com,64073.86,133.2,Silver,False,False
CUST-00885,Jessica Gonzalez,Female,47,2023-05-01,New York,Australia,jessica.gonzalez885@example.com,44938.51,227.27,Gold,False,False
CUST-00806,Joseph Williams,Male,31,2022-03-24,New York,Australia,joseph.williams806@example.com,57198.9,124.69,Silver,False,False
CUST-02161,Betty Jackson,Female,66,2023-03-13,Philadelphia,Australia,betty.jackson2161@example.com,91299.52,9.87,Gold,False,False
CUST-00488,Richard Taylor,Female,16,2022-03-15,Houston,United Kingdom,richard.taylor488@example.com,21501.55,183.76,Silver,False,False
CUST-01563,Thomas Lopez,Female,39,2023-08-30,Houston,Canada,thomas.lopez1563@example.com,104129.73,196.58,Gold,False,False
CUST-02036,Richard Taylor,Other,53,2023-01-11,Austin,Australia,richard.taylor2036@example.com,44526.68,164.78,Gold,False,False
CUST-00368,Jessica Jackson,Female,50,2023-07-10,Austin,United Kingdom,jessica.jackson368@example.com,66077.11,120.01,Bronze,False,False
CUST-01863,Jessica Williams,Female,43,2022-08-03,Los Angeles,United Kingdom,jessica.williams1863@example.com,60645.98,262.49,Silver,False,False
CUST-00404,Lisa Williams,Female,32,2022-04-19,Los Angeles,USA,lisa.williams404@example.com,83409.82,129.22,Gold,False,False
CUST-02112,Susan Hernandez,Female,42,2021-12-12,Chicago,United Kingdom,susan.hernandez2112@example.com,78619.79,253.06,Gold,False,False
CUST-01274,Matthew Moore,Male,30,,Houston,USA,matthew.moore1274@example.com,62900.18,122.23,Silver,False,False
CUST-00481,James Gonzalez,Other,40,2021-03-28,San Diego,USA,james.gonzalez481@example.com,48300.48,174.54,Gold,False,False
CUST-01748,Thomas Jones,Male,33,2022-11-17,San Antonio,United Kingdom,thomas.jones1748@example.com,90626.97,50.92,Bronze,False,False
CUST-00099,Joseph Gonzalez,Male,61,2024-03-05,Houston,Australia,joseph.gonzalez99@example.com,61885.19,1.99,Gold,False,False
CUST-00258,Elizabeth Thomas,Male,30,2022-12-21,Phoenix,USA,elizabeth.thomas258@example.com,52851.76,204.95,Bronze,False,False
CUST-00322,Joseph Thomas,Female,43,2023-04-01,San Diego,USA,joseph.thomas322@example.com,55054.12,256.96,Silver,False,False
CUST-00333,Jessica Rodriguez,Other,28,2023-09-23,Dallas,USA,jessica.rodriguez333@example.com,66179.17,265.88,Gold,False,False
CUST-01833,Michael Hernandez,Male,51,2023-06-02,Chicago,Canada,michael.hernandez1833@example.com,59185.08,39.19,Bronze,False,False
CUST-00738,Michael Rodriguez,Other,51,2022-01-16,Philadelphia,Canada,michael.rodriguez738@example.com,31834.89,124.32,Bronze,False,False
CUST-01010,Betty Jackson,Female,29,2023-11-10,Austin,Canada,betty.jackson1010@example.com,60763.04,132.28,Gold,False,False
CUST-00832,David Thomas,Female,50,2021-11-11,Austin,USA,david.thomas832@example.com,72087.18,170.35,Bronze,False,False
CUST-02222,Matthew Moore,Female,40,2022-10-14,Chicago,United Kingdom,matthew.moore2222@example.com,66111.06,111.28,Gold,False,False
CUST-01485,Sarah Jones,Female,31,2023-03-23,Chicago,Australia,,91312.07,200.29,Silver,False,False
CUST-00715,Joseph Jones,Female,26,2022-06-18,Houston,Canada,joseph.jones715@example.com,62401.88,8.43,Bronze,False,False
CUST-02703,Betty Moore,Male,39,,Dallas,Australia,betty.moore2703@example.com,72042.17,29.16,Bronze,False,False
CUST-01591,Jennifer Martinez,Male,46,2022-08-22,Los Angeles,USA,jennifer.martinez1591@example.com,20050.7,288.29,Bronze,False,False
CUST-02204,Susan Smith,Male,42,2023-01-15,Chicago,United Kingdom,susan.smith2204@example.com,44327.48,122.71,Gold,False,False
CUST-00771,Richard Anderson,Female,30,2022-07-16,San Antonio,Canada,richard.anderson771@example.com,61908.47,182.16,Bronze,False,False
CUST-01877,Thomas Lopez,Male,49,2022-07-18,Chicago,Canada,thomas.lopez@@example..com,59529.08,39.53,Bronze,False,False
CUST-01303,John Rodriguez,Female,40,2021-01-23,Dallas,Australia,john.rodriguez1303@example.com,92500.96,68.79,Gold,False,False
CUST-01295,Joseph Martinez,Male,51,2023-02-04,Dallas,Australia,joseph.martinez1295@example.com,62263.38,239.87,Gold,False,False
CUST-00250,James Martinez,Male,23,2024-01-28,Houston,United Kingdom,james.martinez250@example.com,60430.9,274.35,Gold,False,False
CUST-01192,William Davis,Male,31,2022-05-27,Austin,Australia,william.davis1192@example.com,61885.19,189.05,Silver,False,False
CUST-02058,Daniel Brown,Male,50,2023-05-03,New York,Australia,daniel.brown2058@example.com,78770.29,142.24,Silver,False,False
CUST-02219,William Hernandez,Female,34,2021-12-06,New York,United Kingdom,william.hernandez2219@example.com,41682.72,144.19,Gold,False,False
CUST-01195,Karen Martinez,Female,54,2024-01-31,San Antonio,Australia,karen.martinez1195@example.com,76816.02,143.8,Gold,False,False
CUST-00412,Robert Taylor,Female,28,2021-07-12,Los Angeles,USA,robert.taylor412@example.com,87315.11,93.83,Bronze,False,False
CUST-02077,Betty Martin,Female,47,2021-10-13,Phoenix,USA,betty.martin2077@example.com,95654.38,154.43,Bronze,False,False
CUST-00109,Joseph Jones,Female,44,2022-08-04,Los Angeles,USA,joseph.jones109@example.com,83012.25,221.85,Gold,False,False
CUST-02184,Nancy Hernandez,Female,51,2023-07-25,San Antonio,Australia,nancy.hernandez2184@example.com,77053.66,121.63,Gold,False,False
CUST-00423,Robert Taylor,Male,46,,San Diego,Canada,robert.taylor423@example.com,31969.16,72.47,Gold,False,False
CUST-00934,Thomas Williams,Male,16,2021-07-21,San Diego,Australia,thomas.williams934@example.com,86640.0,210.16,Gold,False,False
CUST-00088,Michael Martin,Female,22,2022-01-30,New York,Canada,michael.martin88@example.com,14591.68,330.57,Gold,False,False
CUST-00992,James Anderson,Female,49,2022-03-18,Los Angeles,USA,james.anderson992@example.com,51077.61,70.71,Gold,False,False
CUST-00340,Jessica Rodriguez,Female,25,2022-11-06,Austin,USA,jessica.rodriguez340@example.com,88922.66,136.85,Gold,False,False
CUST-00990,Charles Anderson,Male,39,2021-04-12,New York,Canada,charles.anderson990@example.com,22330.43,177.51,Gold,False,False
CUST-02640,Patricia Jackson,Male,26,2023-08-25,New York,USA,patricia.jackson2640@example.com,58404.78,157.21,Gold,False,False
CUST-01298,Joseph Hernandez,Male,42,,Phoenix,Australia,joseph.hernandez1298@example.com,65218.94,166.63,Silver,False,False
CUST-01373,Michael Lopez,Other,28,2023-04-14,Phoenix,USA,michael.lopez1373@example.com,95931.4,-177.97,Bronze,True,True
CUST-01306,Joseph Johnson,Female,49,2023-11-02,San Diego,Canada,joseph.johnson1306@example.com,56832.9,189.9,Bronze,False,False
CUST-02969,Thomas Miller,Male,34,2021-05-11,Phoenix,United Kingdom,,69254.57,143.8,Silver,False,False
CUST-00868,Lisa Anderson,Female,63,2023-08-21,Philadelphia,United Kingdom,lisa.anderson868@example.com,39476.24,100.77,Bronze,False,False
CUST-01397,Elizabeth Garcia,Female,35,2023-11-25,Dallas,United Kingdom,elizabeth.garcia1397@example.com,59288.38,166.33,Gold,False,False
CUST-02202,Elizabeth Thomas,Other,35,2022-05-21,Dallas,United Kingdom,elizabeth.thomas2202@example.com,81882.44,40.25,Gold,False,False
CUST-01913,Daniel Martin,Female,41,2023-04-27,Austin,Australia,daniel.martin1913@example.com,87277.36,114.62,Gold,False,False
CUST-02872,Elizabeth Thomas,Male,23,2023-06-24,Houston,USA,elizabeth.thomas2872@example.com,68025.99,27.66,Gold,False,False
CUST-01099,Joseph Gonzalez,Male,16,2022-12-07,Phoenix,Australia,joseph.gonzalez1099@example.com,50312.38,161.33,Silver,False,False
CUST-01123,Matthew Miller,Male,20,2024-05-15,San Antonio,USA,matthew.miller1123@example.com,92244.23,253.78,Silver,False,False
CUST-01622,Robert Anderson,Male,16,,Phoenix,Canada,robert.anderson1622@example.com,47297.16,172.57,Silver,False,False
CUST-02160,William Miller,Male,47,2023-10-07,Austin,Canada,william.miller2160@example.com,40929.02,154.97,Bronze,False,False
CUST-02255,Linda Brown,Male,40,2022-02-09,Austin,USA,linda.brown2255@example.com,58505.44,267.74,Silver,False,False
CUST-02502,Karen Rodriguez,Male,52,2024-07-21,Chicago,USA,karen.rodriguez2502@example.com,88754.37,276.53,Gold,False,False
CUST-01770,Thomas Moore,Female,23,2023-04-10,Houston,Canada,thomas.moore1770@example.com,38450.0,120.02,Gold,False,False
CUST-02646,Susan Lopez,Female,43,2023-11-01,Houston,United Kingdom,susan.lopez2646@example.com,78176.61,160.68,Gold,False,False
CUST-02783,William Martinez,Male,18,2022-03-23,San Antonio,USA,william.martinez2783@example.com,56648.7,200.99,Gold,False,False
CUST-01819,Jessica Rodriguez,Female,53,2022-03-09,New York,United Kingdom,jessica.rodriguez1819@example.com,26125.12,140.05,Bronze,False,False
CUST-02862,Michael Brown,Female,16,,Dallas,Australia,,79573.94,-239.21,Silver,True,True
CUST-01255,William Wilson,Male,49,2021-09-06,Austin,USA,william.wilson1255@example.com,54987.05,155.44,Silver,False,False
CUST-02955,Patricia Garcia,Male,30,2021-08-12,Los Angeles,United Kingdom,patricia.garcia2955@example.com,38054.03,294.24,Silver,False,False
CUST-00720,Nancy Thomas,Other,44,2024-12-17,New York,Canada,nancy.thomas720@example.com,57847.53,79.88,Silver,False,False
CUST-00839,William Wilson,Male,30,2021-03-08,Phoenix,Canada,william.wilson839@example.com,57549.69,69.47,Gold,False,False
CUST-02988,Betty Garcia,Female,23,2021-05-09,New York,Australia,betty.garcia2988@example.com,73357.14,73.61,Silver,False,False
CUST-01808,Karen Smith,Female,39,2023-08-18,New York,Australia,karen.smith1808@example.com,28810.42,120.93,Gold,False,False
CUST-00723,Jennifer Thomas,Male,38,2021-10-20,Houston,United Kingdom,jennifer.thomas723@example.com,58877.37,319.94,Bronze,False,False
CUST-01814,Robert Martinez,Male,39,2024-09-09,New York,Australia,robert.martinez1814@example.com,64007.96,57.78,Bronze,False,False
CUST-00176,Karen Martinez,Male,43,2023-09-05,Philadelphia,Canada,karen.martinez176@example.com,74407.42,222.35,Silver,False,False
CUST-01784,Richard Wilson,Male,53,2022-02-13,Phoenix,United Kingdom,richard.wilson1784@example.com,114902.84,130.76,Bronze,False,False
CUST-00210,Joseph Taylor,Other,40,2024-09-11,New York,USA,joseph.taylor210@example.com,65087.06,144.19,Silver,False,False
CUST-02273,Robert Garcia,Female,72,2023-03-12,Chicago,USA,robert.garcia2273@example.com,49180.32,110.21,Bronze,False,False
CUST-00432,Susan Johnson,Other,44,2024-05-01,Philadelphia,Canada,susan.johnson432@example.com,47302.22,174.16,Silver,False,False
CUST-01136,Thomas Jackson,Female,20,2022-09-02,Austin,Australia,thomas.jackson1136@example.com,28164.2,113.16,Silver,False,False
CUST-01832,Susan Wilson,Male,36,2021-01-01,Los Angeles,Canada,susan.wilson1832@example.com,53468.69,10.96,Silver,False,False
CUST-02604,Mary Davis,Male,30,2021-02-02,Phoenix,United Kingdom,mary.davis2604@example.com,36031.8,156.89,Silver,False,False
CUST-01066,Lisa Garcia,Male,29,2024-07-16,New York,USA,lisa.garcia1066@example.com,54559.59,183.75,Silver,False,False
CUST-01987,Jennifer Gonzalez,Female,40,2022-04-02,New York,United Kingdom,jennifer.gonzalez1987@example.com,60980.18,264.51,Bronze,False,False
CUST-00226,Jessica Anderson,Male,34,2024-08-20,New York,Canada,jessica.anderson226@example.com,58342.72,144.19,Bronze,False,False
CUST-01574,Linda Smith,Male,47,2024-01-23,Chicago,Australia,,57552.71,68.08,Silver,False,False
CUST-00071,Sarah Taylor,Male,16,2023-04-29,Houston,Australia,sarah.taylor71@example.com,58533.5,66.29,Silver,False,False
CUST-02436,Richard Rodriguez,Female,38,2024-06-19,Philadelphia,USA,richard.rodriguez2436@example.com,49547.68,91.71,Silver,False,False
CUST-02972,Matthew Martin,Female,54,2024-08-05,Chicago,Canada,matthew.martin2972@example.com,51744.06,116.4,Gold,False,False
CUST-02130,Daniel Johnson,Female,22,2024-12-08,Phoenix,USA,daniel.johnson2130@example.com,41564.27,141.6,Bronze,False,False
CUST-00006,David Anderson,Male,58,2024-05-10,Dallas,Canada,david.anderson6@example.com,40860.04,31.44,Silver,False,False
CUST-02491,Karen Moore,Other,35,2024-12-08,San Diego,USA,karen.moore2491@example.com,28696.97,250.46,Bronze,False,False
CUST-01085,James Jackson,Female,32,2023-07-25,New York,United Kingdom,james.jackson1085@example.com,33655.36,47.99,Gold,False,False
CUST-00895,Matthew Wilson,Female,42,2021-01-11,Chicago,Canada,matthew.wilson895@example.com,70153.1,240.15,Bronze,False,False
CUST-01905,Linda Smith,Female,29,2022-01-16,Phoenix,United Kingdom,linda.smith1905@example.com,60039.27,13.33,Gold,False,False
CUST-02678,Betty Williams,Male,31,2022-01-20,Houston,United Kingdom,betty.williams2678@example.com,61558.88,303.64,Gold,False,False
CUST-01375,Robert Rodriguez,Female,18,2022-07-02,Los Angeles,Canada,robert.rodriguez1375@example.com,41227.0,300.6,Gold,False,False
CUST-02932,Michael Anderson,Male,16,2022-03-02,Houston,USA,michael.anderson2932@example.com,84294.49,197.13,Gold,False,False
CUST-01096,Richard Johnson,Male,51,2021-02-25,San Diego,USA,richard.johnson1096@example.com,71607.27,118.17,Bronze,False,False
CUST-00906,Jessica Wilson,Female,51,2023-05-12,New York,United Kingdom,jessica.wilson906@example.com,93167.12,226.15,Gold,False,False
CUST-00981,Sarah Moore,,36,2022-06-22,San Antonio,United Kingdom,sarah.moore981@example.com,63702.11,333.54,Gold,False,False
CUST-00022,John Gonzalez,Male,37,2024-09-28,Phoenix,Canada,john.gonzalez22@example.com,35147.98,117.04,Silver,False,False
CUST-02203,Daniel Anderson,Male,36,2023-06-05,Chicago,Australia,daniel.anderson2203@example.com,53917.74,161.53,Gold,False,False
CUST-02304,Charles Rodriguez,Female,20,2023-05-07,Los Angeles,United Kingdom,,66039.19,27.97,Bronze,False,False
CUST-02851,Robert Johnson,Male,39,2022-06-29,Philadelphia,Canada,robert.johnson2851@example.com,73994.22,213.78,Silver,False,False
CUST-01206,Robert Martinez,Female,43,2021-09-22,San Diego,Canada,robert.martinez1206@example.com,63278.86,132.02,Gold,False,False
CUST-01859,Patricia Anderson,Male,55,2022-03-31,Philadelphia,United Kingdom,patricia.anderson1859@example.com,64441.96,111.05,Bronze,False,False
CUST-01641,Sarah Miller,Male,37,2022-07-07,Chicago,Australia,sarah.miller1641@example.com,67796.38,120.08,Bronze,False,False
CUST-00153,Matthew Wilson,Female,75,2022-02-14,San Antonio,Canada,matthew.wilson153@example.com,56297.19,-270.02,Bronze,True,True
CUST-00283,Jennifer Lopez,Male,66,2022-01-05,San Diego,United Kingdom,jennifer.lopez283@example.com,68833.62,188.43,Gold,False,False
CUST-00151,Michael Jones,Male,56,2021-08-12,Dallas,United Kingdom,michael.jones151@example.com,48208.07,191.84,Silver,False,False
CUST-02888,John Smith,Female,45,2023-02-08,San Diego,Canada,john.smith2888@example.com,63803.37,34.84,Gold,False,False
CUST-02102,Joseph Smith,Female,34,2022-11-02,Austin,Australia,joseph.smith2102@example.com,78814.56,27.48,Gold,False,False
CUST-01848,Karen Wilson,Female,35,2024-10-18,Chicago,USA,karen.wilson1848@example.com,53599.39,142.5,Bronze,False,False
CUST-01851,Betty Martin,Male,34,2024-05-17,San Diego,Canada,betty.martin1851@example.com,44050.94,24.38,Silver,False,False
CUST-01289,Mary Jackson,Female,39,2023-05-10,Austin,Australia,mary.jackson1289@example.com,79222.66,200.71,Gold,False,False
CUST-02081,Michael Hernandez,Female,29,2021-09-29,New York,Canada,michael.hernandez2081@example.com,36145.64,122.98,Gold,False,False
CUST-00399,Elizabeth Rodriguez,Male,17,2022-05-27,San Antonio,Canada,elizabeth.rodriguez399@example.com,28710.75,89.03,Gold,False,False
CUST-02286,Susan Jackson,Female,28,2022-11-11,Dallas,Canada,susan.jackson2286@example.com,36228.45,142.46,Gold,False,False
CUST-01147,Richard Moore,Female,34,2024-12-16,Chicago,Canada,richard.moore1147@example.com,40880.02,307.93,Gold,False,False
CUST-02916,Karen Martinez,Male,32,2022-08-28,Houston,Canada,karen.martinez2916@example.com,76243.49,124.35,Gold,False,False
CUST-01287,Jessica Smith,Male,67,2022-03-29,San Diego,Canada,jessica.smith1287@example.com,69149.65,184.32,Gold,False,False
CUST-01943,Joseph Gonzalez,Female,58,2023-09-21,Austin,Australia,joseph.gonzalez@@example..com,53645.99,92.26,Gold,False,False
CUST-00544,John Jackson,Female,51,,Austin,Canada,john.jackson544@example.com,55709.83,68.91,Bronze,False,False
CUST-01958,Richard Williams,Female,38,2024-02-26,Chicago,Australia,richard.williams1958@example.com,39395.83,87.56,Bronze,False,False
CUST-02282,Charles Smith,Female,26,2023-09-30,Austin,United Kingdom,charles.smith2282@example.com,75223.23,62.09,Gold,False,False
CUST-00255,David Wilson,Male,34,2023-03-06,Austin,United Kingdom,,65279.52,155.54,Bronze,False,False
CUST-01547,William Wilson,Female,59,2022-05-26,San Antonio,United Kingdom,william.wilson1547@example.com,71047.33,8.03,Silver,False,False
CUST-02555,Jessica Taylor,Female,44,2023-10-06,New York,United Kingdom,jessica.taylor2555@example.com,15238.51,154.91,Bronze,False,False
CUST-01331,Robert Johnson,Male,22,2024-06-20,Austin,United Kingdom,robert.johnson1331@example.com,51107.21,135.03,Gold,False,False
CUST-02626,Nancy Garcia,Male,36,2022-02-19,Philadelphia,Canada,nancy.garcia2626@example.com,60484.63,164.9,Gold,False,False
CUST-02762,Thomas Hernandez,Male,24,2024-02-08,Phoenix,Canada,thomas.hernandez2762@example.com,53287.47,158.09,Silver,False,False
CUST-02711,Susan Anderson,Female,34,2022-01-18,San Diego,Australia,susan.anderson2711@example.com,73633.23,331.21,Silver,False,False
CUST-01211,Betty Williams,Female,19,2023-03-24,Phoenix,Canada,betty.williams1211@example.com,47839.0,110.38,Gold,False,False
CUST-00059,Robert Martinez,Male,28,2021-08-05,Phoenix,USA,robert.martinez59@example.com,80556.36,186.52,Gold,False,False
CUST-02614,David Davis,Male,51,2023-06-11,San Diego,United Kingdom,david.davis2614@example.com,41872.54,108.21,Gold,False,False
CUST-00560,Jessica Lopez,Male,39,2023-09-25,Austin,United Kingdom,jessica.lopez560@example.com,16636.11,161.58,Gold,False,False
CUST-00717,Jessica Johnson,Female,32,2022-07-17,New York,Australia,jessica.johnson717@example.com,28256.38,32.69,Gold,False,False
CUST-02812,Joseph Johnson,Female,29,2023-09-04,San Antonio,Australia,joseph.johnson2812@example.com,69701.46,45.05,Gold,False,False
CUST-02974,John Hernandez,Male,49,2021-11-10,Austin,Australia,john.hernandez2974@example.com,31733.21,213.0,Gold,False,False
CUST-01553,Joseph Jones,Female,29,2021-07-21,Phoenix,USA,joseph.jones1553@example.com,108713.45,120.42,Bronze,False,False
CUST-00687,Thomas Martin,Male,54,2022-11-02,Philadelphia,USA,thomas.martin687@example.com,48022.14,147.5,Gold,False,False
CUST-00272,Linda Lopez,Female,20,,Chicago,Canada,linda.lopez272@example.com,37905.8,157.92,Silver,False,False
CUST-02334,Linda Rodriguez,Male,54,2023-12-22,Houston,Australia,linda.rodriguez2334@example.com,67628.11,186.25,Bronze,False,False
CUST-01700,Robert Anderson,Female,35,2023-08-09,Austin,Canada,robert.anderson1700@example.com,59129.61,189.52,Gold,False,False
CUST-01893,Patricia Martin,Female,29,2022-10-17,Houston,Australia,,30112.63,115.94,Gold,False,False
CUST-00452,Linda Jackson,Male,44,2022-05-29,Phoenix,Canada,linda.jackson452@example.com,25265.99,250.77,Gold,False,False
CUST-02981,Thomas Brown,Female,37,2023-10-10,New York,Canada,thomas.brown2981@example.com,54711.92,11.36,Silver,False,False
CUST-00589,David Anderson,Female,48,2023-10-10,New York,United Kingdom,david.anderson589@example.com,999999999.0,141.0,Silver,True,False
CUST-01319,Nancy Rodriguez,Female,47,,New York,United Kingdom,nancy.rodriguez1319@example.com,82253.65,298.84,Gold,False,False
CUST-01531,Thomas Brown,Female,49,2022-07-27,Houston,Canada,thomas.brown1531@example.com,38789.28,388.02,Bronze,True,False
CUST-02372,Jennifer Brown,Male,35,2021-02-17,San Antonio,Australia,jennifer.brown2372@example.com,99120.78,52.25,Silver,False,False
CUST-00940,James Hernandez,Female,46,2023-09-03,Philadelphia,Australia,james.hernandez940@example.com,67629.19,6.48,Silver,False,False
CUST-02787,Robert Rodriguez,Female,63,2024-12-30,Philadelphia,USA,robert.rodriguez2787@example.com,45433.89,261.41,Bronze,False,False
CUST-01656,Patricia Miller,Female,48,2024-05-02,Phoenix,Australia,patricia.miller1656@example.com,73064.31,278.72,Silver,False,False
CUST-02791,Robert Brown,Female,72,2022-04-06,San Antonio,Canada,robert.brown2791@example.com,75183.88,2.36,Gold,False,False
CUST-01134,Patricia Garcia,Male,58,2022-05-29,Chicago,Canada,patricia.garcia1134@example.com,17990.9,197.62,Bronze,False,False
CUST-01440,Daniel Gonzalez,Male,65,2022-07-16,Dallas,United Kingdom,daniel.gonzalez1440@example.com,69775.21,134.11,Bronze,False,False
CUST-00143,Jennifer Gonzalez,Female,22,,Chicago,United Kingdom,jennifer.gonzalez143@example.com,99309.81,6.81,Bronze,False,False
CUST-02834,Joseph Hernandez,Female,54,2024-09-15,Chicago,Canada,joseph.hernandez2834@example.com,97867.92,84.86,Gold,False,False
CUST-02070,Betty Jones,Male,18,2021-07-08,Chicago,United Kingdom,betty.jones2070@example.com,56414.97,126.11,Gold,False,False
CUST-02966,Patricia Garcia,Male,38,2024-11-27,Phoenix,United Kingdom,patricia.garcia2966@example.com,50229.33,254.92,Bronze,False,False
CUST-01599,Matthew Smith,Female,62,2024-11-03,Philadelphia,Canada,matthew.smith1599@example.com,61719.53,174.84,Bronze,False,False
CUST-00186,Richard Brown,Female,33,2021-11-20,Chicago,United Kingdom,richard.brown186@example.com,56933.69,147.97,Gold,False,False
CUST-01183,Betty Johnson,Male,55,2024-10-13,Houston,Australia,betty.johnson1183@example.com,31570.7,139.66,Silver,False,False
CUST-00789,Patricia Gonzalez,Male,39,2021-04-28,San Antonio,United Kingdom,patricia.gonzalez789@example.com,61885.19,256.92,Bronze,False,False
CUST-01734,James Jackson,Male,58,2024-08-07,Phoenix,USA,james.jackson1734@example.com,72935.6,154.64,Silver,False,False
CUST-01338,Joseph Williams,,40,2024-02-15,Los Angeles,USA,joseph.williams1338@example.com,70998.08,94.78,Silver,False,False
CUST-02921,John Miller,Male,64,2022-12-15,New York,USA,john.miller2921@example.com,72783.32,133.9,Bronze,False,False
CUST-01738,Karen Brown,Male,50,2022-02-20,Philadelphia,Australia,karen.brown1738@example.com,90776.39,141.12,Bronze,False,False
CUST-01778,Mary Anderson,Female,56,2021-08-02,New York,USA,mary.anderson1778@example.com,24666.57,131.42,Gold,False,False
CUST-00892,Thomas Moore,Female,44,2023-02-05,San Diego,United Kingdom,thomas.moore892@example.com,61836.29,130.18,Silver,False,False
CUST-01918,Jessica Martin,Female,53,2022-09-29,Austin,Canada,jessica.martin1918@example.com,83628.29,330.41,Bronze,False,False
CUST-01907,Lisa Johnson,Male,39,2024-03-08,Austin,Australia,lisa.johnson1907@example.com,45685.7,151.71,Gold,False,False
CUST-01133,Linda Johnson,Other,56,2024-10-07,Los Angeles,Canada,linda.johnson1133@example.com,51921.01,246.27,Bronze,False,False
CUST-00864,Betty Jackson,Female,33,2024-07-02,San Diego,USA,betty.jackson864@example.com,16729.06,118.32,Gold,False,False
CUST-02492,Susan Smith,Female,39,2022-10-02,New York,Canada,susan.smith2492@example.com,57224.83,335.25,Gold,False,False
CUST-02001,Lisa Gonzalez,Female,40,2024-02-29,New York,United Kingdom,,78360.96,117.5,Gold,False,False
CUST-02429,Linda Johnson,Other,31,2024-09-26,Dallas,USA,linda.johnson2429@example.com,63849.44,66.98,Gold,False,False
CUST-00193,David Martinez,Female,29,2023-03-24,Houston,USA,,37072.34,105.72,Bronze,False,False
CUST-01691,Richard Jones,Male,50,2024-12-27,San Diego,Australia,richard.jones1691@example.com,27326.45,111.08,Gold,False,False
CUST-00205,David Rodriguez,Female,36,2023-08-15,Philadelphia,Australia,david.rodriguez205@example.com,89844.98,58.78,Silver,False,False
CUST-02136,Matthew Johnson,Male,62,,Chicago,Canada,matthew.johnson2136@example.com,34610.38,233.59,Silver,False,False
CUST-00869,Robert Hernandez,Other,49,2024-07-05,Los Angeles,United Kingdom,robert.hernandez869@example.com,80738.73,192.21,Bronze,False,False
CUST-02025,Karen Thomas,Female,53,2023-03-22,Dallas,USA,karen.thomas2025@example.com,61885.19,250.68,Gold,False,False
CUST-00587,Michael Smith,Male,57,2024-10-28,San Diego,Canada,michael.smith587@example.com,91302.2,149.25,Gold,False,False
CUST-02121,David Davis,Female,18,2024-11-07,Chicago,Australia,david.davis2121@example.com,61885.19,197.51,Bronze,False,False
CUST-01001,Elizabeth Johnson,Male,49,2022-08-28,Austin,Australia,elizabeth.johnson1001@example.com,53839.71,5.48,Silver,False,False
CUST-00850,Thomas Martin,Male,28,2024-05-30,Los Angeles,USA,thomas.martin850@example.com,72514.35,72.23,Silver,False,False
CUST-02166,Richard Davis,Other,58,2021-08-12,San Antonio,Australia,richard.davis2166@example.com,23696.82,233.53,Silver,False,False
CUST-02047,Karen Wilson,Male,16,2022-12-08,San Antonio,Australia,karen.wilson2047@example.com,41781.78,147.51,Gold,False,False
CUST-02416,Mary Taylor,Female,53,2022-07-20,Phoenix,Canada,mary.taylor2416@example.com,79774.05,214.87,Bronze,False,False
CUST-00977,James Williams,Male,16,2024-11-25,Los Angeles,Canada,james.williams977@example.com,94014.9,288.4,Gold,False,False
CUST-01839,Sarah Davis,Female,34,2021-01-22,San Antonio,USA,sarah.davis1839@example.com,55038.84,211.3,Bronze,False,False
CUST-01184,Michael Smith,Male,62,2023-09-07,Philadelphia,United Kingdom,michael.smith1184@example.com,106218.4,298.48,Bronze,False,False
CUST-02450,Joseph Wilson,Female,57,2024-01-02,Houston,Canada,joseph.wilson2450@example.com,72398.48,33.6,Bronze,False,False
CUST-02564,Susan Taylor,Male,35,2023-04-26,Dallas,USA,susan.taylor2564@example.com,59647.29,92.61,Gold,False,False
CUST-02615,William Martin,Male,36,2023-01-13,San Diego,United Kingdom,,42560.19,24.8,Gold,False,False
CUST-01988,Charles Jones,Male,16,,Houston,USA,charles.jones1988@example.com,98079.08,75.31,Silver,False,False
CUST-00682,Susan Johnson,Female,28,2021-04-26,Philadelphia,United Kingdom,susan.johnson682@example.com,68230.03,75.31,Gold,False,False
CUST-00393,Sarah Hernandez,Female,48,2024-03-23,San Diego,United Kingdom,sarah.hernandez393@example.com,54468.64,366.2,Silver,False,False
CUST-01726,David Davis,Female,49,2022-06-28,Philadelphia,Canada,david.davis1726@example.com,24643.74,223.24,Gold,False,False
CUST-02656,Sarah Brown,Female,40,2024-12-19,Austin,USA,,110052.42,69.5,Gold,False,False
CUST-00688,Susan Martinez,Female,25,2024-01-31,Chicago,United Kingdom,susan.martinez688@example.com,59645.07,144.19,Gold,False,False
CUST-02012,Nancy Brown,Male,31,2024-05-07,New York,Canada,nancy.brown2012@example.com,60133.48,67.65,Silver,False,False
CUST-02052,William Martin,Other,40,2024-01-08,San Diego,Canada,william.martin2052@example.com,68591.67,131.3,Silver,False,False
CUST-01427,William Garcia,Female,70,2021-09-20,Chicago,USA,william.garcia1427@example.com,46893.22,136.37,Bronze,False,False
CUST-00118,Nancy Johnson,Male,20,2021-02-06,Dallas,United Kingdom,nancy.johnson118@example.com,64111.33,208.6,Silver,False,False
CUST-01767,Linda Gonzalez,Female,36,2023-07-22,Philadelphia,Canada,linda.gonzalez1767@example.com,43030.38,125.74,Gold,False,False
CUST-00491,Matthew Gonzalez,Male,24,2023-09-18,Philadelphia,Australia,matthew.gonzalez491@example.com,81615.74,103.92,Silver,False,False
CUST-02611,Elizabeth Martin,Female,27,2024-04-22,Philadelphia,Canada,,73190.44,236.5,Bronze,False,False
CUST-01763,Elizabeth Taylor,Male,25,2024-04-13,Phoenix,United Kingdom,,52220.85,185.24,Silver,False,False
CUST-00580,Sarah Martin,,41,2022-12-03,Dallas,United Kingdom,sarah.martin580@example.com,57020.99,116.77,Bronze,False,False
CUST-00103,Sarah Wilson,Female,64,2023-01-22,San Antonio,United Kingdom,sarah.wilson103@example.com,90901.36,215.64,Gold,False,False
CUST-00640,Lisa Hernandez,Male,40,,Los Angeles,Australia,lisa.hernandez640@example.com,49565.26,270.36,Silver,False,False
CUST-01125,Richard Williams,Female,16,2022-12-23,Phoenix,United Kingdom,richard.williams1125@example.com,36177.37,87.5,Bronze,False,False
CUST-00487,Nancy Williams,Male,41,2021-09-11,Dallas,Australia,nancy.williams487@example.com,29461.3,164.83,Bronze,False,False
CUST-00069,Robert Garcia,Male,60,2023-04-12,San Diego,Australia,robert.garcia69@example.com,61851.15,58.51,Gold,False,False
CUST-00063,Thomas Taylor,Female,31,2022-08-27,San Diego,USA,,82863.46,146.96,Gold,False,False
CUST-00419,Michael Rodriguez,Male,68,2021-10-03,Houston,United Kingdom,michael.rodriguez419@example.com,999999999.0,0.15,Bronze,True,False
CUST-02901,Richard Smith,Male,74,2022-01-06,San Diego,Canada,richard.smith2901@example.com,104207.96,102.96,Gold,False,False
CUST-02558,David Hernandez,Male,64,2021-03-14,Dallas,USA,david.hernandez2558@example.com,76158.29,201.94,Silver,False,False
CUST-02691,Mary Hernandez,Female,32,2021-05-31,Chicago,Canada,mary.hernandez2691@example.com,57031.0,96.23,Gold,False,False
CUST-01588,Daniel Jackson,Male,59,2022-08-13,San Antonio,Canada,daniel.jackson1588@example.com,50376.15,201.43,Bronze,False,False
CUST-00289,Michael Lopez,Male,37,2024-12-21,Dallas,USA,,62100.78,301.99,Silver,False,False
CUST-00369,Susan Martin,Female,30,2023-03-02,Phoenix,Canada,susan.martin369@example.com,90594.28,117.47,Silver,False,False
CUST-00295,Karen Brown,Female,41,2023-11-27,Phoenix,United Kingdom,karen.brown295@example.com,82092.91,27.58,Silver,False,False
CUST-00585,John Anderson,Female,16,2021-10-04,San Antonio,USA,john.anderson585@example.com,52919.5,262.51,Silver,False,False
CUST-01672,Nancy Moore,Male,42,2021-04-16,Philadelphia,Australia,nancy.moore1672@example.com,51734.38,279.69,Gold,False,False
CUST-00254,Jennifer Lopez,Male,22,2022-09-19,Dallas,USA,jennifer.lopez254@example.com,61885.19,88.01,Bronze,False,False
CUST-02677,Elizabeth Rodriguez,Male,49,2021-01-09,San Antonio,United Kingdom,elizabeth.rodriguez2677@example.com,80481.51,73.46,Bronze,False,False
CUST-00140,Nancy Johnson,Female,18,2024-08-25,New York,Australia,nancy.johnson140@example.com,54726.61,130.47,Bronze,False,False
CUST-00486,Jessica Hernandez,Female,47,2022-12-15,New York,Australia,jessica.hernandez486@example.com,66102.46,147.33,Bronze,False,False
CUST-01173,David Anderson,Female,16,2023-03-09,Philadelphia,Australia,david.anderson1173@example.com,36813.88,336.86,Bronze,False,False
CUST-02567,Elizabeth Davis,Female,45,2024-09-20,Austin,United Kingdom,elizabeth.davis2567@example.com,47834.44,22.09,Gold,False,False
CUST-02149,Lisa Jones,Female,36,2022-03-08,San Antonio,Australia,lisa.jones2149@example.com,97569.5,211.09,Silver,False,False
CUST-00380,Patricia Gonzalez,Female,52,2024-02-17,Los Angeles,Canada,patricia.gonzalez@@example..com,44403.16,34.34,Gold,False,False
CUST-01693,Thomas Taylor,Male,45,2023-07-20,New York,Australia,thomas.taylor1693@example.com,120276.99,1.43,Silver,True,False
CUST-00731,Robert Wilson,Female,46,2021-03-06,Los Angeles,USA,robert.wilson731@example.com,28718.21,112.1,Bronze,False,False
CUST-00576,Robert Martin,Female,59,2021-09-03,Los Angeles,United Kingdom,robert.martin576@example.com,65358.92,53.91,Silver,False,False
CUST-00508,Thomas Lopez,Female,29,2021-08-28,Houston,United Kingdom,thomas.lopez508@example.com,38171.3,144.19,Bronze,False,False
CUST-02379,Michael Brown,Male,48,2021-03-26,Dallas,USA,michael.brown2379@example.com,68320.89,85.78,Gold,False,False
CUST-02931,Jessica Martin,Female,27,2023-08-31,Houston,Australia,jessica.martin2931@example.com,59890.18,162.25,Bronze,False,False
CUST-00939,Betty Anderson,Male,40,2022-09-02,Los Angeles,United Kingdom,betty.anderson939@example.com,57391.42,171.03,Gold,False,False
CUST-00339,Jessica Lopez,Female,25,2022-08-01,Phoenix,Australia,jessica.lopez339@example.com,54673.95,165.21,Gold,False,False
CUST-00956,David Wilson,Female,39,2024-08-03,Dallas,USA,david.wilson956@example.com,61885.19,270.35,Silver,False,False
CUST-01029,Karen Taylor,Female,49,2023-12-12,San Antonio,USA,karen.taylor1029@example.com,67306.32,167.03,Gold,False,False
CUST-00822,Elizabeth Gonzalez,Male,21,2022-10-12,Houston,United Kingdom,elizabeth.gonzalez822@example.com,54492.78,181.27,Gold,False,False
CUST-00377,Sarah Wilson,Male,57,2022-06-16,Chicago,USA,sarah.wilson377@example.com,35563.91,109.37,Gold,False,False
CUST-01304,Karen Hernandez,Female,40,,Los Angeles,USA,karen.hernandez1304@example.com,69081.43,295.98,Gold,False,False
CUST-02056,William Williams,Male,46,2021-02-13,Dallas,USA,william.williams2056@example.com,47587.65,59.44,Gold,False,False
CUST-01402,Patricia Jackson,Female,40,2024-03-11,San Diego,Canada,patricia.jackson1402@example.com,34301.83,162.46,Bronze,False,False
CUST-01472,Susan Rodriguez,Female,20,2021-09-20,San Diego,Canada,susan.rodriguez1472@example.com,69168.62,206.43,Bronze,False,False
CUST-01443,Matthew Jackson,Male,52,2024-12-06,Austin,Canada,matthew.jackson1443@example.com,79725.23,28.31,Bronze,False,False
CUST-01838,Patricia Martinez,Male,47,2024-05-18,Austin,United Kingdom,patricia.martinez1838@example.com,61885.19,144.19,Gold,False,False
CUST-02568,Susan Rodriguez,Male,61,2023-03-17,Austin,USA,susan.rodriguez2568@example.com,81339.9,185.0,Gold,False,False
CUST-00826,Charles Anderson,Female,20,2024-03-16,Philadelphia,United Kingdom,charles.anderson826@example.com,49352.16,144.19,Silver,False,False
CUST-00897,Nancy Miller,Male,24,,Austin,USA,nancy.miller897@example.com,51645.04,70.29,Bronze,False,False
CUST-01777,Linda Rodriguez,Female,62,2022-04-29,Philadelphia,Canada,linda.rodriguez1777@example.com,77115.77,209.19,Gold,False,False
CUST-01899,Joseph Davis,Male,62,2024-01-03,Philadelphia,Canada,joseph.davis1899@example.com,44782.14,10.07,Gold,False,False
CUST-01433,Thomas Martinez,Male,30,2024-12-04,Houston,USA,thomas.martinez1433@example.com,94604.21,66.7,Silver,False,False
CUST-02123,Robert Garcia,Female,61,2024-01-07,Austin,Australia,robert.garcia2123@example.com,46453.8,19.8,Bronze,False,False
CUST-01127,Karen Lopez,Female,27,2021-03-24,San Diego,United Kingdom,karen.lopez1127@example.com,38226.9,143.25,Silver,False,False
CUST-02316,Linda Jackson,Female,16,2023-03-01,Los Angeles,United Kingdom,linda.jackson2316@example.com,55397.92,246.85,Silver,False,False
CUST-02383,Charles Moore,Male,31,2021-10-20,Chicago,USA,charles.moore2383@example.com,94012.71,106.0,Silver,False,False
CUST-02721,William Gonzalez,Male,55,2024-04-10,Philadelphia,USA,william.gonzalez2721@example.com,57842.46,144.19,Silver,False,False
CUST-00568,Betty Anderson,Female,62,2022-10-24,Phoenix,United Kingdom,betty.anderson568@example.com,72030.26,165.72,Silver,False,False
CUST-00302,David Martin,Male,31,,Phoenix,United Kingdom,david.martin302@example.com,28841.39,159.51,Silver,False,False
CUST-02995,Susan Miller,Female,16,2024-04-19,Chicago,United Kingdom,susan.miller2995@example.com,44353.04,228.2,Bronze,False,False
CUST-01313,Betty Williams,Male,22,2021-02-15,Los Angeles,USA,betty.williams1313@example.com,72122.47,138.54,Silver,False,False
CUST-00710,Jennifer Martinez,Female,23,2023-01-27,New York,United Kingdom,jennifer.martinez710@example.com,59861.42,247.45,Bronze,False,False
CUST-02312,Jessica Smith,Male,54,2022-02-04,Chicago,Australia,jessica.smith2312@example.com,60405.51,179.54,Bronze,False,False
CUST-00599,Susan Williams,Male,53,2023-04-03,Austin,Canada,susan.williams599@example.com,5000000.0,95.38,Gold,True,False
CUST-00808,Jessica Davis,Female,31,,Dallas,Australia,jessica.davis808@example.com,58231.59,209.45,Silver,False,False
CUST-01996,David Taylor,Male,55,2023-12-08,Phoenix,Australia,david.taylor1996@example.com,37568.14,234.68,Gold,False,False
CUST-02495,Mary Martinez,Female,35,2021-04-13,Dallas,Australia,mary.martinez2495@example.com,70004.23,177.1,Silver,False,False
CUST-02249,Elizabeth Lopez,Male,69,2024-06-02,Los Angeles,United Kingdom,elizabeth.lopez2249@example.com,999999999.0,139.77,Silver,True,False
CUST-00165,Betty Martinez,Other,51,2024-02-28,Dallas,USA,betty.martinez165@example.com,50601.23,186.75,Silver,False,False
CUST-00812,Linda Thomas,Male,40,2021-05-17,Chicago,Australia,linda.thomas812@example.com,59172.17,82.8,Gold,False,False
CUST-00408,Matthew Brown,Male,55,2021-11-02,San Diego,Canada,matthew.brown408@example.com,40969.8,269.9,Gold,False,False
CUST-00346,Joseph Gonzalez,Female,44,2022-08-09,Dallas,Canada,joseph.gonzalez346@example.com,98530.46,17.7,Silver,False,False
CUST-01464,Linda Martinez,Male,55,2021-05-15,Phoenix,United Kingdom,linda.martinez1464@example.com,64390.66,210.67,Gold,False,False
CUST-02578,Michael Anderson,Female,47,2021-06-01,Philadelphia,Canada,michael.anderson2578@example.com,72263.58,175.15,Bronze,False,False
CUST-01652,Elizabeth Jones,Male,52,2023-01-22,Dallas,United Kingdom,elizabeth.jones1652@example.com,58973.92,212.8,Bronze,False,False
CUST-01508,Jennifer Davis,Other,49,2024-12-25,Los Angeles,USA,jennifer.davis1508@example.com,112681.05,109.15,Gold,False,False
CUST-02339,Matthew Thomas,,29,2021-05-02,New York,Canada,matthew.thomas2339@example.com,88462.97,235.7,Bronze,False,False
CUST-00555,Sarah Martinez,Male,33,2023-12-23,New York,Canada,sarah.martinez555@example.com,46548.31,177.87,Bronze,False,False
CUST-02781,John Taylor,Female,40,2023-02-23,Phoenix,Australia,john.taylor2781@example.com,72099.16,192.78,Bronze,False,False
CUST-01175,Robert Moore,Female,33,2022-12-31,Austin,USA,robert.moore1175@example.com,56253.77,50.85,Gold,False,False
CUST-01671,Jessica Smith,Female,24,2023-10-05,Philadelphia,United Kingdom,jessica.smith1671@example.com,48539.81,274.61,Silver,False,False
CUST-00067,Jessica Moore,Other,53,2024-03-16,New York,Australia,jessica.moore67@example.com,80855.92,206.93,Gold,False,False
CUST-02769,Michael Miller,Female,64,2022-05-07,Dallas,United Kingdom,michael.miller2769@example.com,49281.9,87.76,Gold,False,False
CUST-01012,Charles Thomas,Female,41,2023-09-04,Phoenix,Canada,charles.thomas1012@example.com,79454.37,130.1,Bronze,False,False
CUST-02631,Jennifer Jones,Other,27,2022-09-20,Chicago,Australia,jennifer.jones2631@example.com,76334.47,205.42,Silver,False,False
CUST-00533,Jennifer Moore,Male,61,2023-06-08,Chicago,United Kingdom,jennifer.moore533@example.com,29375.79,30.32,Bronze,False,False
CUST-00274,Thomas Thomas,Female,34,,Chicago,Australia,thomas.thomas274@example.com,75881.56,163.76,Bronze,False,False
CUST-01465,James Jones,Male,67,2022-03-29,Philadelphia,United Kingdom,james.jones1465@example.com,89783.46,107.94,Gold,False,False
CUST-00431,Betty Brown,Female,32,2021-04-29,Los Angeles,Canada,betty.brown431@example.com,84138.04,112.42,Silver,False,False
CUST-01868,Charles Hernandez,Male,48,2024-04-28,Phoenix,Australia,,92067.57,43.77,Gold,False,False
CUST-02964,Charles Gonzalez,Male,43,2024-07-14,Houston,USA,charles.gonzalez2964@example.com,43639.31,74.24,Gold,False,False
CUST-02515,Charles Martinez,Other,49,2021-09-30,Austin,United Kingdom,charles.martinez2515@example.com,68279.09,169.13,Gold,False,False
CUST-02482,Daniel Johnson,Male,52,2022-05-15,Austin,United Kingdom,daniel.johnson2482@example.com,47983.09,179.84,Silver,False,False
CUST-01449,John Smith,Other,31,2021-01-07,San Diego,United Kingdom,,47400.59,205.52,Gold,False,False
CUST-00183,Jennifer Martin,Female,48,2021-12-10,San Diego,USA,jennifer.martin183@example.com,48705.45,117.38,Gold,False,False
CUST-00256,Karen Martinez,Female,57,2022-08-31,San Antonio,USA,karen.martinez256@example.com,43517.56,92.97,Bronze,False,False
CUST-01005,Linda Jackson,Other,49,2022-07-05,San Antonio,USA,linda.jackson1005@example.com,85343.11,3.76,Gold,False,False
CUST-02467,Daniel Thomas,Female,43,2023-06-08,Chicago,Canada,daniel.thomas2467@example.com,30176.3,197.76,Bronze,False,False
CUST-02391,Sarah Thomas,Male,50,2022-07-01,Philadelphia,USA,sarah.thomas2391@example.com,39816.57,144.19,Bronze,False,False
CUST-01229,Daniel Davis,Male,53,2021-06-11,Dallas,Canada,daniel.davis1229@example.com,45005.89,29.68,Bronze,False,False
CUST-01506,David Brown,Male,51,2021-09-28,Phoenix,Canada,david.brown1506@example.com,93546.14,113.18,Silver,False,False
CUST-00494,Daniel Gonzalez,Male,43,2022-07-22,Philadelphia,United Kingdom,daniel.gonzalez494@example.com,59313.79,10.82,Gold,False,False
CUST-01946,Elizabeth Brown,Female,36,2024-12-24,Los Angeles,Canada,elizabeth.brown1946@example.com,68200.39,51.35,Silver,False,False
CUST-02004,William Thomas,Male,69,2024-03-20,Los Angeles,Australia,william.thomas2004@example.com,52368.1,115.38,Gold,False,False
CUST-00742,Daniel Garcia,Male,42,2024-05-23,Houston,Canada,daniel.garcia742@example.com,39910.85,108.55,Bronze,False,False
CUST-02485,William Martinez,,40,2022-10-23,San Diego,Australia,william.martinez2485@example.com,77580.09,16.86,Gold,False,False
CUST-01585,John Anderson,Female,47,2024-02-23,Phoenix,Australia,john.anderson1585@example.com,84579.43,240.34,Gold,False,False
CUST-01329,Michael Martinez,Female,40,2023-12-27,Austin,Canada,michael.martinez1329@example.com,21188.23,289.85,Bronze,False,False
CUST-00309,Matthew Garcia,Female,34,2023-12-20,San Antonio,United Kingdom,matthew.garcia309@example.com,61885.19,96.31,Bronze,False,False
CUST-01619,Linda Martin,Male,24,2021-07-31,Philadelphia,USA,linda.martin1619@example.com,29361.25,112.2,Silver,False,False
CUST-00611,Thomas Wilson,Male,41,2024-09-23,Phoenix,Canada,thomas.wilson611@example.com,92398.44,361.36,Silver,False,False
CUST-02612,Michael Rodriguez,Male,40,2022-07-10,San Diego,United Kingdom,michael.rodriguez2612@example.com,61885.19,144.19,Gold,False,False
CUST-01658,Robert Miller,Male,31,2021-01-13,Austin,Canada,robert.miller1658@example.com,104233.43,197.97,Bronze,False,False
CUST-02168,Michael Smith,Female,40,2023-02-05,Los Angeles,Australia,,88164.47,116.42,Bronze,False,False
CUST-02075,Lisa Davis,Female,24,2024-12-01,Dallas,Australia,lisa.davis2075@example.com,73708.09,147.51,Gold,False,False
CUST-01309,Betty Johnson,Female,18,2024-10-15,Chicago,Canada,betty.johnson1309@example.com,47954.85,231.53,Bronze,False,False
CUST-02688,David Jackson,Male,41,2024-10-09,New York,Canada,david.jackson2688@example.com,29174.88,257.56,Bronze,False,False
CUST-01349,Richard Thomas,Female,38,2021-04-23,New York,USA,richard.thomas1349@example.com,97380.0,250.34,Bronze,False,False
CUST-02074,Jessica Williams,Male,16,2024-08-10,Philadelphia,Canada,jessica.williams2074@example.com,61497.89,280.94,Gold,False,False
CUST-01539,James Jones,Male,57,2022-12-21,San Antonio,Australia,james.jones1539@example.com,60660.57,17.49,Gold,False,False
CUST-00911,David Miller,Female,48,2021-12-25,San Antonio,Australia,david.miller911@example.com,87684.66,195.38,Silver,False,False
CUST-01701,Betty Wilson,Female,41,2024-01-13,Los Angeles,United Kingdom,betty.wilson1701@example.com,43614.24,72.05,Silver,False,False
CUST-00106,Jennifer Wilson,Male,57,2024-04-06,New York,United Kingdom,jennifer.wilson106@example.com,65693.55,198.71,Silver,False,False
CUST-02664,Patricia Miller,Female,30,2024-11-21,Austin,USA,patricia.miller2664@example.com,63941.72,266.55,Silver,False,False
CUST-02020,Elizabeth Martinez,Male,25,2022-08-12,Dallas,Australia,elizabeth.martinez2020@example.com,76445.02,71.96,Gold,False,False
CUST-01019,John Brown,Male,42,2023-09-06,Houston,Australia,john.brown1019@example.com,70881.06,200.57,Bronze,False,False
CUST-00203,David Lopez,Male,24,2022-12-21,Chicago,Canada,david.lopez203@example.com,68633.5,144.19,Bronze,False,False
CUST-00509,Daniel Hernandez,Female,39,2024-02-02,Chicago,Canada,daniel.hernandez@@example..com,48426.84,32.61,Bronze,False,False
CUST-00765,Lisa Rodriguez,Male,64,2021-02-20,Dallas,USA,lisa.rodriguez765@example.com,47110.66,122.0,Bronze,False,False
CUST-02680,Mary Martin,Female,40,2024-08-15,San Antonio,United Kingdom,mary.martin2680@example.com,75788.38,344.68,Silver,False,False
CUST-01305,Susan Thomas,Female,33,2024-08-02,New York,United Kingdom,susan.thomas1305@example.com,68982.33,210.44,Gold,False,False
CUST-00122,Betty Rodriguez,Female,42,2023-05-13,Philadelphia,Canada,betty.rodriguez122@example.com,72865.38,69.79,Gold,False,False
CUST-02894,Lisa Williams,Male,22,2021-01-15,San Antonio,United Kingdom,lisa.williams2894@example.com,67438.19,99.15,Silver,False,False
CUST-02250,Charles Anderson,Male,60,2023-04-13,Dallas,United Kingdom,charles.anderson2250@example.com,42294.97,245.02,Gold,False,False
CUST-00504,Jennifer Smith,Male,28,2023-05-14,New York,Canada,jennifer.smith504@example.com,60403.4,177.51,Bronze,False,False
CUST-00924,Sarah Taylor,Female,76,2022-11-01,Los Angeles,Canada,sarah.taylor924@example.com,88417.09,41.34,Gold,False,False
CUST-00270,Jennifer Hernandez,Female,46,2023-04-17,Austin,United Kingdom,,108233.38,112.77,Bronze,False,False
CUST-02507,Nancy Martin,Female,59,2022-07-08,San Diego,USA,,69787.6,18.85,Bronze,False,False
CUST-02140,Richard Jackson,Male,46,2024-03-09,San Antonio,Canada,,93307.96,89.56,Gold,False,False
CUST-01241,Karen Williams,Male,16,2022-10-29,Austin,United Kingdom,karen.williams1241@example.com,77421.81,0.98,Bronze,False,False
CUST-00373,Richard Davis,Male,42,2024-03-30,New York,United Kingdom,richard.davis@@example..com,36586.3,225.86,Gold,False,False
CUST-01474,Patricia Martin,Male,52,2023-12-02,Los Angeles,USA,patricia.martin1474@example.com,73807.38,161.82,Bronze,False,False
CUST-00852,Michael Thomas,Male,52,2021-04-14,Austin,Australia,michael.thomas852@example.com,78394.59,284.07,Bronze,False,False
CUST-00362,Daniel Martinez,Male,41,2023-01-15,Phoenix,Canada,daniel.martinez362@example.com,64042.57,243.65,Bronze,False,False
CUST-01297,Thomas Thomas,Male,56,2023-11-05,San Diego,USA,thomas.thomas1297@example.com,40796.49,16.13,Silver,False,False
CUST-02943,Joseph Martinez,Female,16,2023-12-07,Los Angeles,United Kingdom,joseph.martinez2943@example.com,5000000.0,166.65,Silver,True,False
CUST-00726,Nancy Moore,Male,39,2023-08-13,Dallas,Canada,nancy.moore726@example.com,49703.03,198.41,Silver,False,False
CUST-01159,Daniel Rodriguez,Male,33,2022-10-04,New York,United Kingdom,daniel.rodriguez1159@example.com,61885.19,79.83,Silver,False,False
CUST-02169,Sarah Gonzalez,Male,36,2023-04-27,Chicago,Canada,sarah.gonzalez2169@example.com,76167.23,73.25,Bronze,False,False
CUST-01172,William Hernandez,Male,50,2021-11-03,San Antonio,Canada,william.hernandez1172@example.com,70359.51,275.44,Bronze,False,False
CUST-00904,Linda Anderson,Male,42,2021-05-05,San Diego,United Kingdom,linda.anderson904@example.com,41157.61,233.71,Gold,False,False
CUST-01015,Karen Williams,Female,51,,Philadelphia,Canada,karen.williams1015@example.com,51364.7,11.99,Silver,False,False
CUST-01845,Michael Williams,,59,2021-05-11,San Diego,USA,michael.williams1845@example.com,62936.35,252.44,Bronze,False,False
CUST-02498,John Lopez,Other,44,2024-04-11,Los Angeles,Canada,john.lopez2498@example.com,95669.35,150.49,Gold,False,False
CUST-02497,Jennifer Gonzalez,Female,64,2023-04-25,Austin,Australia,jennifer.gonzalez2497@example.com,85245.51,254.67,Gold,False,False
CUST-00984,Mary Smith,Male,28,2022-04-05,Los Angeles,Australia,mary.smith984@example.com,62691.6,220.5,Silver,False,False
CUST-01020,Charles Smith,Female,60,2023-08-04,Dallas,USA,charles.smith1020@example.com,53235.7,274.66,Silver,False,False
CUST-01124,Charles Williams,Male,48,2022-01-10,Philadelphia,United Kingdom,charles.williams1124@example.com,45538.8,195.6,Silver,False,False
CUST-01325,Linda Johnson,Male,58,2022-11-23,New York,Canada,linda.johnson1325@example.com,69833.73,11.87,Gold,False,False
CUST-02840,Mary Martin,Female,25,2022-04-04,Austin,Australia,mary.martin2840@example.com,62451.73,94.94,Bronze,False,False
CUST-01646,Daniel Hernandez,Female,28,2023-04-11,Dallas,Australia,daniel.hernandez1646@example.com,114505.49,263.19,Gold,False,False
CUST-02708,David Williams,Other,57,2021-05-19,Philadelphia,Canada,david.williams2708@example.com,56070.1,162.79,Silver,False,False
CUST-01744,Michael Smith,Female,49,2022-07-18,Phoenix,Australia,michael.smith1744@example.com,34018.11,221.19,Bronze,False,False
CUST-02138,William Lopez,Female,44,2021-07-16,Houston,United Kingdom,william.lopez2138@example.com,43044.41,108.41,Bronze,False,False
CUST-01630,Nancy Martinez,Male,39,2021-09-15,Phoenix,USA,nancy.martinez1630@example.com,44039.49,76.93,Bronze,False,False
CUST-02376,Linda Jackson,Male,46,2024-03-20,Dallas,USA,linda.jackson2376@example.com,12864.68,173.82,Gold,False,False
CUST-02855,Robert Brown,Female,38,2022-09-08,Phoenix,Canada,robert.brown2855@example.com,81750.91,316.04,Silver,False,False
CUST-01665,Sarah Thomas,Male,65,2024-01-31,New York,Australia,sarah.thomas1665@example.com,75041.51,62.54,Bronze,False,False
CUST-01961,Nancy Jackson,Other,16,2023-04-04,Chicago,Canada,nancy.jackson1961@example.com,54002.86,247.38,Gold,False,False
CUST-01457,Jennifer Lopez,Female,34,2024-11-29,Austin,Australia,jennifer.lopez1457@example.com,64229.22,91.1,Gold,False,False
CUST-02393,John Hernandez,Male,20,2024-09-09,New York,Australia,john.hernandez2393@example.com,47245.71,119.57,Gold,False,False
CUST-02154,Nancy Jones,Female,60,2022-10-11,Chicago,United Kingdom,nancy.jones2154@example.com,70723.12,174.1,Bronze,False,False
CUST-00358,Thomas Martin,Male,35,2022-08-26,Los Angeles,Australia,,36233.16,177.66,Gold,False,False
CUST-00290,Robert Smith,Male,52,2024-05-10,New York,Canada,,48386.21,158.92,Gold,False,False
CUST-00753,Michael Martinez,Female,58,2023-10-04,San Antonio,Australia,michael.martinez753@example.com,75447.61,291.99,Gold,False,False
CUST-00223,Elizabeth Wilson,Male,37,2022-02-27,Austin,United Kingdom,elizabeth.wilson223@example.com,84430.55,6.02,Gold,False,False
CUST-02006,Susan Johnson,Male,41,2022-11-05,San Diego,USA,susan.johnson@@example..com,77353.55,147.59,Gold,False,False
CUST-01354,Jennifer Gonzalez,Male,59,2022-10-07,San Antonio,USA,jennifer.gonzalez1354@example.com,105155.71,144.19,Bronze,False,False
CUST-01103,Betty Johnson,Male,47,2024-07-11,San Antonio,Australia,,61885.19,253.29,Gold,False,False
CUST-01447,Jennifer Brown,Female,55,2024-08-15,Philadelphia,Australia,jennifer.brown1447@example.com,42875.0,269.78,Gold,False,False
CUST-01892,Nancy Moore,Female,48,2022-10-17,New York,Canada,nancy.moore1892@example.com,69320.49,19.62,Bronze,False,False
CUST-01161,Elizabeth Garcia,Male,25,2022-11-05,Phoenix,Canada,elizabeth.garcia1161@example.com,92171.08,236.4,Silver,False,False
CUST-02998,Joseph Garcia,Female,53,2024-03-04,San Antonio,Australia,joseph.garcia2998@example.com,65571.55,175.23,Silver,False,False
CUST-01628,Betty Anderson,Male,49,2021-12-16,New York,United Kingdom,betty.anderson1628@example.com,87501.33,237.91,Silver,False,False
CUST-01059,Elizabeth Gonzalez,Male,61,2024-01-03,Austin,USA,elizabeth.gonzalez1059@example.com,47602.33,18.11,Bronze,False,False
CUST-02584,Susan Moore,Male,47,2024-05-02,Los Angeles,Australia,susan.moore2584@example.com,45380.0,161.21,Bronze,False,False
CUST-02525,Joseph Smith,Female,57,2023-05-19,San Antonio,Australia,joseph.smith2525@example.com,81478.81,113.43,Gold,False,False
CUST-00447,Lisa Smith,Male,16,2024-12-27,Dallas,USA,lisa.smith447@example.com,89041.68,160.01,Bronze,False,False
CUST-01267,Karen Rodriguez,Male,23,2022-02-25,Phoenix,Canada,karen.rodriguez1267@example.com,88782.2,39.26,Gold,False,False
CUST-01176,Jennifer Martinez,Female,16,2022-11-17,San Diego,Canada,,81659.95,-85.73,Silver,False,True
CUST-00766,Linda Thomas,Female,25,2022-09-15,San Diego,Canada,linda.thomas766@example.com,68357.23,251.01,Bronze,False,False
CUST-02386,Linda Smith,Female,24,2024-02-24,Philadelphia,USA,linda.smith2386@example.com,75417.42,80.03,Silver,False,False
CUST-01436,James Martinez,Male,35,2023-10-17,San Diego,Canada,james.martinez1436@example.com,58051.01,59.9,Silver,False,False
CUST-00115,William Rodriguez,Female,27,2022-02-26,Austin,Canada,william.rodriguez115@example.com,53373.15,256.38,Gold,False,False
CUST-02358,Lisa Taylor,Female,25,2022-11-18,New York,Canada,lisa.taylor2358@example.com,41322.27,104.54,Gold,False,False
CUST-00770,Matthew Wilson,Female,38,2021-12-11,Austin,United Kingdom,matthew.wilson770@example.com,90754.49,3.27,Gold,False,False
CUST-01568,Susan Miller,Male,16,2021-09-14,Phoenix,USA,susan.miller1568@example.com,53389.2,87.26,Silver,False,False
CUST-00057,Joseph Miller,Male,24,2021-02-17,San Antonio,United Kingdom,joseph.miller57@example.com,87288.02,110.46,Gold,False,False
CUST-01042,Elizabeth Brown,Female,39,2021-06-02,Los Angeles,USA,elizabeth.brown1042@example.com,68410.41,194.41,Bronze,False,False
CUST-02319,Matthew Brown,Male,35,2021-10-16,Dallas,Canada,matthew.brown2319@example.com,63974.56,119.01,Silver,False,False
CUST-02242,John Garcia,Female,17,2024-11-22,Philadelphia,United Kingdom,john.garcia2242@example.com,58432.59,164.23,Silver,False,False
CUST-01106,Jennifer Anderson,Male,37,2024-07-28,Philadelphia,United Kingdom,jennifer.anderson1106@example.com,89558.24,59.34,Gold,False,False
CUST-00135,Daniel Wilson,Female,50,2022-08-06,Dallas,United Kingdom,daniel.wilson135@example.com,106620.07,283.7,Silver,False,False
CUST-02374,Mary Johnson,Female,66,2022-02-13,Los Angeles,Canada,mary.johnson2374@example.com,53260.66,130.96,Silver,False,False
CUST-01101,Karen Taylor,Female,26,2024-06-10,Houston,Australia,,60384.28,224.72,Gold,False,False
CUST-02831,Patricia Gonzalez,Male,43,2024-01-28,Chicago,United Kingdom,patricia.gonzalez2831@example.com,78797.63,77.71,Gold,False,False
CUST-02239,Susan Johnson,Female,25,2023-11-16,Philadelphia,USA,susan.johnson2239@example.com,65765.26,247.25,Bronze,False,False
CUST-02975,Karen Garcia,Female,70,2021-06-20,Chicago,USA,karen.garcia2975@example.com,76242.15,162.53,Silver,False,False
CUST-00054,James Thomas,Female,46,2021-04-26,Chicago,Canada,james.thomas54@example.com,66894.76,121.79,Bronze,False,False
CUST-02925,Karen Taylor,Female,20,2023-07-17,Chicago,United Kingdom,karen.taylor2925@example.com,61885.19,147.32,Bronze,False,False
CUST-00484,Betty Gonzalez,Male,60,2021-02-04,New York,USA,betty.gonzalez484@example.com,57644.08,162.86,Silver,False,False
CUST-00395,Jennifer Miller,Male,42,2021-09-29,Philadelphia,United Kingdom,,68853.49,72.59,Bronze,False,False
CUST-01606,Betty Miller,Male,40,2024-03-21,Chicago,USA,betty.miller1606@example.com,77358.7,222.74,Gold,False,False
CUST-01043,Linda Hernandez,Female,37,2024-03-25,New York,Canada,linda.hernandez1043@example.com,67720.27,144.19,Gold,False,False
CUST-00875,Susan Miller,Female,49,2024-04-11,San Antonio,United Kingdom,susan.miller875@example.com,72044.91,48.81,Bronze,False,False
CUST-01146,Jennifer Johnson,Other,36,2023-04-21,Phoenix,United Kingdom,jennifer.johnson1146@example.com,65916.94,236.75,Bronze,False,False
CUST-01330,Charles Jackson,Male,72,2021-10-21,Houston,Australia,charles.jackson1330@example.com,66360.65,94.64,Bronze,False,False
CUST-02874,Sarah Johnson,Female,49,2022-10-18,Chicago,Canada,sarah.johnson2874@example.com,57280.3,122.55,Silver,False,False
CUST-02054,Joseph Jackson,Male,36,2021-03-23,Philadelphia,Canada,joseph.jackson2054@example.com,42787.79,244.62,Gold,False,False
CUST-01981,Linda Gonzalez,Female,43,2023-03-23,New York,Australia,linda.gonzalez1981@example.com,58424.22,249.87,Silver,False,False
CUST-00440,Nancy Williams,Male,60,2023-10-09,Chicago,United Kingdom,nancy.williams440@example.com,78038.85,189.22,Silver,False,False
CUST-01810,Thomas Hernandez,Other,34,2024-05-14,Houston,USA,thomas.hernandez@@example..com,61262.87,60.64,Bronze,False,False
CUST-01953,David Smith,Male,46,2021-04-08,Austin,United Kingdom,david.smith1953@example.com,37907.91,121.04,Gold,False,False
CUST-01993,Michael Smith,Male,42,2021-09-22,Houston,Australia,michael.smith1993@example.com,107577.33,84.02,Gold,False,False
CUST-00472,Robert Brown,Male,32,2021-09-19,San Diego,Australia,robert.brown472@example.com,85783.15,76.58,Gold,False,False
CUST-01253,Robert Garcia,Female,47,2024-01-09,Los Angeles,Australia,robert.garcia1253@example.com,36818.69,2.0,Silver,False,False
CUST-01592,Thomas Martin,Female,36,2023-03-16,Los Angeles,Australia,thomas.martin1592@example.com,106874.12,106.84,Bronze,False,False
CUST-00645,Charles Moore,Male,32,2022-04-25,New York,Australia,charles.moore645@example.com,52913.71,302.5,Silver,False,False
CUST-00125,Robert Wilson,Female,51,2024-06-01,San Diego,Australia,robert.wilson125@example.com,82716.84,169.37,Gold,False,False
CUST-00196,Lisa Lopez,,41,2021-10-07,Austin,Canada,lisa.lopez196@example.com,38851.48,117.97,Bronze,False,False
CUST-01415,Matthew Anderson,Female,33,2023-08-22,Chicago,United Kingdom,matthew.anderson1415@example.com,35642.51,213.79,Silver,False,False
CUST-01316,Charles Rodriguez,Other,43,2024-07-19,Phoenix,Australia,charles.rodriguez1316@example.com,59060.07,190.39,Bronze,False,False
CUST-00297,Robert Lopez,Female,43,2021-08-05,Phoenix,Canada,robert.lopez297@example.com,61885.19,250.42,Bronze,False,False
CUST-00335,Patricia Martinez,Female,37,2024-11-06,Los Angeles,Australia,patricia.martinez335@example.com,61885.19,113.94,Silver,False,False
CUST-00619,David Wilson,Male,43,2023-11-10,Dallas,Australia,david.wilson619@example.com,49294.49,107.43,Gold,False,False
CUST-00132,Betty Jackson,Female,21,2023-07-16,Dallas,Canada,betty.jackson132@example.com,61504.45,124.79,Bronze,False,False
CUST-01758,David Williams,Female,49,2024-05-13,Dallas,Canada,david.williams1758@example.com,40732.54,123.96,Silver,False,False
CUST-00056,Matthew Davis,Male,26,2023-01-20,San Antonio,Canada,matthew.davis56@example.com,61885.19,33.95,Gold,False,False
CUST-00457,Matthew Davis,Male,36,2022-12-24,Dallas,United Kingdom,matthew.davis457@example.com,30535.46,173.06,Gold,False,False
CUST-02476,Mary Smith,Male,24,2021-09-11,Houston,Australia,mary.smith2476@example.com,66279.52,216.07,Bronze,False,False
CUST-00107,Richard Johnson,Female,22,2022-10-22,Los Angeles,Canada,richard.johnson107@example.com,51448.41,96.67,Bronze,False,False
CUST-01601,Thomas Martinez,Other,57,2023-05-05,Philadelphia,Australia,thomas.martinez1601@example.com,35102.58,68.31,Bronze,False,False
CUST-02903,Richard Garcia,Male,44,2022-06-18,Austin,Australia,richard.garcia2903@example.com,54316.02,101.54,Gold,False,False
CUST-01787,James Anderson,Female,38,2022-09-26,New York,Canada,james.anderson1787@example.com,62247.52,78.08,Silver,False,False
CUST-00338,Joseph Rodriguez,Other,76,2023-10-18,Austin,Canada,joseph.rodriguez338@example.com,91208.59,223.47,Gold,False,False
CUST-02078,Linda Martinez,Other,72,2021-04-13,New York,USA,linda.martinez2078@example.com,68899.94,89.0,Silver,False,False
CUST-02053,Susan Moore,Male,43,2022-08-17,Dallas,USA,susan.moore2053@example.com,61689.85,170.25,Gold,False,False
CUST-02398,David Thomas,Female,51,2021-02-18,New York,Canada,david.thomas2398@example.com,57345.39,189.71,Silver,False,False
CUST-00905,David Brown,Female,39,2024-04-12,Chicago,United Kingdom,david.brown905@example.com,61885.19,167.02,Silver,False,False
CUST-02229,Jennifer Lopez,Female,32,2023-12-06,Austin,Australia,jennifer.lopez2229@example.com,31469.89,162.65,Gold,False,False
CUST-00233,Daniel Johnson,Other,70,2022-08-07,Austin,Canada,daniel.johnson233@example.com,61885.19,66.02,Silver,False,False
CUST-00935,Daniel Gonzalez,Female,57,2024-03-19,Dallas,Canada,daniel.gonzalez935@example.com,81968.18,6.64,Gold,False,False
CUST-02191,Susan Rodriguez,Female,78,2023-03-13,Dallas,Australia,susan.rodriguez2191@example.com,79768.88,150.3,Bronze,False,False
CUST-00602,Patricia Rodriguez,Male,31,2024-12-12,Philadelphia,United Kingdom,,34466.41,169.18,Silver,False,False
CUST-01548,Patricia Miller,Male,32,2022-12-04,Los Angeles,USA,patricia.miller1548@example.com,77587.02,58.85,Silver,False,False
CUST-02151,Daniel Smith,Female,60,2022-01-17,Los Angeles,USA,daniel.smith2151@example.com,70284.62,152.61,Bronze,False,False
CUST-00212,Elizabeth Miller,Female,16,2022-06-24,Phoenix,USA,elizabeth.miller212@example.com,77756.4,175.06,Bronze,False,False
CUST-01291,Michael Jackson,Male,46,,Los Angeles,Australia,michael.jackson1291@example.com,91537.92,125.26,Silver,False,False
CUST-01481,Richard Martinez,Male,32,2021-05-30,San Diego,Canada,richard.martinez1481@example.com,49689.66,143.53,Silver,False,False
CUST-01678,Jessica Gonzalez,Male,41,2022-06-25,Philadelphia,Australia,jessica.gonzalez1678@example.com,84569.0,288.85,Bronze,False,False
CUST-02181,Nancy Gonzalez,Male,38,2024-01-20,New York,United Kingdom,nancy.gonzalez2181@example.com,66865.68,167.07,Gold,False,False
CUST-02942,Jennifer Brown,Female,56,2022-05-06,Houston,Canada,jennifer.brown2942@example.com,86740.68,171.66,Gold,False,False
CUST-00359,Elizabeth Moore,Male,46,2021-04-28,San Antonio,Australia,elizabeth.moore359@example.com,54633.67,177.11,Gold,False,False
CUST-01439,Thomas Jones,Male,36,2021-05-27,New York,Australia,thomas.jones1439@example.com,58804.47,209.33,Gold,False,False
CUST-00581,Karen Jones,Female,35,2021-05-25,Philadelphia,USA,karen.jones581@example.com,54291.25,207.9,Gold,False,False
CUST-01695,Patricia Moore,Female,43,2024-10-23,Austin,USA,patricia.moore1695@example.com,93443.55,102.25,Silver,False,False
CUST-00474,Thomas Williams,Male,30,2021-09-23,New York,Canada,thomas.williams474@example.com,58954.42,128.58,Bronze,False,False
CUST-01193,Linda Martin,Male,32,2022-09-14,Houston,United Kingdom,linda.martin1193@example.com,62838.34,165.75,Silver,False,False
CUST-01126,Jessica Hernandez,Female,37,2021-01-20,Chicago,USA,jessica.hernandez1126@example.com,96730.61,56.88,Silver,False,False
CUST-02212,Thomas Anderson,Male,40,2021-12-21,Dallas,Australia,thomas.anderson2212@example.com,68713.98,73.01,Gold,False,False
CUST-00065,Thomas Moore,Female,46,2023-01-22,San Antonio,Canada,thomas.moore65@example.com,59987.91,178.68,Silver,False,False
CUST-01980,Jessica Jones,Male,37,2023-06-27,Chicago,United Kingdom,jessica.jones1980@example.com,49681.46,204.92,Bronze,False,False
CUST-02261,Richard Williams,Female,22,2021-09-09,Houston,USA,,48782.71,144.19,Gold,False,False
CUST-02292,Sarah Lopez,Male,47,2023-04-19,Philadelphia,United Kingdom,sarah.lopez2292@example.com,48173.23,72.71,Gold,False,False
CUST-02671,Charles Lopez,Male,51,2023-12-09,Philadelphia,USA,charles.lopez2671@example.com,61885.19,131.3,Silver,False,False
CUST-02910,Betty Martin,Male,27,2022-11-23,Los Angeles,United Kingdom,betty.martin2910@example.com,86458.88,152.46,Bronze,False,False
CUST-00882,Robert Williams,Male,44,2024-11-19,Dallas,United Kingdom,robert.williams882@example.com,61047.77,48.67,Bronze,False,False
CUST-01926,Jessica Rodriguez,Female,43,2021-05-02,Austin,United Kingdom,jessica.rodriguez1926@example.com,68417.26,41.03,Gold,False,False
CUST-02827,Susan Martinez,Female,64,2024-12-10,Los Angeles,United Kingdom,susan.martinez2827@example.com,76168.75,280.1,Silver,False,False
CUST-02474,Betty Miller,Male,39,2022-07-12,Phoenix,Australia,betty.miller2474@example.com,83843.46,379.91,Gold,True,False
CUST-00804,Jessica Martin,Other,26,2021-03-29,Houston,Canada,jessica.martin804@example.com,75865.28,146.61,Gold,False,False
CUST-02401,Jennifer Martinez,Male,33,2021-10-15,San Antonio,Canada,jennifer.martinez2401@example.com,72895.97,0.85,Gold,False,False
CUST-02842,Patricia Thomas,Male,19,2023-07-01,Dallas,USA,patricia.thomas2842@example.com,97157.77,221.39,Bronze,False,False
CUST-00521,Richard Lopez,Male,33,2023-07-24,San Diego,Australia,,111509.87,48.58,Gold,False,False
CUST-01489,Richard Martinez,Female,54,2021-08-16,New York,Australia,richard.martinez1489@example.com,58496.22,86.4,Silver,False,False
CUST-02299,Elizabeth Hernandez,Female,21,2024-03-16,San Antonio,USA,elizabeth.hernandez2299@example.com,66291.97,275.77,Silver,False,False
CUST-00996,Thomas Williams,Male,26,2024-03-23,New York,Canada,thomas.williams996@example.com,42272.92,35.2,Silver,False,False
CUST-02511,Karen Miller,Male,67,2021-08-17,Philadelphia,Australia,karen.miller2511@example.com,40617.97,19.02,Silver,False,False
CUST-00318,Linda Garcia,Female,56,2024-08-25,Los Angeles,USA,linda.garcia318@example.com,87379.45,175.05,Silver,False,False
CUST-01873,Elizabeth Jones,Female,42,2021-07-12,San Antonio,USA,elizabeth.jones1873@example.com,30944.85,263.03,Gold,False,False
CUST-02700,Nancy Anderson,Female,20,2021-11-25,San Diego,United Kingdom,nancy.anderson2700@example.com,75773.8,171.67,Gold,False,False
CUST-01246,Elizabeth Miller,Female,39,2023-08-27,Philadelphia,Australia,elizabeth.miller1246@example.com,78561.89,102.41,Silver,False,False
CUST-02224,David Williams,,36,2021-08-01,Philadelphia,Canada,david.williams2224@example.com,52035.18,119.85,Gold,False,False
CUST-01811,Richard Brown,Male,40,2024-11-08,Phoenix,Australia,richard.brown1811@example.com,61885.19,124.88,Gold,False,False
CUST-00757,Sarah Martin,Female,68,2023-04-20,Philadelphia,United Kingdom,sarah.martin757@example.com,76337.71,145.87,Gold,False,False
CUST-00449,Richard Rodriguez,Other,26,2023-09-02,Austin,Australia,richard.rodriguez449@example.com,32661.05,119.26,Bronze,False,False
CUST-00748,Richard Taylor,Female,21,2022-01-11,Chicago,USA,richard.taylor748@example.com,39062.6,100.76,Gold,False,False
CUST-01487,John Martin,Male,61,2024-07-20,Los Angeles,Australia,john.martin1487@example.com,999999999.0,235.38,Bronze,True,False
CUST-00910,Thomas Jackson,Female,40,2021-12-29,Philadelphia,Australia,thomas.jackson910@example.com,63175.49,145.03,Gold,False,False
CUST-02875,Betty Williams,Other,45,2022-05-14,Los Angeles,Australia,betty.williams2875@example.com,65930.62,263.62,Silver,False,False
CUST-00131,Susan Smith,Male,16,2024-07-11,Austin,Australia,susan.smith131@example.com,74704.26,32.33,Bronze,False,False
CUST-02375,Charles Thomas,Male,48,2022-08-24,Houston,United Kingdom,,65182.38,29.76,Bronze,False,False
CUST-01733,David Martinez,Female,57,2024-03-02,Los Angeles,United Kingdom,david.martinez1733@example.com,31328.3,136.06,Gold,False,False
CUST-00781,Charles Rodriguez,Female,40,2022-04-16,Houston,Australia,charles.rodriguez781@example.com,53909.18,190.68,Gold,False,False
CUST-02659,Daniel Hernandez,Female,58,2023-10-22,Philadelphia,Australia,daniel.hernandez2659@example.com,55420.86,210.05,Bronze,False,False
CUST-01757,Charles Johnson,Female,21,2023-01-14,Austin,Canada,charles.johnson1757@example.com,34183.09,195.72,Gold,False,False
CUST-02950,Daniel Martin,Female,40,2024-09-28,Chicago,USA,daniel.martin2950@example.com,50022.33,63.5,Silver,False,False
CUST-02504,Patricia Moore,Female,22,2024-12-17,Houston,USA,patricia.moore2504@example.com,28022.09,180.99,Silver,False,False
CUST-02329,Robert Brown,Male,46,2023-09-21,Philadelphia,USA,robert.brown2329@example.com,40150.25,261.67,Silver,False,False
CUST-01218,Lisa Gonzalez,Female,40,2022-12-17,San Diego,United Kingdom,lisa.gonzalez1218@example.com,51132.26,91.16,Silver,False,False
CUST-00764,James Jackson,Female,39,2021-09-01,Philadelphia,Canada,james.jackson764@example.com,20840.44,106.06,Gold,False,False
CUST-01102,Jennifer Thomas,Female,50,2021-01-28,Phoenix,Australia,jennifer.thomas1102@example.com,61885.19,209.13,Silver,False,False
CUST-01351,Linda Moore,Female,43,2023-04-24,Los Angeles,United Kingdom,,65467.23,230.95,Gold,False,False
CUST-00319,William Rodriguez,Female,65,2022-05-18,New York,United Kingdom,william.rodriguez319@example.com,44188.99,93.55,Bronze,False,False
CUST-00635,Betty Williams,Other,40,2024-06-03,San Antonio,United Kingdom,betty.williams635@example.com,61565.18,208.46,Gold,False,False
CUST-02253,David Martinez,Female,26,2023-09-30,Chicago,USA,david.martinez2253@example.com,55099.63,121.21,Gold,False,False
CUST-01116,Betty Martinez,Female,47,2021-09-29,New York,Canada,betty.martinez1116@example.com,31107.91,144.19,Bronze,False,False
CUST-02663,Daniel Gonzalez,Female,32,2024-12-25,New York,USA,daniel.gonzalez2663@example.com,41895.13,166.81,Silver,False,False
CUST-00217,Karen Rodriguez,Female,17,2023-12-23,Phoenix,Australia,karen.rodriguez217@example.com,61099.96,3.62,Gold,False,False
CUST-00365,Mary Garcia,Female,53,2024-07-31,Dallas,United Kingdom,mary.garcia365@example.com,23754.76,245.5,Gold,False,False
CUST-00232,David Martin,Other,31,2022-10-30,Chicago,Australia,david.martin232@example.com,74690.41,301.44,Silver,False,False
CUST-01007,David Gonzalez,Female,19,2022-02-14,New York,Australia,david.gonzalez1007@example.com,75923.58,186.32,Bronze,False,False
CUST-00677,Joseph Martin,Female,32,2022-08-28,San Diego,Australia,,37803.14,166.05,Bronze,False,False
CUST-02882,Charles Williams,Male,40,2021-02-19,San Antonio,Canada,charles.williams2882@example.com,35291.34,132.6,Bronze,False,False
CUST-02635,Betty Martin,Male,39,2022-03-22,Houston,USA,betty.martin2635@example.com,38257.62,154.81,Silver,False,False
CUST-00928,David Jackson,Male,27,2022-07-13,Los Angeles,USA,david.jackson928@example.com,57260.4,191.11,Silver,False,False
CUST-01497,Susan Thomas,Male,58,2021-10-06,Los Angeles,Australia,susan.thomas1497@example.com,68422.44,114.38,Gold,False,False
CUST-01912,Matthew Brown,Male,21,2023-12-28,Chicago,Australia,matthew.brown1912@example.com,64216.39,110.96,Gold,False,False
CUST-00975,Richard Williams,Male,16,2021-05-29,Philadelphia,United Kingdom,richard.williams975@example.com,62788.76,319.85,Bronze,False,False
CUST-00801,Jessica Jackson,Male,56,2022-09-15,San Antonio,Australia,jessica.jackson801@example.com,38590.46,144.19,Gold,False,False
CUST-02655,James Garcia,Female,37,2023-12-01,New York,United Kingdom,james.garcia2655@example.com,71306.15,155.22,Gold,False,False
CUST-00347,Susan Jones,Male,37,2024-03-06,Los Angeles,USA,susan.jones347@example.com,77118.01,85.93,Gold,False,False
CUST-00877,Patricia Gonzalez,,40,2024-08-08,San Diego,United Kingdom,patricia.gonzalez877@example.com,64148.12,80.04,Bronze,False,False
CUST-01891,John Miller,Male,57,2023-12-14,Los Angeles,Australia,john.miller1891@example.com,64246.3,270.94,Gold,False,False
CUST-00235,Jessica Lopez,Female,16,2021-11-05,Dallas,Canada,jessica.lopez235@example.com,66721.66,276.41,Gold,False,False
CUST-01471,Linda Anderson,Male,42,2023-11-29,San Diego,Canada,linda.anderson1471@example.com,53607.23,72.74,Silver,False,False
CUST-00737,Jennifer Martin,Female,17,2023-06-06,Phoenix,United Kingdom,jennifer.martin737@example.com,96236.8,267.17,Silver,False,False
CUST-02569,Jessica Taylor,Female,36,2021-09-18,San Antonio,Canada,jessica.taylor2569@example.com,66113.21,166.91,Silver,False,False
CUST-02861,Jessica Jackson,Female,55,2022-02-15,Phoenix,USA,jessica.jackson2861@example.com,66305.69,86.93,Silver,False,False
CUST-01323,Sarah Martinez,Female,37,2021-09-11,Austin,Canada,sarah.martinez1323@example.com,60584.86,73.33,Bronze,False,False
CUST-02276,Lisa Jackson,Male,32,2021-09-23,Philadelphia,Australia,lisa.jackson2276@example.com,61885.19,65.58,Silver,False,False
CUST-01704,Linda Moore,Male,16,2022-08-25,Houston,Canada,linda.moore1704@example.com,42849.94,139.16,Gold,False,False
CUST-02934,Jessica Johnson,Female,26,2024-01-26,Chicago,USA,,83498.98,164.77,Gold,False,False
CUST-01156,Thomas Lopez,Male,40,2021-10-11,Dallas,USA,thomas.lopez1156@example.com,41990.99,150.27,Silver,False,False
CUST-01381,John Wilson,Female,36,2023-02-08,New York,United Kingdom,john.wilson1381@example.com,73580.19,126.38,Silver,False,False
CUST-02764,Michael Miller,Male,46,2022-04-02,Philadelphia,United Kingdom,,61885.19,70.47,Silver,False,False
CUST-00920,Elizabeth Rodriguez,,52,2022-12-18,Philadelphia,United Kingdom,elizabeth.rodriguez920@example.com,49818.92,73.69,Gold,False,False
CUST-02962,Jennifer Williams,Other,36,2022-12-01,Phoenix,USA,jennifer.williams2962@example.com,42002.57,114.91,Bronze,False,False
CUST-02069,Patricia Martin,Female,43,2023-11-22,Dallas,Australia,patricia.martin2069@example.com,61143.0,158.98,Gold,False,False
CUST-02453,Mary Taylor,Male,43,2022-04-10,Houston,United Kingdom,mary.taylor2453@example.com,89221.24,135.69,Silver,False,False
CUST-01795,Matthew Taylor,Female,45,2024-01-20,San Diego,Australia,,91780.48,187.92,Gold,False,False
CUST-02720,Betty Thomas,Male,41,2024-03-26,New York,USA,betty.thomas2720@example.com,77704.03,311.61,Bronze,False,False
CUST-02137,Betty Anderson,Male,50,2023-03-20,Philadelphia,Canada,betty.anderson2137@example.com,52853.21,197.92,Gold,False,False
CUST-00762,Michael Anderson,Female,45,2023-06-24,Chicago,United Kingdom,michael.anderson762@example.com,59387.97,201.35,Silver,False,False
CUST-02395,Mary Wilson,Female,52,2021-05-26,Phoenix,USA,,47541.26,18.91,Gold,False,False
CUST-01328,Nancy Hernandez,Male,57,2024-08-12,Austin,Canada,nancy.hernandez1328@example.com,46200.21,169.4,Silver,False,False
CUST-00078,Betty Lopez,Male,44,2024-06-21,Austin,United Kingdom,betty.lopez78@example.com,52984.52,207.66,Gold,False,False
CUST-01509,Michael Anderson,Male,67,2022-08-18,Phoenix,Canada,michael.anderson1509@example.com,32917.63,184.63,Gold,False,False
CUST-02852,Linda Thomas,Female,25,2023-11-23,Phoenix,United Kingdom,linda.thomas2852@example.com,77786.21,124.43,Gold,False,False
CUST-02633,Karen Jones,Female,16,2023-01-28,Houston,Canada,karen.jones2633@example.com,102158.39,102.91,Silver,False,False
CUST-00248,Thomas Lopez,Female,59,2023-09-22,Phoenix,United Kingdom,thomas.lopez248@example.com,51382.84,75.81,Silver,False,False
CUST-00038,Patricia Rodriguez,Male,49,2022-11-01,San Antonio,Australia,patricia.rodriguez38@example.com,42370.58,161.6,Gold,False,False
CUST-01816,Joseph Johnson,Female,29,2023-05-15,Philadelphia,United Kingdom,joseph.johnson1816@example.com,51404.16,157.86,Bronze,False,False
CUST-01590,Sarah Davis,Female,36,2022-05-21,Houston,Australia,sarah.davis1590@example.com,81869.89,208.82,Silver,False,False
CUST-02272,Susan Hernandez,Female,51,2021-08-17,Philadelphia,United Kingdom,susan.hernandez2272@example.com,79677.45,107.82,Bronze,False,False
CUST-02983,Susan Hernandez,Female,59,,San Diego,USA,susan.hernandez2983@example.com,5000000.0,227.55,Silver,True,False
CUST-00950,Nancy Williams,Female,43,2024-01-19,Phoenix,USA,nancy.williams950@example.com,30150.46,212.83,Gold,False,False
CUST-01908,John Garcia,Female,36,2023-06-17,San Diego,United Kingdom,john.garcia1908@example.com,44115.79,284.18,Bronze,False,False
CUST-00343,Daniel Jones,Male,64,2022-03-28,Philadelphia,Canada,daniel.jones343@example.com,82660.6,2.61,Bronze,False,False
CUST-01924,Elizabeth Hernandez,Female,52,2024-01-05,New York,USA,elizabeth.hernandez1924@example.com,68472.69,84.35,Gold,False,False
CUST-02442,Karen Rodriguez,Male,44,2023-08-28,Philadelphia,Canada,karen.rodriguez2442@example.com,75877.28,21.22,Bronze,False,False
CUST-00774,Jennifer Thomas,Male,26,2024-02-21,New York,Canada,jennifer.thomas774@example.com,44970.55,129.12,Silver,False,False
CUST-00692,Joseph Gonzalez,Male,39,2021-09-07,Phoenix,USA,joseph.gonzalez692@example.com,56701.87,187.36,Bronze,False,False
CUST-00441,Jennifer Martinez,Female,37,2024-08-22,Phoenix,United Kingdom,jennifer.martinez441@example.com,91396.66,212.5,Gold,False,False
CUST-00439,Richard Miller,Male,38,2023-09-25,Houston,Australia,,61643.03,98.13,Gold,False,False
CUST-00562,Charles Williams,Female,54,2024-07-07,San Antonio,United Kingdom,charles.williams562@example.com,32063.74,144.19,Silver,False,False
CUST-02514,Michael Lopez,Male,50,2024-04-02,New York,USA,michael.lopez2514@example.com,70716.66,181.44,Silver,False,False
CUST-02991,Jennifer Taylor,Female,26,2022-04-14,New York,Australia,,62228.4,206.03,Silver,False,False
CUST-01252,Lisa Smith,Female,62,2022-08-06,New York,USA,,36944.73,217.0,Bronze,False,False
CUST-02549,Patricia Hernandez,Male,68,2024-03-27,Philadelphia,USA,patricia.hernandez2549@example.com,47125.64,329.21,Silver,False,False
CUST-01371,John Lopez,Female,17,2024-12-28,Chicago,Canada,john.lopez1371@example.com,57685.7,73.44,Gold,False,False
CUST-00392,Elizabeth Taylor,Female,28,2024-07-12,Philadelphia,Canada,elizabeth.taylor392@example.com,61885.19,311.56,Silver,False,False
CUST-00208,Thomas Brown,,72,2023-08-02,Houston,United Kingdom,,75571.77,16.82,Silver,False,False
CUST-01055,Linda Davis,Female,27,2021-09-01,Phoenix,Australia,linda.davis1055@example.com,83524.26,289.71,Gold,False,False
CUST-01388,Charles Jackson,Male,33,2021-02-14,San Diego,USA,charles.jackson1388@example.com,104519.7,124.16,Gold,False,False
CUST-01135,Susan Rodriguez,Female,57,2022-01-16,Chicago,Canada,susan.rodriguez1135@example.com,67356.65,189.88,Silver,False,False
CUST-02806,William Jones,Female,45,2023-06-27,Phoenix,Australia,william.jones2806@example.com,69366.05,190.31,Bronze,False,False
CUST-00259,Mary Lopez,Male,53,2022-06-11,Austin,United Kingdom,mary.lopez259@example.com,58949.18,65.54,Silver,False,False
CUST-00155,Karen Johnson,Male,37,2023-01-22,Chicago,USA,karen.johnson155@example.com,25579.31,3.34,Bronze,False,False
CUST-01653,Karen Anderson,Female,54,2024-04-26,New York,Canada,karen.anderson1653@example.com,58084.69,293.95,Gold,False,False
CUST-02009,Elizabeth Gonzalez,Male,55,2022-06-25,Houston,United Kingdom,elizabeth.gonzalez2009@example.com,63525.24,21.34,Gold,False,False
CUST-00152,Lisa Davis,Male,37,2023-12-02,Philadelphia,Australia,lisa.davis152@example.com,51557.85,49.78,Silver,False,False
CUST-00846,Sarah Wilson,Male,33,2023-10-27,New York,Canada,sarah.wilson846@example.com,61885.19,48.32,Silver,False,False
CUST-02148,Daniel Jones,Female,30,2022-08-29,Dallas,USA,daniel.jones2148@example.com,53948.89,92.72,Gold,False,False
CUST-00516,Linda Moore,Female,59,2024-12-26,Houston,United Kingdom,linda.moore516@example.com,47089.56,156.56,Gold,False,False
CUST-00020,Robert Williams,Other,24,2024-06-24,Houston,USA,robert.williams20@example.com,75349.76,149.06,Silver,False,False
CUST-00787,Karen Rodriguez,Female,33,2022-02-06,Philadelphia,Australia,karen.rodriguez787@example.com,76720.38,51.22,Bronze,False,False
CUST-01705,David Brown,Female,40,,Phoenix,Australia,david.brown1705@example.com,57017.34,14.36,Silver,False,False
CUST-01024,Richard Martin,Female,56,2023-07-06,Chicago,USA,richard.martin1024@example.com,61885.19,146.49,Bronze,False,False
CUST-01368,Richard Anderson,Female,41,2023-05-05,Houston,Canada,richard.anderson1368@example.com,59161.19,16.13,Gold,False,False
CUST-00584,Susan Williams,Other,44,2024-02-18,San Antonio,USA,susan.williams584@example.com,70037.89,140.82,Silver,False,False
CUST-01171,Jessica Hernandez,Male,22,2024-09-17,Los Angeles,Australia,jessica.hernandez1171@example.com,97949.06,3.11,Gold,False,False
CUST-02641,Jennifer Jackson,Male,43,2021-04-18,San Antonio,United Kingdom,jennifer.jackson2641@example.com,24532.67,150.33,Silver,False,False
CUST-02371,Mary Brown,Female,66,2021-03-03,Philadelphia,United Kingdom,mary.brown2371@example.com,76715.65,79.37,Bronze,False,False
CUST-00823,Susan Davis,Female,37,2023-06-05,San Antonio,USA,susan.davis823@example.com,110208.79,136.09,Gold,False,False
CUST-02126,Joseph Wilson,Female,22,2021-04-11,Los Angeles,Canada,joseph.wilson2126@example.com,77253.54,13.29,Gold,False,False
CUST-01282,Robert Garcia,Female,74,2021-12-10,New York,Canada,robert.garcia1282@example.com,5000000.0,288.48,Silver,True,False
CUST-00216,Jennifer Brown,Male,42,2022-05-25,Houston,Australia,jennifer.brown216@example.com,24655.4,125.55,Gold,False,False
CUST-01231,Mary Davis,Female,48,2023-08-29,Dallas,Canada,mary.davis1231@example.com,63542.76,194.48,Bronze,False,False
CUST-01906,Elizabeth Williams,Male,51,2022-05-28,San Diego,USA,elizabeth.williams1906@example.com,55569.51,109.7,Bronze,False,False
CUST-02565,Nancy Gonzalez,Female,45,2024-06-01,Los Angeles,USA,nancy.gonzalez2565@example.com,60504.07,194.3,Gold,False,False
CUST-02686,Michael Martin,Other,53,2023-03-10,Chicago,Australia,,62009.92,285.24,Gold,False,False
CUST-00230,Matthew Martin,Male,46,2024-10-24,Phoenix,USA,matthew.martin230@example.com,54054.49,356.12,Silver,False,False
CUST-02180,Richard Taylor,,50,2022-02-20,New York,Canada,richard.taylor2180@example.com,72153.76,64.14,Silver,False,False
CUST-02613,Elizabeth Jones,Male,16,2023-04-08,Philadelphia,Canada,elizabeth.jones2613@example.com,79867.32,11.83,Gold,False,False
CUST-02702,Jessica Williams,Female,23,2021-12-31,San Antonio,Canada,jessica.williams2702@example.com,62313.18,112.72,Gold,False,False
CUST-02768,Michael Rodriguez,Female,27,2024-12-20,Houston,United Kingdom,michael.rodriguez2768@example.com,93884.02,225.91,Silver,False,False
CUST-01928,Patricia Garcia,Female,36,2022-05-26,Austin,Australia,patricia.garcia1928@example.com,71025.74,228.12,Gold,False,False
CUST-00141,Joseph Moore,Male,44,2021-12-06,Dallas,United Kingdom,joseph.moore141@example.com,45823.42,147.27,Gold,False,False
CUST-01670,Susan Johnson,Female,54,2024-06-30,Los Angeles,Canada,susan.johnson1670@example.com,45712.78,87.61,Gold,False,False
CUST-01268,Matthew Smith,Male,42,2023-02-18,Dallas,USA,matthew.smith1268@example.com,14010.98,83.7,Gold,False,False
CUST-02625,Joseph Brown,Female,39,2021-04-04,Los Angeles,USA,joseph.brown2625@example.com,82834.81,128.4,Silver,False,False
CUST-00778,Linda Miller,Female,52,2022-09-22,San Diego,United Kingdom,linda.miller778@example.com,60265.34,242.02,Bronze,False,False
CUST-01028,William Thomas,Other,37,2022-12-03,Los Angeles,USA,william.thomas1028@example.com,37194.31,96.13,Gold,False,False
CUST-02833,Jessica Moore,Male,39,2024-10-28,Los Angeles,United Kingdom,jessica.moore2833@example.com,72041.23,44.18,Gold,False,False
CUST-00413,Elizabeth Smith,Female,16,2021-12-12,Chicago,Canada,elizabeth.smith413@example.com,69955.99,26.33,Gold,False,False
CUST-02338,Robert Hernandez,Male,37,2022-11-15,Dallas,USA,robert.hernandez2338@example.com,67744.4,79.18,Gold,False,False
CUST-00156,John Jones,Other,21,2024-04-04,Phoenix,USA,john.jones156@example.com,65727.69,280.54,Gold,False,False
CUST-00237,Joseph Thomas,Female,23,2023-12-16,San Diego,Canada,joseph.thomas237@example.com,64137.88,329.42,Silver,False,False
CUST-02957,Sarah Hernandez,Male,68,2021-10-02,San Antonio,USA,sarah.hernandez2957@example.com,74316.13,129.47,Bronze,False,False
CUST-01935,Daniel Jackson,Female,67,2021-12-18,Philadelphia,Canada,daniel.jackson1935@example.com,58520.04,144.19,Bronze,False,False
CUST-01699,Joseph Rodriguez,Female,28,2021-06-07,Phoenix,USA,joseph.rodriguez1699@example.com,43654.85,58.04,Gold,False,False
CUST-01074,Susan Smith,Female,27,2022-03-20,Los Angeles,United Kingdom,,29615.02,243.59,Silver,False,False
CUST-00665,William Jackson,Female,58,2024-03-16,Philadelphia,United Kingdom,william.jackson665@example.com,69697.69,144.19,Bronze,False,False
CUST-01360,Sarah Jones,Male,21,2023-12-19,Houston,United Kingdom,,85440.74,205.83,Gold,False,False
CUST-01097,Mary Lopez,Female,19,2022-12-28,Chicago,United Kingdom,mary.lopez1097@example.com,80305.11,96.66,Bronze,False,False
CUST-00698,Mary Taylor,Male,53,2022-06-27,Los Angeles,United Kingdom,mary.taylor698@example.com,73972.93,141.34,Gold,False,False
CUST-02447,Mary Hernandez,Male,34,2022-11-24,Phoenix,United Kingdom,,65404.36,163.5,Gold,False,False
CUST-00267,James Davis,Male,23,2022-12-16,Dallas,USA,james.davis267@example.com,61885.19,156.27,Bronze,False,False
CUST-02377,Elizabeth Lopez,Female,43,2021-08-15,Los Angeles,USA,elizabeth.lopez2377@example.com,59310.84,144.19,Bronze,False,False
CUST-02733,Thomas Jones,Female,77,2021-12-11,Chicago,USA,thomas.jones2733@example.com,84276.49,216.32,Gold,False,False
CUST-01772,David Jones,Male,34,2021-07-30,Houston,USA,david.jones1772@example.com,52985.26,126.08,Silver,False,False
CUST-01237,Matthew Jackson,Female,49,2024-09-06,Phoenix,United Kingdom,matthew.jackson1237@example.com,65431.9,136.16,Silver,False,False
CUST-02773,Nancy Anderson,Male,24,2022-11-22,Dallas,Canada,nancy.anderson2773@example.com,33602.32,129.65,Silver,False,False
CUST-02227,Charles Anderson,Male,37,2023-04-30,Dallas,Australia,charles.anderson2227@example.com,51410.94,179.92,Gold,False,False
CUST-00828,Sarah Johnson,Male,31,,Los Angeles,Canada,sarah.johnson828@example.com,59392.32,188.85,Gold,False,False
CUST-02270,Thomas Lopez,Female,36,2024-07-28,Chicago,United Kingdom,thomas.lopez2270@example.com,43016.81,220.81,Gold,False,False
CUST-01280,Lisa Moore,Female,31,2022-03-07,Dallas,USA,,69450.69,30.24,Bronze,False,False
CUST-01573,Nancy Garcia,Male,40,2022-05-04,Los Angeles,Australia,nancy.garcia1573@example.com,22604.23,55.43,Silver,False,False
CUST-00706,Michael Moore,Male,25,2021-05-17,San Diego,USA,michael.moore706@example.com,83883.61,189.78,Gold,False,False
CUST-00142,James Brown,Female,38,2021-04-05,Chicago,Canada,james.brown142@example.com,57697.17,204.33,Bronze,False,False
CUST-00357,John Brown,Female,25,2024-03-16,Chicago,United Kingdom,john.brown357@example.com,78871.73,173.96,Gold,False,False
CUST-02035,Lisa Jackson,Male,53,2021-12-22,Dallas,Australia,lisa.jackson2035@example.com,38008.53,224.04,Bronze,False,False
CUST-00198,John Brown,Female,36,2023-05-11,San Diego,USA,,83141.64,214.25,Bronze,False,False
CUST-01974,Karen Brown,Female,77,2021-10-13,Austin,Australia,karen.brown1974@example.com,77575.82,48.44,Silver,False,False
CUST-01365,Patricia Davis,Female,36,2022-03-18,New York,USA,patricia.davis1365@example.com,89470.31,200.86,Silver,False,False
CUST-01165,Daniel Williams,Female,37,2021-02-23,Phoenix,USA,daniel.williams1165@example.com,68643.88,309.53,Silver,False,False
CUST-02837,Thomas Moore,Male,52,2021-11-26,Los Angeles,Canada,thomas.moore2837@example.com,57176.25,200.63,Silver,False,False
CUST-00018,Nancy Jackson,Male,20,2024-11-18,Chicago,Canada,nancy.jackson18@example.com,53250.41,229.68,Bronze,False,False
CUST-02765,Sarah Garcia,Male,40,2021-08-02,Austin,USA,sarah.garcia2765@example.com,36644.13,144.19,Silver,False,False
CUST-00249,Nancy Miller,Female,54,2021-06-28,New York,Australia,nancy.miller249@example.com,80652.0,107.3,Bronze,False,False
CUST-02583,Michael Taylor,Male,38,2022-10-21,San Diego,USA,michael.taylor2583@example.com,95210.64,78.05,Gold,False,False
CUST-00405,Susan Martinez,Male,29,2021-12-26,New York,USA,susan.martinez405@example.com,82223.04,1.86,Gold,False,False
CUST-02023,Susan Garcia,Female,31,2022-12-11,Philadelphia,Australia,susan.garcia2023@example.com,68013.99,48.8,Gold,False,False
CUST-02057,Mary Lopez,Female,50,2024-07-25,Philadelphia,United Kingdom,mary.lopez2057@example.com,42256.86,102.8,Gold,False,False
CUST-02550,Nancy Garcia,Female,51,2024-11-14,Philadelphia,Canada,nancy.garcia2550@example.com,84528.52,275.65,Gold,False,False
CUST-01925,John Davis,Male,59,2021-06-06,Philadelphia,Australia,john.davis1925@example.com,102556.05,131.94,Bronze,False,False
CUST-00918,Thomas Martinez,Other,38,2024-04-11,Chicago,USA,thomas.martinez918@example.com,59828.15,266.73,Gold,False,False
CUST-00007,Elizabeth Thomas,Male,44,2024-11-30,San Diego,United Kingdom,elizabeth.thomas7@example.com,70845.42,171.74,Gold,False,False
CUST-00328,Matthew Hernandez,Female,80,2022-08-01,Austin,Canada,matthew.hernandez328@example.com,90397.82,184.42,Bronze,True,False
CUST-02895,Daniel Taylor,Male,16,2021-09-04,Chicago,Canada,daniel.taylor2895@example.com,52627.73,111.87,Bronze,False,False
CUST-00593,Daniel Williams,Male,42,2022-07-17,San Diego,Canada,daniel.williams593@example.com,45135.23,231.17,Gold,False,False
CUST-02619,Lisa Garcia,Male,16,2021-07-21,Dallas,United Kingdom,lisa.garcia2619@example.com,54767.41,14.35,Gold,False,False
CUST-01003,Robert Davis,Female,24,2022-08-31,New York,United Kingdom,,76589.16,136.1,Bronze,False,False
CUST-00273,Robert Brown,Female,27,,Phoenix,USA,robert.brown273@example.com,67244.04,37.33,Bronze,False,False
CUST-00204,Daniel Davis,Other,52,2022-08-10,Los Angeles,United Kingdom,daniel.davis204@example.com,61944.52,243.83,Gold,False,False
CUST-02347,Patricia Martinez,Female,41,2024-10-13,Philadelphia,Canada,patricia.martinez2347@example.com,52164.35,93.24,Bronze,False,False
CUST-00933,Patricia Brown,Female,65,2023-11-07,Chicago,USA,patricia.brown933@example.com,92359.34,67.22,Bronze,False,False
CUST-00917,Mary Martinez,Other,47,2022-07-25,New York,Australia,mary.martinez917@example.com,58254.57,202.56,Bronze,False,False
CUST-02501,Robert Jones,Female,50,2021-01-23,Houston,USA,robert.jones2501@example.com,52217.54,89.1,Bronze,False,False
CUST-01084,Michael Miller,Male,34,2022-11-05,San Diego,USA,michael.miller1084@example.com,41845.0,144.19,Bronze,False,False
CUST-01369,Elizabeth Jackson,Female,23,2023-06-27,Dallas,Australia,elizabeth.jackson1369@example.com,58474.35,74.02,Bronze,False,False
CUST-00471,Daniel Moore,Male,37,2021-07-03,San Antonio,Canada,daniel.moore471@example.com,46943.89,293.45,Silver,False,False
CUST-02173,Patricia Miller,Female,41,2022-02-17,Philadelphia,Canada,patricia.miller2173@example.com,76626.07,249.28,Gold,False,False
CUST-02859,Daniel Rodriguez,Male,40,2023-11-13,Houston,Canada,,81487.24,92.08,Gold,False,False
CUST-02595,Joseph Thomas,Female,16,2023-03-17,Chicago,United Kingdom,joseph.thomas2595@example.com,78251.78,27.96,Bronze,False,False
CUST-00126,James Williams,Female,58,2024-04-23,Austin,USA,james.williams126@example.com,84965.68,50.57,Gold,False,False
CUST-02958,Matthew Wilson,Female,18,2023-09-29,Dallas,USA,,50604.72,178.69,Silver,False,False
CUST-02864,Charles Martin,Male,52,2022-10-29,Chicago,Australia,,65318.68,121.07,Bronze,False,False
CUST-02441,Joseph Gonzalez,Male,43,2021-04-18,Chicago,USA,joseph.gonzalez2441@example.com,49291.44,54.91,Bronze,False,False
CUST-01391,David Miller,Female,49,,Dallas,Canada,david.miller1391@example.com,56158.77,348.5,Gold,False,False
CUST-01086,Michael Brown,Female,22,2024-02-12,Los Angeles,Canada,michael.brown1086@example.com,64713.43,186.9,Gold,False,False
CUST-01327,David Davis,Male,23,2021-04-25,San Antonio,Australia,david.davis1327@example.com,67073.19,215.27,Bronze,False,False
CUST-00746,Jennifer Moore,Male,35,2024-04-06,Houston,United Kingdom,,70985.15,38.8,Silver,False,False
CUST-01532,Thomas Anderson,Female,42,2024-11-15,Houston,Canada,thomas.anderson@@example..com,39150.27,200.85,Gold,False,False
CUST-00363,Robert Wilson,Male,62,,San Antonio,United Kingdom,robert.wilson363@example.com,51928.25,144.19,Silver,False,False
CUST-02000,Thomas Hernandez,Female,42,2022-03-04,Chicago,Australia,,51011.54,223.34,Silver,False,False
CUST-01801,Daniel Martinez,Male,25,2022-02-23,Chicago,Australia,,88893.96,-179.24,Silver,True,True
CUST-02795,Betty Martinez,Male,51,2023-11-12,Houston,United Kingdom,betty.martinez2795@example.com,62903.07,162.31,Silver,False,False
CUST-02927,Nancy Jackson,Female,55,2021-01-03,New York,Australia,nancy.jackson@@example..com,61885.19,33.2,Gold,False,False
CUST-00881,Daniel Martinez,Female,42,2022-12-26,Los Angeles,USA,daniel.martinez881@example.com,79215.73,50.13,Bronze,False,False
CUST-01903,Patricia Anderson,Female,35,2022-02-27,San Diego,Canada,patricia.anderson1903@example.com,50541.99,26.41,Silver,False,False
CUST-00123,Nancy Hernandez,Other,38,2021-01-25,Chicago,Australia,nancy.hernandez123@example.com,66798.73,144.19,Silver,False,False
CUST-02520,James Martinez,Female,48,2022-02-19,Chicago,Canada,james.martinez2520@example.com,65861.82,56.28,Gold,False,False
CUST-02030,Daniel Anderson,Male,45,2021-04-03,Dallas,United Kingdom,daniel.anderson2030@example.com,119743.15,219.91,Silver,True,False
CUST-02134,Charles Davis,Male,18,2022-08-25,San Antonio,Australia,charles.davis2134@example.com,45689.65,164.49,Bronze,False,False
CUST-01499,John Moore,Male,29,2021-04-02,Chicago,USA,john.moore1499@example.com,60187.33,131.83,Silver,False,False
CUST-00074,Nancy Thomas,Male,33,2024-05-12,Austin,USA,nancy.thomas74@example.com,37443.17,197.42,Gold,False,False
CUST-01933,John Davis,Male,23,2022-07-30,Austin,United Kingdom,john.davis1933@example.com,69844.08,243.92,Gold,False,False
CUST-02397,Jessica Rodriguez,Female,57,2023-03-12,Philadelphia,Canada,jessica.rodriguez2397@example.com,61885.19,8.57,Silver,False,False
CUST-00008,Karen Williams,Female,39,2021-12-24,Philadelphia,Canada,karen.williams8@example.com,31766.36,192.72,Bronze,False,False
CUST-00443,Charles Jackson,,18,2023-01-31,San Antonio,Australia,charles.jackson443@example.com,65938.36,225.13,Gold,False,False
CUST-00625,Joseph Garcia,Female,52,2021-11-30,Austin,Canada,joseph.garcia625@example.com,71041.7,167.37,Gold,False,False
CUST-00926,Lisa Moore,Male,29,2024-07-26,Houston,USA,lisa.moore926@example.com,90497.5,249.02,Bronze,False,False
CUST-00660,Thomas Thomas,Male,44,2024-07-24,Chicago,United Kingdom,thomas.thomas660@example.com,42427.2,260.37,Gold,False,False
CUST-01311,David Martinez,Male,50,2023-09-19,Phoenix,USA,david.martinez1311@example.com,33297.65,178.15,Bronze,False,False
CUST-00538,Matthew Garcia,Female,49,2021-08-11,New York,Canada,matthew.garcia538@example.com,56010.22,23.91,Gold,False,False
CUST-00157,Matthew Anderson,Female,34,2024-10-02,Dallas,United Kingdom,matthew.anderson157@example.com,50649.04,134.7,Bronze,False,False
CUST-00590,David Jones,Female,57,,Los Angeles,USA,david.jones590@example.com,73171.88,253.72,Gold,False,False
CUST-02217,Jessica Davis,Female,50,2023-05-31,San Antonio,United Kingdom,jessica.davis2217@example.com,91036.9,161.11,Gold,False,False
CUST-00541,David Thomas,Female,29,2021-12-12,San Antonio,Australia,david.thomas541@example.com,29588.97,330.35,Silver,False,False
CUST-02743,Patricia Anderson,Male,33,2021-06-16,Chicago,USA,patricia.anderson2743@example.com,63529.96,96.03,Bronze,False,False
CUST-00144,Richard Wilson,Male,59,2023-08-14,Phoenix,USA,richard.wilson144@example.com,50562.74,79.17,Silver,False,False
CUST-00736,Robert Gonzalez,Female,48,2023-12-11,Philadelphia,United Kingdom,robert.gonzalez736@example.com,20923.03,53.17,Gold,False,False
CUST-00438,Richard Moore,Male,57,2023-07-26,Chicago,USA,richard.moore438@example.com,52792.44,286.53,Gold,False,False
CUST-01052,Elizabeth Gonzalez,Male,17,2021-05-06,San Antonio,Canada,elizabeth.gonzalez1052@example.com,28472.04,193.38,Gold,False,False
CUST-01978,Betty Brown,Female,47,2024-05-26,Phoenix,USA,betty.brown1978@example.com,84667.37,211.33,Bronze,False,False
CUST-02544,Nancy Anderson,Male,39,2022-03-20,Dallas,United Kingdom,nancy.anderson2544@example.com,75932.13,106.86,Silver,False,False
CUST-02100,Charles Lopez,Female,17,2022-01-17,San Diego,Australia,charles.lopez2100@example.com,52007.7,144.19,Bronze,False,False
CUST-02350,John Rodriguez,Male,38,2024-10-11,New York,Australia,john.rodriguez2350@example.com,68879.64,155.07,Silver,False,False
CUST-00327,Michael Moore,Male,38,2023-11-27,San Antonio,USA,michael.moore327@example.com,81743.2,193.95,Bronze,False,False
CUST-01271,Sarah Martinez,Female,40,2022-01-03,Houston,Australia,sarah.martinez1271@example.com,39723.1,132.54,Silver,False,False
CUST-00908,Sarah Smith,Female,55,2023-07-29,Austin,Australia,sarah.smith908@example.com,51322.15,116.11,Gold,False,False
CUST-00890,Charles Martin,Female,44,2022-03-12,San Antonio,Australia,charles.martin890@example.com,38063.25,142.9,Bronze,False,False
CUST-00624,James Miller,Male,63,2024-12-28,Chicago,Australia,james.miller624@example.com,81116.97,46.15,Gold,False,False
CUST-00944,David Smith,Female,35,2023-04-23,Austin,Canada,david.smith944@example.com,40908.6,170.18,Bronze,False,False
CUST-01429,Susan Hernandez,Male,40,2021-03-04,Chicago,USA,susan.hernandez1429@example.com,56337.46,41.54,Bronze,False,False
CUST-01021,Joseph Thomas,Male,50,2024-12-28,Austin,Canada,joseph.thomas1021@example.com,79692.02,144.19,Silver,False,False
CUST-00976,David Williams,Male,62,2022-08-26,Philadelphia,United Kingdom,david.williams976@example.com,99399.44,174.07,Silver,False,False
CUST-00971,Karen Johnson,Other,42,2021-11-21,Philadelphia,USA,karen.johnson971@example.com,43599.13,201.28,Bronze,False,False
CUST-02667,Betty Rodriguez,Female,35,2024-01-18,Chicago,Canada,betty.rodriguez2667@example.com,25214.58,209.01,Bronze,False,False
CUST-00655,David Davis,Female,28,2023-08-30,Phoenix,USA,david.davis655@example.com,77908.64,5.99,Gold,False,False
CUST-01320,Daniel Miller,Female,24,2022-01-29,Dallas,United Kingdom,daniel.miller1320@example.com,76126.29,194.19,Gold,False,False
CUST-00146,James Jackson,Male,25,2024-02-09,Philadelphia,USA,james.jackson146@example.com,89019.0,47.25,Gold,False,False
CUST-00075,Nancy Rodriguez,Female,40,2021-06-16,Dallas,Australia,,47494.13,134.1,Gold,False,False
CUST-00816,Joseph Davis,Female,52,2023-07-13,Chicago,United Kingdom,joseph.davis816@example.com,76271.02,58.6,Silver,False,False
CUST-01804,Jessica Lopez,Male,24,2023-02-11,Los Angeles,Canada,jessica.lopez1804@example.com,63349.66,97.14,Bronze,False,False
CUST-02117,Mary Lopez,Male,24,2021-07-09,Houston,United Kingdom,mary.lopez2117@example.com,88633.66,94.54,Gold,False,False
CUST-01558,Susan Martin,Female,71,2024-08-18,Houston,United Kingdom,susan.martin1558@example.com,80591.78,56.28,Gold,False,False
CUST-01931,Mary Gonzalez,,64,2023-04-06,Houston,Canada,mary.gonzalez1931@example.com,91083.98,116.69,Silver,False,False
CUST-00838,Daniel Wilson,Male,28,2023-11-26,Chicago,USA,daniel.wilson838@example.com,30849.66,-188.56,Bronze,True,True
CUST-01296,Joseph Gonzalez,Female,20,2022-07-29,Houston,USA,joseph.gonzalez1296@example.com,27421.64,16.47,Silver,False,False
CUST-01850,Matthew Garcia,Female,36,2021-02-09,Chicago,USA,matthew.garcia1850@example.com,56919.35,224.46,Gold,False,False
CUST-02010,Patricia Taylor,Male,50,2022-10-27,Austin,Canada,patricia.taylor2010@example.com,37154.03,206.08,Bronze,False,False
CUST-00999,Karen Moore,Male,65,2021-07-07,San Diego,Australia,karen.moore999@example.com,82247.98,156.51,Bronze,False,False
CUST-00304,Michael Garcia,Male,16,2023-03-29,Chicago,Canada,,60275.32,183.92,Gold,False,False
CUST-00733,Michael Lopez,Female,52,2023-09-03,Chicago,USA,michael.lopez733@example.com,73638.41,157.41,Silver,False,False
CUST-00936,Linda Lopez,Male,73,2021-11-08,New York,Canada,linda.lopez936@example.com,61885.19,33.21,Bronze,False,False
CUST-02800,Jessica Thomas,Female,54,2022-06-18,Los Angeles,United Kingdom,jessica.thomas2800@example.com,66649.04,194.38,Bronze,False,False
CUST-01201,John Davis,Female,59,2022-05-31,San Diego,United Kingdom,john.davis1201@example.com,50325.28,144.19,Bronze,False,False
CUST-01407,Jessica Martinez,Female,61,2024-12-25,Chicago,United Kingdom,jessica.martinez1407@example.com,52047.71,102.11,Silver,False,False
CUST-00872,Karen Anderson,Male,49,2021-03-12,Phoenix,Canada,karen.anderson872@example.com,79024.15,146.04,Gold,False,False
CUST-00978,Jennifer Anderson,Other,39,2023-01-16,Chicago,United Kingdom,jennifer.anderson978@example.com,39615.35,63.7,Silver,False,False
CUST-02048,Robert Brown,Male,35,2023-10-29,San Antonio,United Kingdom,robert.brown2048@example.com,5000000.0,14.92,Gold,True,False
CUST-01618,Matthew Johnson,Female,57,2022-06-28,Los Angeles,Canada,matthew.johnson1618@example.com,73949.54,142.85,Silver,False,False
CUST-02819,Daniel Moore,Male,59,2021-03-11,San Antonio,United Kingdom,daniel.moore2819@example.com,48124.94,58.64,Gold,False,False
CUST-02536,Betty Johnson,Female,28,2024-05-10,New York,USA,betty.johnson2536@example.com,57205.28,144.19,Silver,False,False
CUST-01493,Charles Brown,Female,50,2022-01-01,Dallas,United Kingdom,charles.brown1493@example.com,68128.47,345.95,Gold,False,False
CUST-01072,Jessica Moore,Female,43,2023-11-20,Dallas,United Kingdom,jessica.moore1072@example.com,62095.33,99.01,Gold,False,False
CUST-00988,John Anderson,Female,16,2024-10-08,Dallas,United Kingdom,john.anderson988@example.com,61885.19,133.52,Gold,False,False
CUST-01940,Daniel Brown,Male,34,2022-05-26,Austin,Canada,daniel.brown1940@example.com,75231.48,80.21,Bronze,False,False
CUST-00317,Sarah Moore,Female,45,2022-12-26,Chicago,Australia,sarah.moore317@example.com,75690.53,168.65,Gold,False,False
CUST-01717,Matthew Miller,Female,27,2024-12-17,New York,United Kingdom,matthew.miller1717@example.com,61216.26,231.75,Gold,False,False
CUST-00149,Elizabeth Moore,,53,2022-06-11,Phoenix,Australia,elizabeth.moore149@example.com,46942.65,8.88,Bronze,False,False
CUST-02848,Nancy Martin,Other,45,2023-10-10,Dallas,United Kingdom,nancy.martin2848@example.com,88463.83,132.8,Silver,False,False
CUST-01720,Patricia Davis,Male,41,2021-01-20,New York,Canada,patricia.davis1720@example.com,53230.45,93.11,Bronze,False,False
CUST-00871,Jessica Johnson,Other,70,2024-10-18,Austin,USA,jessica.johnson871@example.com,39084.57,272.59,Silver,False,False
CUST-02076,Richard Gonzalez,Male,52,2022-01-28,San Antonio,Canada,richard.gonzalez2076@example.com,89972.52,194.77,Gold,False,False
CUST-00632,David Davis,Female,40,,Los Angeles,United Kingdom,david.davis632@example.com,91483.14,196.74,Bronze,False,False
CUST-01794,John Anderson,Female,50,2023-12-10,San Diego,Australia,john.anderson1794@example.com,65219.85,236.91,Silver,False,False
CUST-02213,Mary Williams,Male,39,2024-07-26,New York,Australia,mary.williams2213@example.com,56128.0,103.11,Gold,False,False
CUST-02824,Nancy Miller,Other,35,2021-05-30,Phoenix,Australia,nancy.miller2824@example.com,58263.74,149.5,Gold,False,False
CUST-00858,Jennifer Martinez,Other,51,2023-08-04,Austin,Canada,jennifer.martinez858@example.com,20849.92,89.3,Silver,False,False
CUST-02579,Lisa Gonzalez,Female,49,2022-04-05,San Antonio,Australia,lisa.gonzalez2579@example.com,999999999.0,268.68,Bronze,True,False
CUST-02592,Charles Lopez,Male,57,2022-02-03,Austin,USA,charles.lopez2592@example.com,72815.8,288.79,Gold,False,False
CUST-01185,Robert Rodriguez,Male,28,2021-02-06,Chicago,USA,robert.rodriguez1185@example.com,37289.04,112.71,Silver,False,False
CUST-02014,Daniel Rodriguez,Female,31,2024-06-07,New York,Canada,daniel.rodriguez2014@example.com,13749.4,292.74,Bronze,False,False
CUST-02464,Lisa Rodriguez,Female,16,2022-03-29,Los Angeles,Canada,lisa.rodriguez2464@example.com,65731.69,222.09,Silver,False,False
CUST-00003,Elizabeth Jones,Male,37,2021-01-22,New York,Australia,elizabeth.jones3@example.com,57653.91,176.29,Silver,False,False
CUST-01986,Nancy Garcia,Female,16,2023-11-29,New York,Canada,nancy.garcia1986@example.com,20391.43,251.68,Bronze,False,False
CUST-02370,James Anderson,Female,21,2023-05-09,San Antonio,USA,james.anderson2370@example.com,26760.86,90.37,Gold,False,False
CUST-00479,Betty Davis,Male,20,2024-10-07,Austin,Australia,betty.davis479@example.com,74635.83,53.53,Bronze,False,False
CUST-02813,James Rodriguez,Male,17,2024-06-09,San Diego,United Kingdom,james.rodriguez2813@example.com,38420.55,202.98,Gold,False,False
CUST-00747,Charles Anderson,Male,36,2021-08-07,Phoenix,USA,charles.anderson747@example.com,64555.07,38.94,Silver,False,False
CUST-02651,Patricia Davis,Female,51,2021-11-02,Dallas,Canada,,51559.23,112.78,Gold,False,False
CUST-02607,John Jones,Other,67,2021-08-04,San Diego,USA,john.jones2607@example.com,70135.09,167.59,Bronze,False,False
CUST-01191,Mary Garcia,Female,28,2022-05-26,Los Angeles,Australia,mary.garcia1191@example.com,32281.93,226.86,Gold,False,False
CUST-02893,Joseph Gonzalez,Male,40,2023-05-24,Austin,United Kingdom,joseph.gonzalez2893@example.com,61867.16,228.23,Bronze,False,False
CUST-01792,John Wilson,Male,40,2024-04-15,Dallas,United Kingdom,john.wilson1792@example.com,72929.78,49.69,Silver,False,False
CUST-00526,Daniel Miller,Male,41,2021-10-27,Houston,United Kingdom,daniel.miller526@example.com,42094.42,101.12,Bronze,False,False
CUST-02287,Michael Jackson,Female,41,2023-09-12,Houston,Canada,michael.jackson2287@example.com,54349.74,152.58,Silver,False,False
CUST-00164,James Miller,Male,49,2023-06-07,Phoenix,Australia,james.miller164@example.com,89240.45,94.95,Gold,False,False
CUST-00104,Thomas Martinez,Female,60,2023-06-25,Dallas,United Kingdom,thomas.martinez104@example.com,67061.18,177.77,Bronze,False,False
CUST-00782,Michael Taylor,Other,52,2024-12-26,Los Angeles,USA,michael.taylor782@example.com,86075.5,151.38,Gold,False,False
CUST-01597,Thomas Brown,Female,48,2024-05-29,Dallas,United Kingdom,thomas.brown1597@example.com,76952.63,143.79,Bronze,False,False
CUST-02825,Karen Miller,Male,59,2022-10-05,Chicago,United Kingdom,karen.miller2825@example.com,46687.5,55.34,Gold,False,False
CUST-00847,Matthew Martin,Male,30,2023-10-13,Austin,United Kingdom,matthew.martin847@example.com,79012.38,242.62,Bronze,False,False
CUST-01840,Matthew Davis,Female,46,2024-01-20,San Diego,United Kingdom,matthew.davis1840@example.com,75996.56,200.95,Gold,False,False
CUST-02780,David Moore,Male,16,2023-09-21,Phoenix,United Kingdom,david.moore2780@example.com,63212.41,282.58,Silver,False,False
CUST-02666,William Smith,Other,50,2024-06-25,Houston,Canada,william.smith2666@example.com,45582.54,105.47,Silver,False,False
CUST-02145,Joseph Thomas,Female,42,2021-03-30,San Antonio,Canada,joseph.thomas2145@example.com,51625.5,185.72,Gold,False,False
CUST-01686,Susan Anderson,Male,20,2024-11-06,San Diego,Canada,susan.anderson1686@example.com,32339.49,112.09,Gold,False,False
CUST-00530,Matthew Garcia,Other,37,2023-12-03,Houston,Australia,matthew.garcia530@example.com,76420.02,66.57,Bronze,False,False
CUST-00558,Elizabeth Martinez,Male,41,2024-05-08,Los Angeles,Canada,elizabeth.martinez558@example.com,38355.55,123.46,Bronze,False,False
CUST-02689,Jennifer Martinez,Female,32,2022-01-15,Chicago,Australia,jennifer.martinez2689@example.com,41909.73,81.13,Bronze,False,False
CUST-00894,Richard Martinez,Male,55,2024-10-17,Los Angeles,Australia,richard.martinez894@example.com,81771.0,168.23,Bronze,False,False
CUST-02871,Susan Rodriguez,Male,31,2022-08-15,San Antonio,United Kingdom,susan.rodriguez2871@example.com,38781.04,222.49,Bronze,False,False
CUST-02345,Patricia Moore,Male,46,2022-03-11,Philadelphia,USA,patricia.moore2345@example.com,71649.06,200.65,Bronze,False,False
CUST-02756,Richard Johnson,Female,29,2022-09-02,New York,Canada,richard.johnson2756@example.com,48275.04,27.37,Silver,False,False
CUST-02754,James Brown,Male,31,2024-04-09,Dallas,United Kingdom,james.brown2754@example.com,75587.54,387.14,Silver,True,False
CUST-02750,Robert Rodriguez,Female,57,2023-08-23,San Antonio,Australia,robert.rodriguez2750@example.com,57872.33,368.62,Gold,False,False
CUST-01500,Lisa Martin,Male,20,2023-12-16,Philadelphia,Australia,lisa.martin@@example..com,51667.1,125.71,Gold,False,False
CUST-00330,John Rodriguez,Female,45,2022-04-28,Philadelphia,United Kingdom,,57629.03,109.81,Silver,False,False
CUST-02535,Susan Johnson,Female,42,2024-04-28,Dallas,USA,susan.johnson2535@example.com,51749.19,113.98,Gold,False,False
CUST-02652,Jennifer Garcia,Female,52,2022-06-27,Austin,Canada,jennifer.garcia2652@example.com,100792.04,96.82,Bronze,False,False
CUST-02734,Michael Anderson,Female,48,2022-06-14,Chicago,USA,michael.anderson2734@example.com,56324.87,331.87,Silver,False,False
CUST-00394,Patricia Davis,Female,31,2024-04-28,Houston,United Kingdom,patricia.davis394@example.com,50222.88,261.82,Gold,False,False
CUST-02114,Joseph Hernandez,Male,45,2021-06-24,Phoenix,USA,joseph.hernandez2114@example.com,101178.99,174.97,Bronze,False,False
CUST-00671,Robert Gonzalez,Female,32,2021-02-06,San Diego,Canada,robert.gonzalez671@example.com,70670.02,47.24,Gold,False,False
CUST-00749,Matthew Davis,Female,27,2021-01-22,Houston,USA,matthew.davis749@example.com,83287.63,270.66,Gold,False,False
CUST-01572,Sarah Lopez,Male,35,2023-12-16,Dallas,USA,sarah.lopez1572@example.com,90062.34,144.19,Gold,False,False
CUST-01736,William Martinez,Female,33,2023-10-17,Houston,United Kingdom,william.martinez1736@example.com,36057.68,225.78,Silver,False,False
CUST-00475,Karen Rodriguez,Female,36,2022-05-29,Philadelphia,United Kingdom,karen.rodriguez475@example.com,34257.13,78.63,Silver,False,False
CUST-00070,William Davis,Female,39,2023-05-10,Chicago,United Kingdom,,999999999.0,21.12,Silver,True,False
CUST-01921,James Smith,Male,33,,Houston,Australia,james.smith@@example..com,57844.19,135.81,Gold,False,False
CUST-02684,Susan Martinez,Male,43,2021-10-19,Houston,United Kingdom,susan.martinez2684@example.com,89854.05,105.64,Bronze,False,False
CUST-00384,Karen Garcia,Female,33,2021-10-15,Houston,USA,karen.garcia384@example.com,89608.37,300.87,Silver,False,False
CUST-00867,Joseph Martin,Male,47,2022-11-19,Dallas,Canada,joseph.martin867@example.com,97780.44,43.78,Bronze,False,False
CUST-02326,Sarah Thomas,Male,53,2021-04-23,Phoenix,Australia,,76512.43,12.52,Gold,False,False
CUST-01198,Patricia Garcia,Female,20,2023-09-19,San Antonio,USA,patricia.garcia1198@example.com,31024.87,81.97,Bronze,False,False
CUST-01422,Jessica Lopez,Male,25,2024-12-14,San Diego,United Kingdom,jessica.lopez1422@example.com,33323.15,52.22,Silver,False,False
CUST-02428,David Miller,Male,43,2021-08-30,New York,Australia,david.miller2428@example.com,61407.91,23.85,Gold,False,False
CUST-00529,Matthew Brown,Female,22,2023-03-17,San Antonio,USA,matthew.brown529@example.com,45685.44,316.13,Bronze,False,False
CUST-00613,Karen Brown,Male,62,2024-03-09,Chicago,Australia,karen.brown613@example.com,76080.84,274.51,Gold,False,False
CUST-02103,Betty Taylor,Male,46,2023-11-17,Los Angeles,Australia,betty.taylor2103@example.com,76494.25,185.92,Silver,False,False
CUST-02918,John Williams,Female,49,2021-11-04,San Diego,United Kingdom,john.williams2918@example.com,109714.54,211.18,Gold,False,False
CUST-01855,Joseph Hernandez,Female,51,2022-04-30,San Antonio,United Kingdom,joseph.hernandez1855@example.com,76487.55,44.46,Bronze,False,False
CUST-01061,Elizabeth Lopez,Male,35,2022-08-20,Los Angeles,USA,elizabeth.lopez1061@example.com,16447.73,244.95,Gold,False,False
CUST-00517,James Davis,Male,44,2021-10-24,Phoenix,USA,james.davis517@example.com,76490.06,152.29,Gold,False,False
CUST-00221,Joseph Rodriguez,Female,34,2022-12-15,Los Angeles,Canada,joseph.rodriguez221@example.com,54176.93,109.39,Silver,False,False
CUST-00722,Elizabeth Anderson,Other,42,2023-11-26,San Diego,USA,elizabeth.anderson722@example.com,46366.8,248.49,Bronze,False,False
CUST-02034,John Martinez,Male,29,2021-06-13,Philadelphia,United Kingdom,john.martinez2034@example.com,999999999.0,307.43,Gold,True,False
CUST-01205,Richard Thomas,Male,16,2023-10-06,Los Angeles,United Kingdom,richard.thomas1205@example.com,36304.03,194.7,Bronze,False,False
CUST-00713,Betty Rodriguez,Female,29,2022-01-15,Houston,Australia,betty.rodriguez713@example.com,47387.63,149.56,Gold,False,False
CUST-02593,William Gonzalez,Male,38,2022-08-28,Austin,United Kingdom,william.gonzalez2593@example.com,5000000.0,99.9,Silver,True,False
CUST-01803,Michael Hernandez,Male,48,2024-05-04,Philadelphia,USA,,39348.21,175.61,Gold,False,False
CUST-01022,Charles Anderson,Male,58,2022-09-15,Philadelphia,United Kingdom,charles.anderson1022@example.com,89746.23,206.29,Gold,False,False
CUST-01315,Robert Davis,Female,53,2023-05-22,Chicago,Australia,robert.davis1315@example.com,36535.66,277.7,Gold,False,False
CUST-02860,William Garcia,Female,45,2024-10-09,Houston,United Kingdom,william.garcia2860@example.com,61906.95,62.63,Silver,False,False
CUST-02083,Thomas Thomas,Male,51,2024-07-27,Austin,USA,thomas.thomas2083@example.com,57924.25,249.64,Gold,False,False
CUST-01100,William Miller,Male,40,2023-11-13,San Diego,United Kingdom,william.miller1100@example.com,40117.87,172.15,Gold,False,False
CUST-01230,Elizabeth Miller,Female,57,2022-03-02,Los Angeles,Canada,,111991.09,75.1,Gold,False,False
CUST-01812,Charles Anderson,Female,30,2023-03-07,San Antonio,United Kingdom,charles.anderson1812@example.com,113155.67,172.53,Silver,False,False
CUST-01016,Lisa Taylor,Male,38,2021-03-08,San Antonio,United Kingdom,lisa.taylor1016@example.com,36688.22,35.46,Bronze,False,False
CUST-01963,Richard Martinez,Female,40,2022-10-24,Philadelphia,Canada,richard.martinez1963@example.com,66155.79,154.69,Bronze,False,False
CUST-00110,Jessica Anderson,Other,38,2023-07-23,New York,United Kingdom,jessica.anderson110@example.com,41222.47,49.11,Bronze,False,False
CUST-02926,John Williams,Female,30,2021-08-07,San Diego,USA,john.williams2926@example.com,66940.48,317.82,Silver,False,False
CUST-02488,Karen Johnson,Male,40,2024-03-08,Houston,Australia,karen.johnson@@example..com,50263.07,308.33,Bronze,False,False
CUST-01377,John Johnson,Male,43,2024-02-03,Houston,Canada,john.johnson1377@example.com,38797.93,82.92,Silver,False,False
CUST-00880,Karen Miller,Male,48,2024-02-27,Phoenix,Australia,karen.miller880@example.com,36513.06,58.2,Gold,False,False
CUST-02206,Daniel Williams,Male,43,2021-12-19,New York,Canada,daniel.williams2206@example.com,66936.11,144.19,Bronze,False,False
CUST-01975,Michael Davis,Other,40,2023-10-21,Phoenix,Australia,michael.davis1975@example.com,74693.22,98.51,Bronze,False,False
CUST-02285,Mary Taylor,Female,16,2022-10-05,Chicago,Australia,mary.taylor2285@example.com,45847.51,135.16,Silver,False,False
CUST-01389,Richard Rodriguez,Female,55,2024-04-11,Houston,Australia,richard.rodriguez1389@example.com,102605.96,130.18,Bronze,False,False
CUST-02288,Patricia Jones,Female,39,2024-07-29,Phoenix,USA,patricia.jones2288@example.com,59991.79,119.62,Silver,False,False
CUST-02591,Thomas Johnson,Male,39,2023-10-22,New York,Australia,thomas.johnson2591@example.com,50213.19,200.28,Bronze,False,False
CUST-01284,Robert Gonzalez,Female,60,2021-08-05,Los Angeles,United Kingdom,robert.gonzalez1284@example.com,75758.93,155.93,Silver,False,False
CUST-00505,James Thomas,Female,42,2024-10-24,New York,United Kingdom,james.thomas505@example.com,47802.83,24.07,Gold,False,False
CUST-01947,Nancy Jones,Female,23,2023-01-29,Austin,United Kingdom,nancy.jones1947@example.com,31071.89,156.98,Silver,False,False
CUST-02188,Linda Johnson,Female,16,2023-08-19,Dallas,USA,linda.johnson2188@example.com,38654.3,144.19,Gold,False,False
CUST-00592,Jennifer Thomas,Female,35,2024-12-21,Phoenix,Australia,jennifer.thomas592@example.com,61885.19,166.92,Bronze,False,False
CUST-00496,John Jackson,Male,40,2024-05-12,New York,United Kingdom,john.jackson496@example.com,117080.24,189.01,Gold,False,False
CUST-01382,Mary Martinez,,63,,Houston,United Kingdom,,38002.23,180.74,Gold,False,False
CUST-02694,Linda Williams,Female,43,2024-10-16,San Diego,Australia,linda.williams2694@example.com,73301.76,12.06,Silver,False,False
CUST-01642,Betty Taylor,Male,33,2021-11-25,Philadelphia,United Kingdom,betty.taylor1642@example.com,59438.61,210.26,Silver,False,False
CUST-02449,Karen Jones,Female,56,2022-06-27,Chicago,USA,karen.jones2449@example.com,55111.72,274.84,Silver,False,False
CUST-01880,Karen Davis,Female,42,2024-02-03,San Diego,USA,karen.davis1880@example.com,40330.5,152.48,Bronze,False,False
CUST-01495,Robert Thomas,Female,18,2024-10-26,New York,Australia,robert.thomas1495@example.com,65768.52,118.36,Bronze,False,False
CUST-00048,Thomas Thomas,Male,56,2023-11-05,Austin,Australia,thomas.thomas48@example.com,80099.62,217.68,Gold,False,False
CUST-02621,John Martinez,Male,56,2024-01-19,Philadelphia,Australia,john.martinez2621@example.com,31664.31,288.97,Bronze,False,False
CUST-01643,Susan Brown,Male,31,2023-08-12,San Diego,USA,susan.brown1643@example.com,70245.53,53.09,Bronze,False,False
CUST-00324,David Johnson,Male,47,2024-08-21,Phoenix,USA,david.johnson324@example.com,55611.13,149.86,Gold,False,False
CUST-00480,Robert Jackson,Female,40,2021-11-18,New York,Australia,robert.jackson480@example.com,85624.03,35.72,Silver,False,False
CUST-01046,Sarah Johnson,Male,22,2024-07-23,Dallas,USA,sarah.johnson1046@example.com,73892.81,141.63,Silver,False,False
CUST-00326,Robert Williams,Female,37,2024-05-09,Dallas,United Kingdom,robert.williams326@example.com,77603.83,154.95,Gold,False,False
CUST-00293,Nancy Martin,Male,69,2024-12-05,Houston,United Kingdom,nancy.martin293@example.com,25037.65,182.71,Gold,False,False
CUST-00674,Charles Jones,Female,45,2022-06-27,Austin,Canada,charles.jones@@example..com,69070.11,69.89,Gold,False,False
CUST-00436,Elizabeth Thomas,Female,35,2023-12-07,Philadelphia,Australia,elizabeth.thomas436@example.com,49686.01,99.94,Bronze,False,False
CUST-02330,Jennifer Anderson,Female,40,2023-05-23,Los Angeles,Australia,jennifer.anderson2330@example.com,46856.24,216.29,Bronze,False,False
CUST-02445,Betty Williams,Female,79,2021-01-21,San Antonio,United Kingdom,betty.williams2445@example.com,74983.39,152.6,Gold,True,False
CUST-02175,John Martin,Male,29,2022-02-07,San Diego,USA,john.martin2175@example.com,61885.19,111.01,Silver,False,False
CUST-00564,James Rodriguez,Other,52,2021-09-07,Dallas,Canada,james.rodriguez564@example.com,82499.89,130.54,Gold,False,False
CUST-01951,Patricia Smith,Male,41,2024-06-26,Los Angeles,USA,patricia.smith1951@example.com,82792.46,96.21,Gold,False,False
CUST-02380,Jennifer Williams,Female,62,,Dallas,USA,jennifer.williams2380@example.com,77985.77,177.82,Bronze,False,False
CUST-02064,Robert Moore,Female,41,2023-01-25,San Diego,Australia,robert.moore2064@example.com,25154.13,136.55,Silver,False,False
CUST-01270,Elizabeth Williams,Female,38,2024-11-10,Los Angeles,Australia,elizabeth.williams1270@example.com,55171.53,111.6,Silver,False,False
CUST-02627,Richard Williams,Male,16,2023-11-08,Philadelphia,United Kingdom,richard.williams2627@example.com,91499.2,30.46,Gold,False,False
CUST-00728,Sarah Miller,Female,62,2021-03-26,San Antonio,Australia,sarah.miller@@example..com,72305.15,196.17,Gold,False,False
CUST-02784,Susan Jackson,Female,40,2022-12-27,New York,United Kingdom,susan.jackson2784@example.com,61885.19,114.95,Gold,False,False
CUST-00675,Elizabeth Martin,Female,20,2021-03-24,Los Angeles,United Kingdom,elizabeth.martin675@example.com,61885.19,245.2,Silver,False,False
CUST-01621,Nancy Rodriguez,Female,53,2022-04-07,Los Angeles,Australia,nancy.rodriguez1621@example.com,25025.2,3.32,Bronze,False,False
CUST-00035,Betty Jones,Female,23,2022-04-19,Los Angeles,Australia,betty.jones35@example.com,68704.45,239.52,Gold,False,False
CUST-01983,Thomas Wilson,Female,44,2024-08-13,Philadelphia,Canada,thomas.wilson1983@example.com,57415.82,53.93,Bronze,False,False
CUST-01576,Mary Wilson,Male,36,2023-07-11,Philadelphia,USA,mary.wilson1576@example.com,88519.45,12.45,Bronze,False,False
CUST-00010,Elizabeth Gonzalez,Male,52,2021-12-05,New York,Canada,elizabeth.gonzalez10@example.com,83356.82,82.15,Bronze,False,False
CUST-02757,John Johnson,Female,33,2022-03-21,San Antonio,Canada,john.johnson2757@example.com,20672.43,26.98,Silver,False,False
CUST-00743,Nancy Hernandez,Male,27,2021-11-08,Austin,United Kingdom,nancy.hernandez743@example.com,62066.29,16.52,Gold,False,False
CUST-02002,Daniel Johnson,Female,66,2022-08-30,Philadelphia,Canada,daniel.johnson2002@example.com,39765.63,92.07,Silver,False,False
CUST-01221,Thomas Martin,Male,39,2023-04-18,Houston,Canada,thomas.martin1221@example.com,89007.96,146.36,Gold,False,False
CUST-01798,William Garcia,Female,34,2024-12-13,Phoenix,Australia,william.garcia1798@example.com,73711.06,172.18,Gold,False,False
CUST-00313,Jessica Gonzalez,Male,48,2024-12-20,San Antonio,USA,jessica.gonzalez313@example.com,36217.93,148.32,Bronze,False,False
CUST-02704,Michael Rodriguez,Male,46,2024-02-06,Philadelphia,USA,michael.rodriguez2704@example.com,58808.09,-129.6,Bronze,True,True
CUST-01614,Joseph Garcia,Male,16,2024-04-02,Houston,Canada,joseph.garcia1614@example.com,89584.46,214.53,Gold,False,False
CUST-02778,Lisa Williams,Other,76,2024-01-10,San Antonio,Australia,lisa.williams2778@example.com,48628.14,155.56,Gold,False,False
CUST-00040,Elizabeth Martin,Female,56,2024-07-21,New York,Canada,elizabeth.martin40@example.com,61803.2,188.42,Silver,False,False
CUST-01362,Richard Rodriguez,Female,34,2021-11-22,Chicago,United Kingdom,richard.rodriguez1362@example.com,95129.72,182.08,Gold,False,False
CUST-00784,Charles Anderson,Male,41,2022-10-17,San Diego,Canada,charles.anderson784@example.com,21287.59,24.57,Bronze,False,False
CUST-00515,Lisa Jones,Female,35,2024-09-16,New York,Australia,lisa.jones515@example.com,51984.7,70.24,Silver,False,False
CUST-00446,Charles Gonzalez,Other,35,2021-01-22,Phoenix,USA,charles.gonzalez446@example.com,74280.3,227.94,Gold,False,False
CUST-00510,Lisa Garcia,Female,27,2024-01-21,Austin,United Kingdom,lisa.garcia510@example.com,20458.35,144.99,Bronze,False,False
CUST-00760,Jennifer Smith,Male,37,2022-03-27,Chicago,Canada,jennifer.smith760@example.com,20849.46,106.56,Gold,False,False
CUST-02111,Mary Hernandez,Female,46,2022-05-05,San Antonio,USA,mary.hernandez2111@example.com,41450.13,323.94,Silver,False,False
CUST-02899,Linda Moore,Male,29,2021-06-05,Philadelphia,Canada,linda.moore2899@example.com,56884.48,29.09,Bronze,False,False
CUST-01583,Susan Smith,Female,59,2022-10-03,Houston,Canada,susan.smith1583@example.com,28508.5,231.27,Bronze,False,False
CUST-00612,Nancy Jackson,Male,37,2024-11-12,Philadelphia,USA,nancy.jackson612@example.com,63758.51,83.15,Bronze,False,False
CUST-01434,Linda Moore,,52,2023-02-08,Los Angeles,Canada,linda.moore1434@example.com,69006.04,141.72,Gold,False,False
CUST-02230,Matthew Hernandez,Male,26,2022-03-20,San Antonio,USA,matthew.hernandez2230@example.com,65561.61,30.57,Bronze,False,False
CUST-02089,John Moore,Male,33,2021-11-05,Philadelphia,USA,,48661.66,111.05,Gold,False,False
CUST-00218,Linda Jackson,Male,29,2023-08-17,Phoenix,USA,linda.jackson218@example.com,85583.21,112.47,Silver,False,False
CUST-01312,William Williams,Male,39,,Phoenix,Canada,william.williams1312@example.com,72763.79,186.81,Silver,False,False
CUST-01780,Jennifer Davis,Male,60,2024-03-12,Chicago,Australia,jennifer.davis@@example..com,61885.19,76.82,Gold,False,False
CUST-01680,John Gonzalez,Female,48,2021-07-19,New York,Canada,john.gonzalez1680@example.com,76481.21,162.7,Gold,False,False
CUST-02109,Linda Martinez,Female,43,2023-12-25,San Diego,Canada,linda.martinez2109@example.com,66637.62,153.65,Gold,False,False
CUST-01530,Michael Hernandez,Female,50,2021-12-31,Chicago,United Kingdom,michael.hernandez1530@example.com,76215.5,242.92,Gold,False,False
CUST-00600,Robert Taylor,Male,41,2023-10-24,Austin,Australia,robert.taylor600@example.com,78979.68,52.95,Gold,False,False
CUST-02528,Joseph Brown,Male,26,2024-11-14,Philadelphia,Canada,joseph.brown2528@example.com,70310.67,159.65,Gold,False,False
CUST-00195,Linda Moore,Male,40,2022-04-08,Houston,USA,linda.moore195@example.com,74388.41,145.42,Bronze,False,False
CUST-01716,Richard Jackson,Female,31,2022-07-22,New York,Canada,,79426.87,125.62,Gold,False,False
CUST-00709,Michael Moore,Female,55,2021-10-13,Philadelphia,Canada,michael.moore709@example.com,47563.8,158.08,Bronze,False,False
CUST-01149,Robert Gonzalez,Male,29,2023-01-30,Houston,USA,robert.gonzalez1149@example.com,35406.49,98.2,Bronze,False,False
CUST-02685,Susan Moore,Male,44,2021-01-30,San Antonio,United Kingdom,susan.moore2685@example.com,110020.57,294.82,Silver,False,False
CUST-02661,Karen Rodriguez,Female,46,2022-02-17,New York,Australia,karen.rodriguez2661@example.com,84941.97,102.43,Bronze,False,False
CUST-02886,Sarah Davis,Female,49,2023-08-30,Chicago,Australia,sarah.davis2886@example.com,56775.61,209.23,Bronze,False,False
CUST-01898,Mary Miller,Male,33,2024-07-28,San Antonio,USA,mary.miller1898@example.com,71970.26,20.02,Silver,False,False
CUST-01308,Michael Jackson,Female,50,2022-06-06,Philadelphia,United Kingdom,michael.jackson1308@example.com,43563.84,144.19,Gold,False,False
CUST-00561,Sarah Rodriguez,Female,37,2022-05-07,Phoenix,Australia,sarah.rodriguez561@example.com,47504.55,185.52,Gold,False,False
CUST-01741,Betty Hernandez,Male,38,2023-05-31,Houston,USA,betty.hernandez1741@example.com,77283.17,47.18,Gold,False,False
CUST-00650,Jessica Brown,Male,45,2023-07-17,San Diego,USA,jessica.brown650@example.com,66461.33,41.75,Bronze,False,False
CUST-01482,Michael Lopez,Male,31,2022-06-25,Austin,USA,michael.lopez1482@example.com,69558.57,134.83,Gold,False,False
CUST-01244,Elizabeth Moore,Female,36,2023-12-03,Austin,Australia,elizabeth.moore1244@example.com,49290.1,157.76,Bronze,False,False
CUST-00629,Susan Anderson,Male,64,2022-08-18,Austin,Canada,susan.anderson629@example.com,41442.94,22.68,Silver,False,False
CUST-02594,Joseph Gonzalez,Male,37,2022-08-21,Houston,Canada,,65453.24,202.29,Gold,False,False
CUST-02257,Daniel Smith,Male,41,2024-12-02,Chicago,USA,daniel.smith2257@example.com,68415.26,250.19,Silver,False,False
CUST-01121,Lisa Moore,Male,58,2024-03-26,San Diego,Australia,lisa.moore1121@example.com,35580.01,203.95,Gold,False,False
CUST-02318,Richard Gonzalez,Female,56,2024-03-28,Los Angeles,Canada,richard.gonzalez2318@example.com,88522.87,266.86,Gold,False,False
CUST-02794,Matthew Moore,Male,39,2022-04-10,New York,United Kingdom,matthew.moore2794@example.com,56460.02,198.36,Bronze,False,False
CUST-02826,John Rodriguez,Male,46,2022-12-16,Dallas,USA,john.rodriguez2826@example.com,64883.61,154.94,Gold,False,False
CUST-01187,Joseph Anderson,Female,52,2022-12-06,New York,Canada,joseph.anderson1187@example.com,25980.09,132.1,Bronze,False,False
CUST-02728,David Lopez,Female,16,2023-07-07,San Diego,United Kingdom,david.lopez2728@example.com,76551.89,295.49,Gold,False,False
CUST-01122,Nancy Hernandez,Female,40,2021-09-01,Dallas,United Kingdom,nancy.hernandez1122@example.com,72229.93,199.16,Gold,False,False
CUST-01461,Joseph Jackson,Male,27,2023-09-21,Dallas,United Kingdom,,61885.19,278.12,Bronze,False,False
CUST-01071,Michael Rodriguez,Male,34,2024-05-13,Dallas,United Kingdom,michael.rodriguez1071@example.com,66181.0,169.16,Gold,False,False
CUST-01108,Matthew Brown,Female,43,2023-03-05,San Diego,Canada,matthew.brown1108@example.com,71259.92,204.54,Gold,False,False
CUST-00810,Robert Rodriguez,Male,18,2024-02-26,Los Angeles,United Kingdom,robert.rodriguez810@example.com,62471.01,178.87,Gold,False,False
CUST-01739,Charles Wilson,Female,34,2024-11-21,Chicago,USA,charles.wilson1739@example.com,75627.77,42.6,Bronze,False,False
CUST-02373,Karen Jackson,Male,67,2024-06-20,Phoenix,Australia,karen.jackson2373@example.com,51486.59,222.71,Silver,False,False
CUST-01543,Elizabeth Jackson,,23,2022-10-14,Dallas,USA,elizabeth.jackson1543@example.com,61885.19,51.74,Bronze,False,False
CUST-00734,Jennifer Johnson,Male,67,2021-10-05,Philadelphia,Australia,jennifer.johnson734@example.com,86511.8,63.64,Silver,False,False
CUST-01243,Michael Wilson,Female,38,2024-11-06,Los Angeles,Australia,michael.wilson1243@example.com,55573.38,169.1,Gold,False,False
CUST-02157,Susan Martinez,Female,31,2021-07-08,San Antonio,Canada,susan.martinez2157@example.com,51912.65,103.64,Bronze,False,False
CUST-00898,Matthew Jones,Other,43,2024-08-05,Phoenix,United Kingdom,matthew.jones898@example.com,39700.79,153.18,Gold,False,False
CUST-01376,Elizabeth Hernandez,Male,42,2024-08-28,Philadelphia,Canada,elizabeth.hernandez1376@example.com,57611.59,162.67,Bronze,False,False
CUST-01730,Patricia Smith,Other,18,2021-03-09,Philadelphia,USA,patricia.smith1730@example.com,83494.27,253.01,Gold,False,False
CUST-02529,Richard Johnson,Female,44,2021-09-05,Philadelphia,Australia,richard.johnson2529@example.com,70311.27,121.39,Gold,False,False
CUST-02753,Joseph Taylor,Female,40,2023-01-20,Phoenix,United Kingdom,joseph.taylor2753@example.com,61885.19,40.56,Bronze,False,False
CUST-01154,James Martin,Female,39,2022-04-25,Houston,Canada,james.martin1154@example.com,113019.78,144.19,Silver,False,False
CUST-02856,John Smith,Female,63,2021-06-24,New York,United Kingdom,john.smith2856@example.com,49675.89,115.28,Gold,False,False
CUST-01245,Joseph Smith,Male,37,2024-01-23,Chicago,USA,joseph.smith1245@example.com,30447.99,231.37,Gold,False,False
CUST-00268,Karen Hernandez,Other,54,2024-02-26,Los Angeles,USA,karen.hernandez268@example.com,61885.19,82.22,Gold,False,False
CUST-02363,Linda Lopez,Female,32,2023-01-09,Houston,Australia,linda.lopez2363@example.com,24836.94,7.35,Bronze,False,False
CUST-00809,William Smith,Other,65,2021-04-07,Dallas,Canada,william.smith809@example.com,81454.39,215.64,Gold,False,False
CUST-02399,Linda Jackson,Male,44,2023-04-01,New York,Canada,linda.jackson2399@example.com,61885.19,277.65,Gold,False,False
CUST-01281,Charles Lopez,Male,35,2022-04-09,Dallas,United Kingdom,charles.lopez1281@example.com,100557.78,57.54,Gold,False,False
CUST-01222,Michael Hernandez,Female,32,2022-08-14,Philadelphia,United Kingdom,michael.hernandez1222@example.com,74358.16,37.71,Gold,False,False
CUST-00055,Susan Moore,Male,59,2022-12-29,Dallas,Canada,susan.moore55@example.com,43107.24,43.56,Bronze,False,False
CUST-02868,Joseph Jackson,Female,19,2023-08-12,Chicago,Australia,joseph.jackson2868@example.com,33459.76,92.19,Gold,False,False
CUST-00498,Sarah Martinez,Female,46,2023-12-12,Los Angeles,USA,sarah.martinez498@example.com,45709.35,8.13,Gold,False,False
CUST-01722,Jennifer Martinez,Male,41,2023-03-17,Houston,Canada,jennifer.martinez1722@example.com,66337.17,188.59,Gold,False,False
CUST-01992,Elizabeth Wilson,Male,41,2023-03-25,Phoenix,USA,elizabeth.wilson1992@example.com,61885.19,210.5,Gold,False,False
CUST-00792,James Davis,Male,70,2023-11-24,Dallas,Australia,james.davis792@example.com,38898.32,224.47,Gold,False,False
CUST-01843,John Johnson,Other,53,2023-04-17,Austin,Canada,john.johnson1843@example.com,61885.19,45.57,Silver,False,False
CUST-00835,Patricia Thomas,Male,63,2022-05-06,Chicago,Australia,patricia.thomas835@example.com,69337.87,292.93,Gold,False,False
CUST-01067,James Martin,Male,54,2022-02-06,Phoenix,Australia,james.martin1067@example.com,55839.89,229.48,Silver,False,False
CUST-01166,Michael Garcia,Other,24,2023-03-21,New York,Canada,michael.garcia1166@example.com,93231.1,85.11,Gold,False,False
CUST-01435,Daniel Brown,Male,35,2022-06-14,New York,Canada,daniel.brown1435@example.com,98246.8,3.57,Bronze,False,False
CUST-02715,Richard Johnson,Female,40,2023-04-29,Philadelphia,Canada,richard.johnson2715@example.com,86443.69,319.93,Gold,False,False
CUST-02454,William Taylor,Male,41,2021-01-25,Houston,United Kingdom,william.taylor2454@example.com,61863.99,279.81,Gold,False,False
CUST-01049,Michael Jackson,Male,54,2022-02-18,New York,Canada,michael.jackson1049@example.com,61885.19,144.19,Bronze,False,False
CUST-01743,Matthew Anderson,Male,48,2021-03-19,Chicago,USA,matthew.anderson1743@example.com,102787.22,16.52,Gold,False,False
CUST-02566,Joseph Rodriguez,Other,43,2023-01-26,Philadelphia,United Kingdom,joseph.rodriguez2566@example.com,39233.52,339.9,Gold,False,False
CUST-02956,Daniel Jones,Other,42,2023-12-12,Phoenix,United Kingdom,daniel.jones2956@example.com,68595.69,38.32,Bronze,False,False
CUST-00879,Elizabeth Jackson,Female,61,,San Antonio,United Kingdom,elizabeth.jackson879@example.com,89403.59,81.64,Bronze,False,False
CUST-02079,Robert Brown,Female,27,2022-05-16,Dallas,Canada,robert.brown2079@example.com,77104.4,46.75,Gold,False,False
CUST-01674,Sarah Hernandez,Female,30,2023-12-30,Los Angeles,USA,sarah.hernandez1674@example.com,67485.69,37.91,Bronze,False,False
CUST-01041,Lisa Anderson,Male,27,2022-07-05,New York,Canada,lisa.anderson1041@example.com,45220.32,223.36,Bronze,False,False
CUST-00464,Joseph Rodriguez,Male,31,2023-07-22,New York,United Kingdom,joseph.rodriguez464@example.com,94265.45,310.64,Bronze,False,False
CUST-02581,Robert Johnson,Female,34,2021-09-01,Houston,USA,robert.johnson2581@example.com,35366.34,270.09,Gold,False,False
CUST-01483,Jessica Taylor,Female,55,2021-03-14,San Antonio,Australia,,999999999.0,146.18,Gold,True,False
CUST-02808,Patricia Taylor,Male,54,2024-06-17,Houston,Canada,patricia.taylor2808@example.com,63324.46,194.53,Gold,False,False
CUST-01648,Matthew Davis,Female,39,2024-05-02,San Diego,United Kingdom,matthew.davis1648@example.com,67011.06,412.56,Silver,True,False
CUST-01753,Lisa Martin,Female,69,2023-07-10,Los Angeles,Canada,lisa.martin1753@example.com,90665.88,292.48,Bronze,False,False
CUST-01405,Matthew Moore,Female,62,2023-02-02,Philadelphia,Australia,matthew.moore1405@example.com,67038.53,208.77,Silver,False,False
CUST-02267,Lisa Lopez,Male,46,2023-02-02,Austin,Canada,lisa.lopez2267@example.com,54434.68,184.74,Gold,False,False
CUST-01815,John Garcia,Male,42,2022-04-21,Phoenix,Canada,john.garcia1815@example.com,51709.22,151.72,Gold,False,False
CUST-01664,Sarah Miller,Female,39,2022-10-28,Los Angeles,Canada,,22687.43,40.64,Silver,False,False
CUST-01565,Michael Martin,Female,32,,Austin,Australia,michael.martin1565@example.com,83855.26,206.29,Gold,False,False
CUST-02945,Susan Davis,Male,40,2022-06-13,Chicago,United Kingdom,susan.davis2945@example.com,61885.19,10.51,Silver,False,False
CUST-01973,Joseph Thomas,Female,51,2022-08-23,New York,Australia,joseph.thomas1973@example.com,50927.37,62.95,Silver,False,False
CUST-00647,Nancy Johnson,Female,33,2024-08-21,Phoenix,Canada,nancy.johnson647@example.com,55572.79,103.42,Gold,False,False
CUST-01456,Mary Williams,Female,32,2023-03-31,Philadelphia,Australia,mary.williams1456@example.com,52570.94,35.34,Silver,False,False
CUST-00082,Charles Lopez,Male,39,2024-03-01,Dallas,United Kingdom,charles.lopez82@example.com,56079.51,101.54,Bronze,False,False
CUST-02597,Jennifer Wilson,Female,54,2023-06-27,New York,United Kingdom,jennifer.wilson2597@example.com,49688.24,175.2,Bronze,False,False
CUST-00707,Nancy Martin,Male,36,2021-03-21,Houston,Canada,nancy.martin707@example.com,62791.01,317.78,Gold,False,False
CUST-02093,Karen Jackson,Male,44,2021-03-27,Dallas,United Kingdom,karen.jackson2093@example.com,56014.2,280.03,Bronze,False,False
CUST-00427,Sarah Johnson,Male,23,2022-04-09,San Antonio,Canada,sarah.johnson427@example.com,58386.87,266.55,Silver,False,False
CUST-00572,Daniel Johnson,Male,31,2024-05-01,New York,Canada,daniel.johnson572@example.com,68413.46,70.15,Bronze,False,False
CUST-02890,Jennifer Rodriguez,Female,62,2021-06-24,Los Angeles,Australia,jennifer.rodriguez2890@example.com,24865.19,7.87,Gold,False,False
CUST-02041,Susan Taylor,Male,41,2023-12-09,San Antonio,Canada,susan.taylor2041@example.com,45324.12,15.72,Bronze,False,False
CUST-02364,Nancy Martin,Other,58,2023-01-13,Phoenix,United Kingdom,nancy.martin2364@example.com,17483.74,167.41,Silver,False,False
CUST-01141,David Gonzalez,Male,48,2023-12-29,Philadelphia,Australia,david.gonzalez1141@example.com,96218.27,66.84,Gold,False,False
CUST-00604,David Jackson,Female,40,2024-01-18,Phoenix,Australia,david.jackson604@example.com,44796.01,161.84,Silver,False,False
CUST-01027,Betty Rodriguez,Female,38,2021-12-21,Dallas,Australia,betty.rodriguez1027@example.com,81961.81,116.14,Gold,False,False
CUST-02065,Karen Rodriguez,Female,48,2021-11-03,Houston,United Kingdom,karen.rodriguez2065@example.com,39803.82,101.15,Gold,False,False
CUST-01885,Jessica Jackson,Male,43,2022-03-08,Phoenix,Canada,jessica.jackson1885@example.com,999999999.0,133.6,Gold,True,False
CUST-00354,Charles Anderson,Male,33,2022-12-06,Los Angeles,Australia,charles.anderson354@example.com,46733.51,215.53,Gold,False,False
CUST-00888,John Lopez,Female,22,2023-12-14,Philadelphia,USA,john.lopez888@example.com,59231.39,199.82,Gold,False,False
CUST-02433,John Moore,Female,37,2022-01-01,Austin,United Kingdom,john.moore2433@example.com,45711.1,126.69,Gold,False,False
CUST-01404,Susan Brown,Male,33,2022-05-05,New York,United Kingdom,susan.brown1404@example.com,53568.35,109.36,Bronze,False,False
CUST-01712,Jennifer Wilson,Male,19,2021-01-23,Philadelphia,United Kingdom,,45356.59,11.12,Bronze,False,False
CUST-01952,Lisa Taylor,Male,40,2022-02-23,Philadelphia,USA,lisa.taylor1952@example.com,60214.76,177.59,Gold,False,False
CUST-01023,Lisa Davis,Female,69,2024-12-11,San Antonio,USA,lisa.davis1023@example.com,49357.65,95.81,Bronze,False,False
CUST-01676,Charles Wilson,Female,24,2021-03-02,Philadelphia,Australia,charles.wilson1676@example.com,82702.15,110.02,Silver,False,False
CUST-00161,Lisa Williams,Female,22,2021-05-31,Chicago,USA,lisa.williams161@example.com,49500.31,428.2,Gold,True,False
CUST-00783,Patricia Williams,Male,25,2021-10-30,New York,Canada,patricia.williams783@example.com,53108.7,207.12,Bronze,False,False
CUST-02629,Daniel Jackson,Male,56,2021-06-18,Chicago,Australia,daniel.jackson2629@example.com,38782.49,98.32,Silver,False,False
CUST-02690,William Miller,Female,36,2023-11-13,Chicago,USA,william.miller2690@example.com,47610.8,58.33,Bronze,False,False
CUST-01505,Mary Wilson,Female,34,2024-01-19,Austin,USA,mary.wilson1505@example.com,61885.19,171.29,Silver,False,False
CUST-02412,James Hernandez,Female,55,2023-01-06,Austin,Canada,james.hernandez2412@example.com,84015.06,8.99,Bronze,False,False
CUST-02119,Jessica Jones,Female,35,2023-04-30,Houston,Canada,jessica.jones2119@example.com,14478.89,102.68,Gold,False,False
CUST-01587,Matthew Taylor,Female,51,2024-10-03,San Antonio,USA,matthew.taylor1587@example.com,54157.09,144.19,Silver,False,False
CUST-01486,Thomas Williams,Female,36,2022-09-18,Houston,Australia,thomas.williams1486@example.com,71320.38,25.37,Silver,False,False
CUST-01283,Robert Williams,Female,40,,Chicago,United Kingdom,robert.williams1283@example.com,88182.44,233.09,Gold,False,False
CUST-01830,Elizabeth Brown,Female,52,2021-01-02,Houston,USA,,8000.0,190.69,Silver,False,False
CUST-02605,Charles Wilson,Female,47,2021-07-12,Los Angeles,USA,charles.wilson2605@example.com,32816.57,110.3,Gold,False,False
CUST-01781,Mary Martin,Female,18,2021-01-02,Phoenix,Australia,,46007.52,28.69,Bronze,False,False
CUST-02965,Nancy Johnson,Male,34,2021-10-02,Philadelphia,Canada,nancy.johnson2965@example.com,26895.84,83.55,Gold,False,False
CUST-01151,Thomas Jackson,Female,42,2021-03-11,Austin,Canada,thomas.jackson1151@example.com,61984.72,185.12,Gold,False,False
CUST-00257,Robert Gonzalez,Female,28,2022-01-04,San Antonio,Australia,robert.gonzalez257@example.com,59891.36,180.97,Gold,False,False
CUST-01607,Daniel Lopez,Female,33,2023-07-19,San Antonio,United Kingdom,daniel.lopez1607@example.com,60903.66,194.52,Gold,False,False
CUST-01167,William Rodriguez,Male,16,2022-07-30,Dallas,Canada,william.rodriguez1167@example.com,54698.93,66.36,Bronze,False,False
CUST-00697,Sarah Anderson,Female,16,2022-09-14,San Diego,United Kingdom,,60147.1,190.45,Gold,False,False
CUST-02984,John Williams,Female,26,2024-11-21,Austin,USA,john.williams2984@example.com,75968.23,141.79,Gold,False,False
CUST-00133,Charles Garcia,Female,26,2023-09-16,San Diego,United Kingdom,,70854.58,162.54,Silver,False,False
CUST-00214,Sarah Johnson,Male,53,2022-05-31,Dallas,United Kingdom,sarah.johnson214@example.com,68219.73,144.19,Gold,False,False
CUST-02601,Betty Smith,Male,53,2024-08-01,San Antonio,Australia,betty.smith2601@example.com,77102.08,212.53,Bronze,False,False
CUST-02275,Susan Davis,Male,40,2022-06-06,Los Angeles,United Kingdom,susan.davis2275@example.com,99502.61,208.14,Gold,False,False
CUST-00060,Thomas Williams,Male,42,2022-06-30,Philadelphia,Australia,thomas.williams60@example.com,67457.56,321.14,Silver,False,False
CUST-02365,Betty Garcia,Male,51,2021-06-19,Dallas,Australia,betty.garcia2365@example.com,107205.24,94.0,Silver,False,False
CUST-02545,Michael Brown,Female,18,2024-01-15,Dallas,USA,michael.brown2545@example.com,78770.64,286.97,Gold,False,False
CUST-01785,Robert Lopez,Male,34,2021-05-03,Chicago,Australia,robert.lopez1785@example.com,46695.14,9.9,Bronze,False,False
CUST-00430,Linda Jones,Male,69,2022-03-22,San Diego,United Kingdom,linda.jones430@example.com,80201.93,164.68,Bronze,False,False
CUST-02582,Patricia Thomas,Male,16,2024-04-24,San Antonio,Canada,patricia.thomas2582@example.com,58410.02,1.8,Bronze,False,False
CUST-02936,John Brown,Female,16,2023-07-12,New York,Australia,john.brown2936@example.com,31703.04,198.5,Silver,False,False
CUST-00556,James Wilson,Male,52,2021-04-26,Phoenix,United Kingdom,james.wilson556@example.com,41295.77,23.71,Gold,False,False
CUST-00627,Sarah Jones,Female,40,2024-06-01,Houston,United Kingdom,sarah.jones627@example.com,126289.29,144.19,Gold,True,False
CUST-00763,Joseph Martinez,Other,27,2022-04-26,Dallas,Australia,joseph.martinez763@example.com,46013.92,37.08,Silver,False,False
CUST-01248,Daniel Rodriguez,Female,43,2024-01-19,Dallas,USA,daniel.rodriguez1248@example.com,52255.57,136.94,Silver,False,False
CUST-00617,John Johnson,Male,23,2021-01-09,Los Angeles,Australia,john.johnson617@example.com,37278.2,40.54,Gold,False,False
CUST-01789,Robert Jones,Male,39,2023-07-22,Philadelphia,Canada,robert.jones1789@example.com,100712.62,261.48,Silver,False,False
CUST-01504,Sarah Moore,Female,42,2022-10-13,Phoenix,Canada,sarah.moore1504@example.com,78474.79,121.09,Gold,False,False
CUST-00795,Sarah Williams,Other,60,2023-08-30,Austin,USA,sarah.williams795@example.com,76853.93,195.88,Silver,False,False
CUST-01752,David Thomas,Female,28,2023-08-14,San Diego,USA,david.thomas1752@example.com,70231.6,136.13,Silver,False,False
CUST-00434,William Williams,Female,26,2022-09-04,New York,USA,william.williams434@example.com,58329.51,207.35,Gold,False,False
CUST-01869,Betty Martin,Female,55,2022-06-29,Phoenix,United Kingdom,betty.martin1869@example.com,61885.19,228.27,Silver,False,False
CUST-02348,Susan Garcia,Female,16,2021-09-04,Phoenix,United Kingdom,susan.garcia2348@example.com,61235.85,63.52,Silver,False,False
CUST-00636,Sarah Williams,Male,50,2022-10-28,New York,Australia,sarah.williams636@example.com,45306.74,212.74,Silver,False,False
CUST-01997,William Gonzalez,Male,40,2021-07-09,Austin,Australia,,36650.5,88.51,Bronze,False,False
CUST-01037,Daniel Rodriguez,Male,57,2021-05-11,Los Angeles,USA,daniel.rodriguez1037@example.com,59948.19,95.98,Gold,False,False
CUST-02248,Nancy Garcia,Male,30,2021-11-01,San Diego,Canada,nancy.garcia2248@example.com,49316.71,107.73,Gold,False,False
CUST-00136,Robert Hernandez,Male,42,2023-03-30,Los Angeles,United Kingdom,,59643.11,40.55,Bronze,False,False
CUST-00089,Jessica Anderson,Female,41,2023-03-04,San Antonio,Canada,jessica.anderson89@example.com,67426.92,191.21,Silver,False,False
CUST-00948,Daniel Davis,Female,56,2023-09-14,San Antonio,USA,daniel.davis948@example.com,61885.19,233.52,Silver,False,False
CUST-02354,John Johnson,Female,31,2022-10-30,Phoenix,Australia,john.johnson2354@example.com,70205.93,186.52,Silver,False,False
CUST-02513,Karen Jackson,Male,33,2021-05-24,Dallas,Australia,,70966.75,128.36,Bronze,False,False
CUST-00588,Jennifer Jones,Male,50,2022-07-08,Austin,Canada,jennifer.jones588@example.com,93528.33,293.63,Bronze,False,False
CUST-00512,Matthew Johnson,Other,36,,Dallas,USA,,73654.66,157.86,Bronze,False,False
CUST-00031,David Taylor,Female,42,2023-03-20,Austin,USA,david.taylor31@example.com,100216.84,100.53,Silver,False,False
CUST-00654,William Jones,Female,56,2024-11-22,Phoenix,Australia,william.jones654@example.com,63278.0,213.76,Gold,False,False
CUST-00769,Nancy Moore,Female,27,2024-12-04,Philadelphia,United Kingdom,nancy.moore@@example..com,49409.4,37.11,Gold,False,False
CUST-02438,Matthew Taylor,Female,43,2023-04-12,Chicago,Canada,matthew.taylor2438@example.com,98296.18,189.35,Gold,False,False
CUST-02381,Michael Davis,Male,35,2022-01-05,Chicago,USA,michael.davis@@example..com,63578.01,130.07,Gold,False,False
CUST-02068,Nancy Miller,Male,53,2022-05-27,San Diego,United Kingdom,nancy.miller2068@example.com,84133.99,133.68,Gold,False,False
CUST-01155,Michael Johnson,Male,42,2023-10-06,Houston,United Kingdom,michael.johnson1155@example.com,69662.26,298.22,Silver,False,False
CUST-02510,Jennifer Garcia,Female,28,2022-02-07,Phoenix,United Kingdom,jennifer.garcia2510@example.com,55372.29,117.77,Silver,False,False
CUST-00200,Joseph Taylor,Female,47,2024-05-03,Philadelphia,Canada,,28141.87,46.86,Bronze,False,False
CUST-01709,James Martin,Male,42,2021-01-25,Philadelphia,United Kingdom,james.martin1709@example.com,48211.74,302.98,Silver,False,False
CUST-01766,Mary Taylor,Female,31,2024-10-27,Phoenix,USA,,88292.32,148.33,Bronze,False,False
CUST-02771,Charles Williams,Male,56,2021-02-15,Chicago,USA,charles.williams2771@example.com,64720.95,158.34,Bronze,False,False
CUST-00661,Betty Taylor,Female,24,2023-07-11,Houston,Australia,,67747.81,90.03,Gold,False,False
CUST-01220,James Lopez,Female,79,2021-07-18,Philadelphia,Canada,james.lopez1220@example.com,62627.99,128.47,Silver,True,False
CUST-00261,Susan Smith,Male,49,2024-04-09,Los Angeles,USA,susan.smith261@example.com,87383.91,186.1,Bronze,False,False
CUST-01158,Betty Anderson,Male,49,2022-04-22,San Diego,Canada,betty.anderson1158@example.com,72213.43,194.32,Bronze,False,False
CUST-00626,Patricia Lopez,Male,52,2022-01-18,Houston,USA,patricia.lopez626@example.com,39263.79,76.33,Silver,False,False
CUST-02353,James Hernandez,Female,40,2021-01-05,Los Angeles,USA,james.hernandez2353@example.com,39243.29,20.88,Silver,False,False
CUST-00848,Thomas Taylor,Female,40,2022-05-15,San Antonio,Australia,thomas.taylor848@example.com,82417.08,135.92,Bronze,False,False
CUST-00098,Charles Smith,Male,64,2022-09-13,Los Angeles,Canada,charles.smith98@example.com,53817.11,195.01,Bronze,False,False
CUST-00177,Matthew Miller,Female,21,2021-12-18,Austin,USA,matthew.miller177@example.com,68157.22,259.33,Gold,False,False
CUST-00876,Susan Smith,Male,36,2022-05-24,Chicago,Canada,susan.smith876@example.com,14451.44,314.06,Silver,False,False
CUST-00667,Jennifer Davis,Female,44,2022-01-09,New York,Australia,jennifer.davis667@example.com,59956.0,139.97,Silver,False,False
CUST-00420,Linda Martin,Male,57,2022-07-01,Dallas,United Kingdom,linda.martin420@example.com,87158.46,262.75,Bronze,False,False
CUST-02356,Patricia Wilson,Male,16,2021-05-12,Austin,Canada,patricia.wilson2356@example.com,81596.97,144.19,Bronze,False,False
CUST-02238,William Garcia,Female,40,2022-04-15,Philadelphia,United Kingdom,william.garcia2238@example.com,41481.09,283.16,Bronze,False,False
CUST-00859,Robert Lopez,Male,17,2024-11-18,Los Angeles,USA,robert.lopez859@example.com,84428.25,163.2,Bronze,False,False
CUST-00700,Thomas Taylor,Female,44,2022-07-20,Phoenix,United Kingdom,thomas.taylor700@example.com,52551.5,88.03,Bronze,False,False
CUST-02706,Michael Williams,Male,50,2021-08-25,New York,Canada,michael.williams2706@example.com,35330.04,218.65,Silver,False,False
CUST-00114,Patricia Taylor,Male,16,2023-07-08,Austin,United Kingdom,patricia.taylor114@example.com,39190.49,305.1,Gold,False,False
CUST-01314,Elizabeth Brown,Male,33,2024-09-12,San Antonio,USA,elizabeth.brown1314@example.com,43470.56,121.19,Silver,False,False
CUST-00052,Mary Brown,Male,38,2023-11-28,Dallas,United Kingdom,,82323.89,253.41,Bronze,False,False
CUST-01969,Matthew Gonzalez,Female,27,2024-06-07,San Antonio,USA,matthew.gonzalez1969@example.com,59402.15,62.41,Silver,False,False
CUST-00851,Sarah Martinez,,38,2023-08-31,San Antonio,Canada,sarah.martinez851@example.com,61054.42,14.59,Silver,False,False
CUST-00595,Thomas Moore,Female,44,2024-04-17,Chicago,United Kingdom,thomas.moore595@example.com,89810.4,210.68,Bronze,False,False
CUST-00026,Sarah Martinez,Female,46,,Chicago,USA,sarah.martinez26@example.com,37606.2,196.34,Gold,False,False
CUST-01555,Patricia Jones,Other,36,2021-04-16,San Diego,Canada,patricia.jones1555@example.com,99141.67,168.68,Silver,False,False
CUST-00694,Karen Miller,Male,52,2024-02-21,Philadelphia,USA,karen.miller694@example.com,61885.19,214.69,Bronze,False,False
CUST-00188,Mary Jones,Female,67,2022-06-30,Austin,USA,mary.jones188@example.com,81949.21,87.91,Gold,False,False
CUST-02344,Thomas Wilson,Male,56,2022-01-24,New York,Australia,thomas.wilson2344@example.com,88012.67,286.11,Bronze,False,False
CUST-01479,David Anderson,,50,2023-12-12,New York,Canada,david.anderson1479@example.com,78221.69,148.32,Gold,False,False
CUST-00633,Mary Jackson,Male,25,2021-12-07,San Antonio,United Kingdom,mary.jackson@@example..com,88333.58,58.42,Bronze,False,False
CUST-01640,David Brown,Other,31,2024-05-18,Phoenix,USA,david.brown1640@example.com,8000.0,313.3,Bronze,False,False
CUST-00914,Daniel Taylor,Female,35,2021-03-08,Phoenix,Australia,daniel.taylor914@example.com,26957.66,127.62,Gold,False,False
CUST-01889,Mary Garcia,Male,74,2022-02-16,New York,United Kingdom,mary.garcia1889@example.com,42655.76,8.04,Bronze,False,False
CUST-01715,William Davis,Female,79,2021-11-22,Chicago,Australia,william.davis1715@example.com,39829.96,162.4,Gold,True,False
CUST-01979,Patricia Gonzalez,Female,52,2023-07-12,San Diego,United Kingdom,patricia.gonzalez@@example..com,64825.61,33.31,Bronze,False,False
CUST-01765,John Williams,Male,40,2021-07-13,Austin,United Kingdom,john.williams1765@example.com,72907.01,152.11,Silver,False,False
CUST-00951,Elizabeth Hernandez,,30,2024-12-20,San Diego,USA,elizabeth.hernandez951@example.com,71475.72,161.32,Gold,False,False
CUST-02422,Karen Martinez,Male,46,2022-08-15,San Diego,Australia,karen.martinez2422@example.com,999999999.0,157.9,Bronze,True,False
CUST-01212,James Taylor,Female,16,2023-01-13,Dallas,USA,james.taylor1212@example.com,80136.37,14.58,Gold,False,False
CUST-02434,Joseph Rodriguez,Male,62,2023-10-16,Chicago,Australia,joseph.rodriguez2434@example.com,75772.04,228.83,Gold,False,False
CUST-02208,Betty Smith,Female,42,2021-08-24,New York,Australia,betty.smith2208@example.com,95630.53,94.93,Gold,False,False
CUST-00455,Daniel Miller,Female,40,2024-07-09,Phoenix,Canada,daniel.miller455@example.com,65645.98,240.88,Gold,False,False
CUST-01129,Mary Taylor,Female,34,2021-12-05,Philadelphia,USA,mary.taylor1129@example.com,49455.43,159.93,Gold,False,False
CUST-00500,Susan Wilson,Female,37,2024-12-18,New York,United Kingdom,susan.wilson500@example.com,102417.91,176.94,Bronze,False,False
CUST-00923,Karen Williams,Male,40,2023-04-25,Austin,United Kingdom,karen.williams923@example.com,32625.75,176.05,Gold,False,False
CUST-01057,Michael Rodriguez,Male,42,2022-03-10,San Diego,Canada,michael.rodriguez1057@example.com,47746.01,195.06,Silver,False,False
CUST-02701,Charles Garcia,Male,43,2021-03-14,San Antonio,Canada,charles.garcia2701@example.com,73530.54,215.67,Gold,False,False
CUST-01537,Jennifer Wilson,Female,54,2021-12-01,San Diego,Canada,jennifer.wilson1537@example.com,80903.17,173.41,Gold,False,False
CUST-02394,Thomas Martinez,Other,33,2023-08-16,Houston,Australia,thomas.martinez2394@example.com,61885.19,220.95,Gold,False,False
CUST-02426,Mary Miller,Other,17,2023-01-11,Phoenix,United Kingdom,mary.miller2426@example.com,76370.97,278.69,Gold,False,False
CUST-00735,Michael Thomas,Female,30,2023-07-18,New York,Australia,michael.thomas735@example.com,54607.32,191.14,Bronze,False,False
CUST-01598,Lisa Smith,Male,60,2021-04-14,Chicago,Australia,lisa.smith1598@example.com,111150.92,168.88,Silver,False,False
CUST-01841,Susan Miller,Female,39,2023-12-07,Dallas,United Kingdom,susan.miller1841@example.com,71489.02,2.27,Gold,False,False
CUST-00646,Mary Hernandez,Female,25,2023-10-22,San Antonio,USA,mary.hernandez646@example.com,67367.17,217.69,Bronze,False,False
CUST-00090,Jennifer Brown,,60,2023-04-25,Philadelphia,USA,jennifer.brown90@example.com,53834.69,208.0,Gold,False,False
CUST-02190,Patricia Johnson,Male,40,2023-05-25,Chicago,United Kingdom,,47853.19,220.05,Gold,False,False
CUST-02531,Susan Hernandez,Male,34,2023-05-21,Los Angeles,USA,susan.hernandez2531@example.com,94739.78,205.79,Bronze,False,False
CUST-02328,Betty Johnson,Female,23,2022-04-01,New York,Australia,betty.johnson2328@example.com,61885.19,136.29,Gold,False,False
CUST-02726,Betty Moore,Male,47,2021-01-18,Chicago,USA,betty.moore2726@example.com,57982.51,54.57,Silver,False,False
CUST-00102,Jennifer Gonzalez,Female,24,2024-10-03,San Diego,USA,jennifer.gonzalez102@example.com,86451.23,5.03,Gold,False,False
CUST-00569,Richard Davis,Male,26,2024-11-08,Dallas,Canada,richard.davis569@example.com,54411.17,171.02,Bronze,False,False
CUST-02216,Lisa Martinez,Male,58,2021-12-24,San Diego,Australia,,24241.69,149.65,Bronze,False,False
CUST-02553,David Miller,Male,43,2024-12-13,New York,United Kingdom,david.miller2553@example.com,56801.97,169.21,Bronze,False,False
CUST-02051,Lisa Wilson,Female,21,2023-11-01,Chicago,USA,lisa.wilson2051@example.com,37311.11,250.91,Silver,False,False
CUST-00552,Michael Anderson,Male,48,2022-12-28,Houston,USA,michael.anderson552@example.com,85079.62,184.54,Gold,False,False
CUST-00841,Elizabeth Jackson,Male,40,2021-07-26,San Diego,United Kingdom,elizabeth.jackson841@example.com,71726.11,117.92,Silver,False,False
CUST-01538,Daniel Moore,Male,53,2022-08-21,New York,USA,daniel.moore1538@example.com,69621.97,250.19,Gold,False,False
CUST-01586,Richard Martinez,Female,18,2024-01-18,Austin,Canada,richard.martinez1586@example.com,73463.32,63.32,Bronze,False,False
CUST-00819,James Taylor,Male,41,2024-11-18,Chicago,United Kingdom,james.taylor819@example.com,55853.14,123.67,Bronze,False,False
CUST-01837,Robert Anderson,Female,26,2021-06-12,San Diego,USA,robert.anderson1837@example.com,62814.66,194.16,Silver,False,False
CUST-01611,Michael Johnson,Male,43,2021-02-13,Chicago,Australia,michael.johnson1611@example.com,18776.36,174.91,Gold,False,False
CUST-02135,Linda Martinez,Male,39,2024-02-22,San Diego,United Kingdom,linda.martinez2135@example.com,44110.48,61.82,Gold,False,False
CUST-01292,Elizabeth Anderson,Female,45,2021-10-03,New York,Australia,elizabeth.anderson1292@example.com,72412.54,157.7,Gold,False,False
CUST-02472,David Moore,Male,37,2024-05-08,Philadelphia,Canada,david.moore2472@example.com,34551.49,222.58,Gold,False,False
CUST-01915,Jennifer Jones,Female,40,2023-01-28,San Antonio,Australia,jennifer.jones1915@example.com,54775.38,144.19,Gold,False,False
CUST-02351,Linda Brown,Female,50,2024-03-17,Philadelphia,Australia,linda.brown2351@example.com,63714.09,145.97,Silver,False,False
CUST-02610,Joseph Wilson,Female,18,2023-09-30,Philadelphia,USA,joseph.wilson2610@example.com,80494.99,20.86,Bronze,False,False
CUST-01488,Patricia Lopez,Female,55,2023-11-10,San Diego,USA,patricia.lopez1488@example.com,81690.66,153.21,Silver,False,False
CUST-02297,Robert Garcia,Male,62,2024-10-14,San Diego,Canada,robert.garcia2297@example.com,62897.8,35.76,Gold,False,False
CUST-00870,James Martinez,Male,26,2021-08-07,New York,United Kingdom,james.martinez870@example.com,43376.64,116.42,Gold,False,False
CUST-02648,Susan Hernandez,Other,34,2022-07-25,Los Angeles,USA,susan.hernandez2648@example.com,31219.42,299.38,Gold,False,False
CUST-01494,Susan Brown,Male,53,2024-11-25,Los Angeles,USA,susan.brown1494@example.com,64394.9,168.71,Silver,False,False
CUST-00666,Nancy Hernandez,Female,28,2024-06-20,Chicago,United Kingdom,nancy.hernandez666@example.com,47694.93,195.63,Bronze,False,False
CUST-00834,Elizabeth Brown,Female,54,2023-01-28,Dallas,Canada,elizabeth.brown834@example.com,96201.42,112.96,Silver,False,False
CUST-00372,Daniel Lopez,Female,46,2021-02-10,Phoenix,USA,daniel.lopez372@example.com,67239.02,248.76,Silver,False,False
CUST-01775,Matthew Rodriguez,Female,33,2023-05-18,Philadelphia,United Kingdom,matthew.rodriguez1775@example.com,84003.7,155.62,Gold,False,False
CUST-02038,Joseph Jackson,Female,41,2021-12-25,San Antonio,Australia,joseph.jackson2038@example.com,62295.34,200.45,Silver,False,False
CUST-00424,Jessica Moore,Male,20,2024-04-04,Philadelphia,USA,jessica.moore@@example..com,54999.44,196.53,Silver,False,False
CUST-02857,Robert Johnson,Male,41,2023-05-13,Philadelphia,Canada,robert.johnson2857@example.com,5000000.0,87.01,Gold,True,False
CUST-01343,William Davis,Male,34,2023-06-25,Dallas,United Kingdom,william.davis@@example..com,61123.3,144.19,Bronze,False,False
CUST-01581,Linda Brown,Male,47,2022-09-21,San Antonio,United Kingdom,linda.brown1581@example.com,63372.01,117.99,Gold,False,False
CUST-01174,Mary Davis,Male,29,2021-05-05,Dallas,United Kingdom,,48635.83,199.19,Bronze,False,False
CUST-00844,Karen Johnson,,39,2021-10-22,Austin,Australia,karen.johnson844@example.com,53063.31,67.44,Bronze,False,False
CUST-00610,Joseph Anderson,Female,34,2023-02-22,Philadelphia,United Kingdom,joseph.anderson610@example.com,46139.59,115.05,Gold,False,False
CUST-00301,Daniel Anderson,Female,39,2021-12-27,Phoenix,USA,daniel.anderson301@example.com,79475.09,27.47,Silver,False,False
CUST-01510,Patricia Gonzalez,Female,50,2024-02-09,New York,USA,,61885.19,-162.4,Gold,True,True
CUST-00459,Elizabeth Gonzalez,Female,48,2022-04-01,Chicago,United Kingdom,elizabeth.gonzalez459@example.com,20859.78,129.9,Bronze,False,False
CUST-00518,Susan Martinez,Male,21,2022-08-31,Chicago,United Kingdom,susan.martinez518@example.com,71231.82,179.52,Gold,False,False
CUST-02517,John Gonzalez,Male,76,,Dallas,Canada,john.gonzalez2517@example.com,40861.55,168.72,Bronze,False,False
CUST-02649,Jessica Johnson,Male,56,2021-06-20,Los Angeles,Australia,jessica.johnson2649@example.com,55633.78,239.54,Bronze,False,False
CUST-02736,Charles Lopez,Male,28,2021-08-22,Austin,Canada,charles.lopez2736@example.com,55515.17,130.01,Gold,False,False
CUST-02815,Matthew Taylor,Female,66,2022-03-10,Dallas,USA,matthew.taylor2815@example.com,16810.15,119.78,Gold,False,False
CUST-01279,Linda Miller,Female,22,2023-06-06,Phoenix,United Kingdom,linda.miller1279@example.com,67370.95,140.6,Gold,False,False
CUST-00463,Linda Martin,Female,36,2024-08-01,Dallas,Australia,linda.martin463@example.com,53694.48,58.6,Gold,False,False
CUST-00320,Thomas Lopez,Female,31,2022-12-28,Dallas,USA,,76099.15,87.57,Gold,False,False
CUST-02420,Sarah Taylor,Male,32,2022-11-06,San Antonio,Canada,,68243.47,125.54,Silver,False,False
CUST-02727,William Lopez,Female,20,2021-01-21,Los Angeles,Australia,william.lopez2727@example.com,78186.54,139.98,Gold,False,False
CUST-01450,John Thomas,Male,58,2022-12-15,Los Angeles,USA,john.thomas1450@example.com,61885.19,116.86,Silver,False,False
CUST-00536,David Rodriguez,Male,67,2022-02-21,Philadelphia,USA,david.rodriguez536@example.com,62036.8,144.19,Gold,False,False
CUST-00571,Jessica Garcia,Female,35,2024-08-22,Austin,United Kingdom,jessica.garcia571@example.com,76277.17,83.43,Gold,False,False
CUST-00344,Thomas Hernandez,Female,50,2022-01-18,New York,Canada,thomas.hernandez344@example.com,101020.03,178.46,Silver,False,False
CUST-00511,David Davis,Female,38,2021-10-30,New York,Canada,,62921.21,211.85,Bronze,False,False
CUST-01820,James Lopez,Male,50,2024-04-02,Austin,Australia,james.lopez1820@example.com,21616.69,188.09,Gold,False,False
CUST-00201,Elizabeth Smith,Male,38,2023-12-25,Phoenix,United Kingdom,,101922.09,216.2,Bronze,False,False
CUST-00873,Karen Jones,Female,16,2021-02-02,Phoenix,United Kingdom,karen.jones873@example.com,102198.1,3.98,Bronze,False,False
CUST-02938,John Anderson,Female,44,2023-09-18,Austin,United Kingdom,john.anderson2938@example.com,78676.64,84.95,Silver,False,False
CUST-02067,Karen Jackson,Male,39,2023-08-10,San Diego,Canada,karen.jackson2067@example.com,69797.37,116.48,Gold,False,False
CUST-00167,Charles Thomas,Other,27,2024-12-04,San Antonio,USA,charles.thomas167@example.com,43194.27,206.67,Silver,False,False
CUST-01272,James Smith,Female,33,2023-09-02,Austin,Australia,james.smith1272@example.com,56340.41,186.02,Gold,False,False
CUST-02867,Lisa Martinez,Male,42,2024-07-25,Phoenix,Australia,lisa.martinez2867@example.com,61885.19,281.07,Gold,False,False
CUST-02506,James Smith,Male,25,2023-11-22,Los Angeles,Australia,,67950.3,-164.28,Gold,True,True
CUST-01386,William Martinez,Female,53,2022-11-22,Philadelphia,United Kingdom,william.martinez1386@example.com,8603.17,102.1,Bronze,False,False
CUST-00350,James Brown,Female,41,2024-07-09,Dallas,USA,james.brown350@example.com,55272.77,194.9,Silver,False,False
CUST-02033,Daniel Johnson,Female,49,2021-05-11,Austin,Canada,,59339.99,105.54,Gold,False,False
CUST-01446,Karen Hernandez,Male,40,2021-06-30,Phoenix,United Kingdom,karen.hernandez1446@example.com,45684.73,56.2,Silver,False,False
CUST-00342,Susan Smith,Male,39,2021-07-29,Philadelphia,USA,susan.smith342@example.com,60624.37,110.43,Bronze,False,False
CUST-02653,Richard Smith,Female,37,2021-06-03,Dallas,Australia,richard.smith2653@example.com,53026.47,254.03,Gold,False,False
CUST-00337,Daniel Williams,Female,32,2021-06-13,Philadelphia,United Kingdom,daniel.williams337@example.com,98190.86,30.02,Bronze,False,False
CUST-02490,Richard Johnson,Male,52,2021-08-18,Los Angeles,USA,richard.johnson2490@example.com,60922.97,158.12,Gold,False,False
CUST-01092,Michael Miller,Male,33,2021-05-20,Austin,Australia,michael.miller1092@example.com,94389.24,94.52,Bronze,False,False
CUST-02590,Robert Anderson,Female,36,2022-09-16,San Diego,Australia,robert.anderson2590@example.com,77250.9,115.95,Bronze,False,False
CUST-00703,Nancy Hernandez,,26,2021-12-29,Phoenix,United Kingdom,nancy.hernandez703@example.com,47951.95,169.2,Bronze,False,False
CUST-01031,Charles Lopez,Female,35,2023-03-26,Dallas,Canada,charles.lopez1031@example.com,97099.28,144.19,Silver,False,False
CUST-01064,Lisa Thomas,Female,16,2024-06-18,Houston,Australia,lisa.thomas1064@example.com,58825.4,127.7,Silver,False,False
CUST-01697,Thomas Davis,Female,52,,Houston,Australia,thomas.davis1697@example.com,48394.84,327.45,Silver,False,False
CUST-02113,Thomas Smith,Male,31,2022-03-29,New York,Australia,thomas.smith2113@example.com,87594.27,239.22,Gold,False,False
CUST-02560,Nancy Miller,Male,40,2022-04-09,Phoenix,United Kingdom,nancy.miller2560@example.com,71151.35,277.04,Silver,False,False
CUST-00915,Michael Johnson,Male,30,2022-07-16,Austin,Canada,michael.johnson915@example.com,22979.52,170.47,Gold,False,False
CUST-01477,Matthew Wilson,Female,39,2022-12-25,Phoenix,USA,matthew.wilson1477@example.com,30242.18,125.05,Silver,False,False
CUST-00093,Karen Lopez,Male,63,2021-04-25,San Antonio,Canada,karen.lopez93@example.com,86335.2,144.19,Gold,False,False
CUST-00554,John Gonzalez,Male,20,2023-03-13,Los Angeles,Australia,john.gonzalez554@example.com,36502.0,210.16,Bronze,False,False
CUST-00081,Karen Jones,Male,37,2023-12-11,New York,USA,karen.jones81@example.com,81798.53,221.23,Gold,False,False
CUST-01011,Karen Jackson,Male,56,2023-11-15,New York,United Kingdom,karen.jackson1011@example.com,58718.17,249.78,Gold,False,False
CUST-00768,Nancy Rodriguez,Male,59,2024-03-17,San Diego,Canada,nancy.rodriguez768@example.com,74323.47,144.19,Bronze,False,False
CUST-01834,Betty Rodriguez,Female,34,2022-11-24,Dallas,Canada,betty.rodriguez@@example..com,59196.48,160.81,Bronze,False,False
CUST-02362,Susan Smith,Female,61,,Austin,Australia,susan.smith2362@example.com,73662.99,68.13,Gold,False,False
CUST-02106,Michael Lopez,Female,46,2021-02-13,Phoenix,USA,michael.lopez2106@example.com,41643.01,144.19,Gold,False,False
CUST-02059,Jessica Miller,Male,38,2022-06-09,San Antonio,Canada,jessica.miller2059@example.com,68927.2,12.76,Bronze,False,False
CUST-02572,Richard Gonzalez,,53,2022-02-13,Philadelphia,United Kingdom,richard.gonzalez2572@example.com,64023.63,133.81,Gold,False,False
CUST-02853,Betty Rodriguez,Male,33,2024-02-23,Chicago,Australia,betty.rodriguez2853@example.com,63460.02,121.78,Bronze,False,False
CUST-02904,Daniel Brown,,57,2021-06-05,Houston,Canada,daniel.brown2904@example.com,23341.67,104.76,Gold,False,False
CUST-02430,Matthew Johnson,Female,40,2022-08-27,San Diego,United Kingdom,matthew.johnson2430@example.com,47251.43,311.93,Gold,False,False
CUST-00046,Susan Johnson,Female,48,2024-01-13,Phoenix,Canada,susan.johnson46@example.com,59845.82,142.52,Gold,False,False
CUST-01214,Joseph Martinez,Female,16,2024-09-19,Los Angeles,Canada,joseph.martinez1214@example.com,94104.37,98.07,Silver,False,False
CUST-01491,Nancy Miller,Female,40,2024-06-01,San Antonio,United Kingdom,nancy.miller1491@example.com,53270.63,231.06,Gold,False,False
CUST-00391,Sarah Brown,Male,26,2024-02-05,Austin,USA,,50457.16,258.11,Silver,False,False
CUST-02719,Nancy Gonzalez,Male,46,2023-12-15,Dallas,United Kingdom,nancy.gonzalez2719@example.com,93566.9,106.0,Bronze,False,False
CUST-01475,Karen Gonzalez,Female,16,2021-04-14,Philadelphia,Australia,karen.gonzalez1475@example.com,57038.4,190.18,Silver,False,False
CUST-00829,David Davis,Female,16,2022-03-10,Chicago,Australia,david.davis829@example.com,61885.19,265.45,Bronze,False,False
CUST-02176,Elizabeth Rodriguez,Female,40,2024-12-28,New York,Australia,elizabeth.rodriguez2176@example.com,49032.19,141.72,Bronze,False,False
CUST-02019,Michael Taylor,Female,42,2023-07-28,San Antonio,USA,michael.taylor2019@example.com,41308.13,18.81,Bronze,False,False
CUST-01339,Linda Williams,Female,46,2022-08-23,Philadelphia,United Kingdom,linda.williams1339@example.com,92027.15,160.38,Silver,False,False
CUST-01470,Linda Taylor,Male,54,2024-10-15,Austin,United Kingdom,linda.taylor1470@example.com,67345.89,31.2,Gold,False,False
CUST-00451,William Moore,Other,42,2022-05-04,Los Angeles,United Kingdom,william.moore451@example.com,14648.89,92.88,Bronze,False,False
CUST-01425,William Hernandez,Male,54,2021-07-13,New York,Australia,william.hernandez1425@example.com,11351.25,89.36,Gold,False,False
CUST-01208,Daniel Wilson,Male,53,2023-05-05,Philadelphia,Canada,daniel.wilson1208@example.com,81691.5,106.6,Gold,False,False
CUST-02431,Joseph Wilson,Female,16,2021-07-30,Chicago,USA,joseph.wilson2431@example.com,59597.88,225.07,Bronze,False,False
CUST-00750,Lisa Williams,Female,34,2024-07-21,Chicago,Australia,lisa.williams750@example.com,95832.49,280.84,Gold,False,False
CUST-00947,Patricia Jones,Female,37,2023-03-06,Philadelphia,USA,patricia.jones947@example.com,86212.38,138.74,Silver,False,False
CUST-00573,Lisa Rodriguez,Male,28,2022-06-03,Dallas,Australia,lisa.rodriguez573@example.com,42050.28,32.02,Bronze,False,False
CUST-01858,Patricia Rodriguez,Male,48,2021-12-07,Chicago,USA,patricia.rodriguez1858@example.com,64394.61,167.72,Silver,False,False
CUST-01094,Thomas Wilson,Male,21,2022-09-25,San Antonio,United Kingdom,thomas.wilson@@example..com,79718.55,53.38,Gold,False,False
CUST-00314,Mary Taylor,Female,59,2024-01-16,San Diego,United Kingdom,mary.taylor314@example.com,71234.82,149.94,Gold,False,False
CUST-00565,Karen Rodriguez,Female,53,2023-10-05,Dallas,United Kingdom,karen.rodriguez565@example.com,73429.91,177.14,Gold,False,False
CUST-02898,Linda Jones,Female,34,2021-05-12,Houston,Canada,linda.jones2898@example.com,76276.86,186.29,Gold,False,False
CUST-01177,Nancy Miller,Male,40,2023-10-10,San Antonio,United Kingdom,,39093.97,354.13,Silver,False,False
CUST-00490,Daniel Martinez,Male,37,2021-04-13,Los Angeles,United Kingdom,,55112.1,151.2,Gold,False,False
CUST-00973,Mary Gonzalez,Male,24,2021-09-24,Houston,Canada,mary.gonzalez973@example.com,72051.67,85.57,Bronze,False,False
CUST-01225,Robert Smith,,16,2021-05-27,Los Angeles,USA,robert.smith1225@example.com,90649.21,71.96,Silver,False,False
CUST-01163,John Brown,Female,31,2021-06-16,New York,Australia,john.brown1163@example.com,61885.19,59.82,Gold,False,False
CUST-00269,Matthew Miller,Female,50,2022-06-14,Chicago,Canada,matthew.miller@@example..com,39604.88,127.37,Silver,False,False
CUST-02403,Michael Johnson,Female,29,2022-05-03,Dallas,USA,michael.johnson@@example..com,79705.04,203.11,Silver,False,False
CUST-00138,Thomas Hernandez,Male,16,2023-12-04,Philadelphia,United Kingdom,thomas.hernandez138@example.com,59164.8,244.62,Gold,False,False
CUST-02940,Charles Anderson,Female,45,2022-12-27,Phoenix,Canada,charles.anderson2940@example.com,76376.56,33.32,Silver,False,False
CUST-00821,Lisa Gonzalez,Male,55,2024-12-06,Los Angeles,Canada,lisa.gonzalez821@example.com,51984.2,248.89,Gold,False,False
CUST-00954,Jessica Thomas,Female,21,2021-06-03,Phoenix,United Kingdom,jessica.thomas954@example.com,97633.14,93.91,Gold,False,False
CUST-02101,Richard Martinez,Female,32,2021-09-14,San Diego,Canada,richard.martinez2101@example.com,56588.28,96.67,Bronze,False,False
CUST-01673,Elizabeth Williams,Female,45,2023-03-12,Philadelphia,USA,elizabeth.williams1673@example.com,54942.59,105.5,Bronze,False,False
CUST-01453,Betty Rodriguez,Male,45,2022-09-17,Phoenix,Canada,betty.rodriguez1453@example.com,78204.69,234.02,Silver,False,False
CUST-00148,Thomas Davis,Male,57,2023-03-28,Phoenix,Australia,thomas.davis148@example.com,57968.48,60.77,Bronze,False,False
CUST-00243,Lisa Johnson,Male,39,2021-05-06,Austin,Canada,lisa.johnson243@example.com,67865.74,36.78,Gold,False,False
CUST-00462,Matthew Lopez,Male,41,2021-11-23,Chicago,Australia,matthew.lopez462@example.com,37984.63,144.19,Silver,False,False
CUST-01263,David Johnson,Female,38,2022-11-10,San Antonio,United Kingdom,david.johnson1263@example.com,5000000.0,206.5,Silver,True,False
CUST-00325,Jennifer Martin,Female,42,2022-08-29,Austin,Australia,jennifer.martin325@example.com,40207.2,283.27,Gold,False,False
CUST-00773,Susan Brown,Female,18,2022-12-25,New York,United Kingdom,susan.brown773@example.com,78902.2,251.78,Bronze,False,False
CUST-02179,Elizabeth Williams,Female,33,2022-02-05,Los Angeles,Canada,elizabeth.williams2179@example.com,61885.19,177.92,Silver,False,False
CUST-02437,Robert Miller,Female,26,2022-06-21,Los Angeles,Australia,robert.miller2437@example.com,51160.32,135.29,Bronze,False,False
CUST-02891,Karen Brown,Male,36,2021-06-12,Los Angeles,United Kingdom,karen.brown2891@example.com,42029.31,280.57,Gold,False,False
CUST-00938,Michael Jackson,Male,43,2024-03-19,San Diego,United Kingdom,michael.jackson938@example.com,38017.73,154.45,Silver,False,False
CUST-00066,John Moore,Male,46,2021-06-29,Austin,Australia,john.moore66@example.com,63758.31,14.15,Silver,False,False
CUST-00247,Michael Rodriguez,Female,45,2022-06-12,San Antonio,Canada,michael.rodriguez247@example.com,86647.97,166.88,Bronze,False,False
CUST-01544,Robert Martinez,Female,16,2024-08-20,New York,USA,robert.martinez1544@example.com,44157.21,27.54,Bronze,False,False
CUST-00296,Karen Martinez,Female,37,2021-06-02,San Diego,USA,karen.martinez296@example.com,75179.36,321.09,Silver,False,False
CUST-00855,David Johnson,Female,37,2023-09-15,Houston,United Kingdom,david.johnson855@example.com,93188.63,219.54,Bronze,False,False
CUST-00550,Daniel Gonzalez,Female,17,2021-03-02,New York,Canada,daniel.gonzalez550@example.com,31600.65,81.62,Bronze,False,False
CUST-01458,Susan Jones,Female,40,2023-11-13,New York,USA,susan.jones1458@example.com,64238.13,42.32,Silver,False,False
CUST-00638,Nancy Hernandez,,41,2021-05-28,Chicago,United Kingdom,nancy.hernandez638@example.com,68120.73,188.2,Gold,False,False
CUST-02127,Patricia Rodriguez,Female,66,2024-10-20,Houston,Australia,patricia.rodriguez2127@example.com,103297.12,134.32,Silver,False,False
CUST-00893,Matthew Johnson,Female,56,2024-11-01,San Diego,Canada,matthew.johnson893@example.com,51590.53,18.02,Bronze,False,False
CUST-00084,Karen Martin,Female,38,2022-07-22,San Diego,Canada,karen.martin84@example.com,50797.62,193.55,Silver,False,False
CUST-00278,John Miller,Male,60,2021-07-07,Phoenix,Canada,john.miller278@example.com,60529.58,61.78,Silver,False,False
CUST-01301,James Brown,Female,46,2022-10-18,Phoenix,USA,james.brown1301@example.com,44490.92,125.3,Silver,False,False
CUST-00758,Robert Moore,Male,29,2024-10-26,San Antonio,Australia,robert.moore758@example.com,65816.45,18.66,Silver,False,False
CUST-00966,Linda Williams,Male,40,2023-04-07,Houston,United Kingdom,linda.williams966@example.com,56415.21,156.02,Silver,False,False
CUST-00478,Joseph Martin,Female,44,2023-06-17,San Antonio,Australia,joseph.martin478@example.com,87819.14,98.89,Silver,False,False
CUST-00127,Elizabeth Thomas,Female,48,2022-07-13,Phoenix,Canada,elizabeth.thomas127@example.com,68812.0,191.07,Gold,False,False
CUST-02425,Patricia Rodriguez,Other,78,2024-08-04,San Antonio,Canada,,61679.39,-281.51,Silver,True,True
CUST-00460,Nancy Jones,Male,55,2022-08-05,San Antonio,Australia,nancy.jones460@example.com,83632.5,342.38,Gold,False,False
CUST-01639,Karen Jackson,Female,30,2024-01-22,Houston,USA,karen.jackson1639@example.com,46997.44,412.28,Silver,True,False
CUST-00799,Thomas Smith,Female,30,2021-04-27,Chicago,Canada,thomas.smith799@example.com,89406.55,188.95,Bronze,False,False
CUST-00305,Susan Garcia,Male,62,2023-01-27,New York,Australia,susan.garcia305@example.com,69274.9,261.06,Gold,False,False
CUST-01659,David Gonzalez,Male,35,2023-01-25,Austin,United Kingdom,david.gonzalez1659@example.com,85823.66,275.06,Gold,False,False
CUST-00225,Linda Garcia,Male,48,2022-04-18,San Diego,USA,linda.garcia225@example.com,43804.6,150.8,Bronze,False,False
CUST-01514,John Taylor,Male,40,2022-03-12,Houston,Australia,john.taylor1514@example.com,38586.32,99.46,Gold,False,False
CUST-02209,Robert Anderson,Female,48,2021-07-05,Houston,Canada,robert.anderson2209@example.com,74759.93,159.85,Gold,False,False
CUST-00583,William Gonzalez,Male,38,2024-11-29,San Antonio,Australia,william.gonzalez583@example.com,47416.99,258.49,Gold,False,False
CUST-02366,Matthew Martin,Male,55,2021-09-27,Austin,Canada,matthew.martin2366@example.com,77044.73,-122.56,Gold,True,True
CUST-02256,Betty Lopez,Female,40,2022-05-02,Los Angeles,USA,betty.lopez2256@example.com,88251.8,154.23,Silver,False,False
CUST-00442,Sarah Rodriguez,Male,61,2021-09-07,Chicago,United Kingdom,sarah.rodriguez442@example.com,52137.88,80.51,Gold,False,False
CUST-02588,Nancy Brown,Female,31,2023-09-11,Philadelphia,Canada,nancy.brown2588@example.com,57255.39,57.0,Bronze,False,False
CUST-00282,Karen Brown,Male,58,2024-02-18,New York,Australia,karen.brown282@example.com,56159.01,149.02,Gold,False,False
CUST-00266,Lisa Davis,Male,57,2021-02-03,New York,Australia,lisa.davis266@example.com,69920.19,133.87,Gold,False,False
CUST-01594,Nancy Gonzalez,Male,40,2024-04-10,Philadelphia,United Kingdom,nancy.gonzalez1594@example.com,72871.41,144.19,Silver,False,False
CUST-02650,Charles Gonzalez,Male,37,2023-01-15,Chicago,Australia,charles.gonzalez2650@example.com,61885.19,307.26,Gold,False,False
CUST-02662,Betty Thomas,Female,29,2024-01-08,Houston,USA,betty.thomas2662@example.com,62657.4,51.72,Gold,False,False
CUST-02630,Lisa Taylor,Female,21,2021-10-16,Houston,Australia,lisa.taylor2630@example.com,46789.7,43.28,Gold,False,False
CUST-02271,Jessica Jackson,Male,27,2021-02-07,San Diego,Australia,jessica.jackson2271@example.com,65128.53,253.28,Silver,False,False
CUST-01081,Lisa Williams,Female,25,2024-02-27,San Antonio,USA,lisa.williams1081@example.com,73261.44,165.52,Gold,False,False
CUST-00353,Linda Davis,Male,22,2021-01-28,San Diego,USA,linda.davis353@example.com,81756.48,237.53,Silver,False,False
CUST-01755,Karen Taylor,Female,33,2023-04-02,Phoenix,United Kingdom,karen.taylor1755@example.com,35954.7,31.87,Gold,False,False
CUST-00159,Karen Wilson,,54,2022-06-20,Chicago,United Kingdom,karen.wilson159@example.com,44847.88,104.11,Silver,False,False
CUST-00025,Thomas Rodriguez,Male,36,2021-06-04,Phoenix,Australia,thomas.rodriguez25@example.com,5000000.0,329.42,Silver,True,False
CUST-01871,Linda Rodriguez,Male,49,2021-04-09,Austin,Canada,linda.rodriguez1871@example.com,46856.4,172.26,Bronze,False,False
CUST-01018,John Anderson,Male,26,2022-02-11,Austin,United Kingdom,,61885.19,151.93,Silver,False,False
CUST-01036,Sarah Gonzalez,Female,46,2022-12-12,Dallas,Australia,sarah.gonzalez1036@example.com,50256.24,218.89,Bronze,False,False
CUST-01518,Susan Martin,Female,16,2024-11-14,Austin,USA,susan.martin1518@example.com,96841.15,96.59,Silver,False,False
CUST-01053,Mary Thomas,Female,21,2024-11-22,San Antonio,Canada,mary.thomas1053@example.com,56185.45,198.72,Gold,False,False
CUST-00725,Elizabeth Rodriguez,Female,31,2023-12-12,Houston,United Kingdom,elizabeth.rodriguez725@example.com,48583.44,4.47,Silver,False,False
CUST-00861,Richard Miller,Female,43,2023-04-06,New York,Canada,richard.miller861@example.com,47155.45,22.92,Gold,False,False
CUST-02439,Matthew Johnson,Female,43,2021-08-20,Phoenix,United Kingdom,matthew.johnson2439@example.com,61885.19,132.92,Bronze,False,False
CUST-02823,Daniel Brown,Female,40,2023-01-29,Dallas,Australia,daniel.brown2823@example.com,79699.05,194.72,Bronze,False,False
CUST-02841,John Brown,Male,40,2024-06-04,Austin,Canada,john.brown2841@example.com,82034.98,141.5,Gold,False,False
CUST-00678,Nancy Martin,Female,45,2022-09-26,Austin,United Kingdom,nancy.martin678@example.com,61885.19,196.7,Silver,False,False
CUST-00298,Sarah Gonzalez,Male,47,2023-05-25,Los Angeles,Australia,sarah.gonzalez298@example.com,68298.49,372.38,Silver,False,False
CUST-02712,Karen Brown,Male,41,2022-12-04,San Antonio,Canada,karen.brown2712@example.com,75867.26,37.5,Gold,False,False
CUST-02346,Betty Thomas,Female,63,2021-07-20,Los Angeles,United Kingdom,betty.thomas2346@example.com,64688.03,32.32,Gold,False,False
CUST-01262,Karen Johnson,Female,37,2022-08-11,Houston,Canada,karen.johnson1262@example.com,44546.03,38.58,Gold,False,False
CUST-01242,Richard Gonzalez,Male,53,2023-02-04,San Antonio,Australia,richard.gonzalez1242@example.com,47352.84,115.93,Silver,False,False
CUST-02562,Karen Garcia,Male,20,2023-08-07,San Diego,Australia,karen.garcia2562@example.com,61885.19,226.35,Silver,False,False
CUST-02063,Elizabeth Anderson,Male,52,2021-02-18,Houston,USA,elizabeth.anderson2063@example.com,45269.78,57.42,Silver,False,False
CUST-00119,Robert Garcia,Male,27,2021-04-07,Philadelphia,Australia,robert.garcia119@example.com,18173.23,264.82,Bronze,False,False
CUST-02360,Thomas Gonzalez,Female,44,2022-09-18,Austin,USA,thomas.gonzalez2360@example.com,61885.19,77.96,Gold,False,False
CUST-01714,David Wilson,Male,46,2022-11-07,Houston,Canada,david.wilson1714@example.com,78331.98,-239.02,Bronze,True,True
CUST-00348,James Garcia,Female,80,2023-03-22,Phoenix,Australia,james.garcia348@example.com,38969.21,183.78,Gold,True,False
CUST-00253,Sarah Rodriguez,Male,50,2024-07-04,San Antonio,Canada,sarah.rodriguez253@example.com,57349.25,220.69,Bronze,False,False
CUST-01385,Michael Moore,Female,32,2022-12-18,New York,Canada,michael.moore1385@example.com,80290.85,178.76,Gold,False,False
CUST-02417,Elizabeth Miller,Female,44,2023-05-27,Los Angeles,United Kingdom,elizabeth.miller2417@example.com,57523.62,81.28,Gold,False,False
CUST-00542,Richard Brown,Male,40,2024-07-16,New York,USA,,56225.71,91.79,Gold,False,False
CUST-00798,Joseph Williams,Male,16,2024-07-01,New York,Canada,joseph.williams798@example.com,64904.88,122.86,Bronze,False,False
CUST-01148,Betty Gonzalez,Other,44,2022-09-23,Chicago,USA,betty.gonzalez1148@example.com,68666.61,82.37,Bronze,False,False
CUST-02623,Nancy Davis,Male,33,2023-07-27,San Diego,Canada,nancy.davis2623@example.com,48496.08,133.92,Gold,False,False
CUST-00260,Lisa Garcia,Female,38,2021-11-05,San Antonio,United Kingdom,,55492.42,50.49,Gold,False,False
CUST-00987,John Moore,Female,16,2023-02-03,Houston,USA,john.moore987@example.com,66533.88,289.69,Gold,False,False
CUST-02265,Joseph Martin,Female,45,2023-02-05,Los Angeles,Canada,joseph.martin2265@example.com,77102.27,118.29,Gold,False,False
CUST-01353,Nancy Miller,Female,33,2021-11-04,Philadelphia,USA,nancy.miller1353@example.com,44775.63,16.43,Bronze,False,False
CUST-00952,Matthew Smith,Female,69,2022-07-05,Houston,Canada,matthew.smith952@example.com,61885.19,236.23,Gold,False,False
CUST-00955,Jessica Wilson,Male,47,2021-08-29,Chicago,Australia,jessica.wilson955@example.com,48948.09,56.95,Gold,False,False
CUST-00991,Daniel Martinez,Male,16,2022-12-20,San Antonio,Canada,daniel.martinez991@example.com,56974.4,31.8,Bronze,False,False
CUST-02639,Lisa Garcia,Female,72,2022-06-04,Austin,USA,lisa.garcia2639@example.com,76495.17,90.19,Gold,False,False
CUST-02262,William Brown,Male,59,2023-12-14,San Antonio,Australia,william.brown2262@example.com,85454.55,61.15,Bronze,False,False
CUST-02547,Thomas Martinez,Male,20,2022-02-23,San Antonio,United Kingdom,thomas.martinez2547@example.com,35360.69,184.63,Bronze,False,False
CUST-01334,Elizabeth Anderson,Female,23,2023-03-07,Los Angeles,USA,elizabeth.anderson1334@example.com,75834.86,145.43,Silver,False,False
CUST-01105,David Thomas,Female,53,2023-07-30,New York,Australia,,61815.56,225.81,Silver,False,False
CUST-01998,Susan Martinez,Female,47,2021-09-27,Houston,Canada,susan.martinez1998@example.com,61885.19,216.99,Silver,False,False
CUST-00229,Karen Martinez,Male,27,2023-08-07,Los Angeles,USA,,68643.3,234.96,Silver,False,False
CUST-00381,Jessica Hernandez,Female,40,,Chicago,USA,jessica.hernandez381@example.com,79257.88,144.19,Gold,False,False
CUST-02295,Michael Wilson,Male,38,2024-03-07,New York,United Kingdom,michael.wilson2295@example.com,86080.82,59.1,Bronze,False,False
CUST-02443,Susan Gonzalez,Female,56,2022-09-01,Los Angeles,USA,susan.gonzalez2443@example.com,101899.05,152.29,Silver,False,False
CUST-02552,Thomas Jackson,Female,43,2023-06-03,Chicago,Canada,thomas.jackson2552@example.com,43598.48,4.49,Silver,False,False
CUST-02037,Karen Williams,Female,58,2022-05-14,New York,Canada,karen.williams2037@example.com,44772.56,163.51,Bronze,False,False
CUST-01210,William Martinez,Male,33,2023-06-29,Houston,Australia,william.martinez1210@example.com,65252.54,47.24,Silver,False,False
CUST-00094,Betty Garcia,Male,53,2022-09-26,Phoenix,Australia,betty.garcia94@example.com,83961.13,130.02,Gold,False,False
CUST-01476,Lisa Jones,Other,27,2024-12-08,Philadelphia,Australia,lisa.jones1476@example.com,42810.11,162.6,Silver,False,False
CUST-00702,Charles Thomas,Male,58,2023-12-11,Chicago,USA,charles.thomas702@example.com,56794.3,122.65,Silver,False,False
CUST-01800,Karen Jones,Male,32,2024-12-01,Houston,Australia,karen.jones1800@example.com,75290.85,79.12,Silver,False,False
CUST-01424,Jessica Moore,Female,16,2024-10-23,Los Angeles,Canada,jessica.moore1424@example.com,30080.05,179.74,Bronze,False,False
CUST-00072,James Rodriguez,Female,42,2022-11-19,New York,Canada,james.rodriguez72@example.com,63188.23,149.7,Gold,False,False
CUST-00608,Charles Hernandez,Female,40,2024-12-18,New York,USA,charles.hernandez608@example.com,86336.96,195.55,Gold,False,False
CUST-00754,Betty Moore,Female,39,2024-06-15,Chicago,Australia,betty.moore754@example.com,61885.19,203.03,Silver,False,False
CUST-01395,Robert Davis,Male,35,,New York,United Kingdom,robert.davis1395@example.com,59677.43,191.22,Gold,False,False
CUST-00323,Robert Jones,Other,37,,Chicago,USA,robert.jones323@example.com,73930.57,275.5,Gold,False,False
CUST-01751,David Garcia,Female,32,2024-10-10,San Diego,United Kingdom,david.garcia1751@example.com,75725.67,86.91,Bronze,False,False
CUST-02045,Nancy Moore,Male,42,2024-02-21,New York,USA,nancy.moore2045@example.com,70832.06,214.46,Bronze,False,False
CUST-01142,Thomas Miller,Female,41,2021-06-06,Chicago,Canada,thomas.miller1142@example.com,63842.33,38.17,Gold,False,False
CUST-00896,Jennifer Moore,Female,49,2022-10-15,Austin,Canada,jennifer.moore896@example.com,55890.0,278.26,Bronze,False,False
CUST-00901,John Anderson,Male,52,2021-07-10,Austin,USA,john.anderson901@example.com,24457.25,120.62,Gold,False,False
CUST-00741,Michael Jones,Female,38,2023-04-20,Houston,United Kingdom,michael.jones741@example.com,65734.33,94.77,Gold,False,False
CUST-02411,Jennifer Anderson,Female,61,2024-09-05,San Antonio,United Kingdom,jennifer.anderson2411@example.com,70802.97,33.23,Gold,False,False
CUST-01075,William Moore,Male,40,2022-11-09,New York,United Kingdom,william.moore1075@example.com,67790.46,217.94,Gold,False,False
CUST-02548,Richard Rodriguez,Male,46,,Phoenix,USA,richard.rodriguez2548@example.com,105699.01,13.92,Gold,False,False
CUST-00982,Elizabeth Davis,Male,50,2022-12-11,Los Angeles,Australia,elizabeth.davis982@example.com,36635.2,28.85,Bronze,False,False
CUST-02183,Robert Wilson,Female,66,2023-08-28,Phoenix,Canada,robert.wilson2183@example.com,48716.19,78.66,Gold,False,False
CUST-01058,David Wilson,Male,40,2024-12-02,Los Angeles,United Kingdom,david.wilson1058@example.com,43301.67,131.44,Bronze,False,False
CUST-01546,Nancy Anderson,Female,23,2022-03-12,San Diego,USA,,65796.05,220.63,Bronze,False,False
CUST-02359,Jennifer Gonzalez,Female,53,2021-01-22,Austin,Canada,jennifer.gonzalez2359@example.com,9016.51,105.13,Bronze,False,False
CUST-02961,Robert Martinez,Male,40,2024-06-11,Los Angeles,United Kingdom,,41974.64,33.29,Gold,False,False
CUST-01535,Linda Garcia,Male,39,2022-11-09,Chicago,Canada,linda.garcia1535@example.com,83611.12,-200.96,Bronze,True,True
CUST-00422,David Miller,Male,45,2022-01-12,Houston,USA,david.miller422@example.com,58747.34,24.38,Gold,False,False
CUST-00537,James Johnson,,50,2022-04-16,San Antonio,United Kingdom,james.johnson537@example.com,85302.4,62.75,Silver,False,False
CUST-01882,Betty Lopez,Male,37,2023-09-01,Los Angeles,Canada,betty.lopez1882@example.com,67498.77,168.39,Gold,False,False
CUST-02740,Susan Lopez,Male,34,2023-11-09,New York,Canada,susan.lopez2740@example.com,63387.76,2.51,Silver,False,False
CUST-01219,Lisa Brown,Male,72,2022-02-15,Dallas,Australia,lisa.brown1219@example.com,56899.18,144.19,Silver,False,False
CUST-01636,Joseph Miller,Female,49,2021-04-17,New York,Australia,joseph.miller1636@example.com,51847.68,49.3,Silver,False,False
CUST-02469,Charles Thomas,Female,39,2023-05-14,Los Angeles,United Kingdom,charles.thomas2469@example.com,25898.31,109.34,Bronze,False,False
CUST-01603,Elizabeth Johnson,Female,56,2022-12-02,San Diego,USA,elizabeth.johnson1603@example.com,51653.61,324.97,Gold,False,False
CUST-01496,David Brown,Female,16,2022-10-10,San Antonio,USA,david.brown1496@example.com,57893.42,175.84,Gold,False,False
CUST-01517,Charles Taylor,Male,58,2023-05-12,San Diego,USA,charles.taylor1517@example.com,61624.73,114.42,Bronze,False,False
CUST-00756,James Hernandez,Female,30,2022-05-24,Houston,Australia,james.hernandez756@example.com,56978.33,227.87,Gold,False,False
CUST-01662,Richard Taylor,Male,49,2023-02-08,San Diego,USA,richard.taylor1662@example.com,57376.26,114.89,Gold,False,False
CUST-00690,Nancy Garcia,Male,38,2023-05-30,Austin,Australia,nancy.garcia690@example.com,61885.19,202.11,Silver,False,False
CUST-01039,Sarah Anderson,Male,30,2022-11-16,Chicago,United Kingdom,sarah.anderson1039@example.com,77428.58,133.47,Bronze,False,False
CUST-00364,Jessica Hernandez,Male,47,2023-10-17,New York,United Kingdom,jessica.hernandez364@example.com,47231.71,49.27,Silver,False,False
CUST-00470,Richard Williams,Male,71,2021-09-28,Philadelphia,United Kingdom,richard.williams470@example.com,61355.58,88.69,Silver,False,False
CUST-02432,Michael Jackson,Female,26,2022-10-05,Houston,United Kingdom,michael.jackson2432@example.com,35743.33,241.87,Gold,False,False
CUST-02244,Karen Martinez,Female,42,2021-04-12,Houston,Canada,karen.martinez2244@example.com,90761.77,6.36,Silver,False,False
CUST-02766,Matthew Martinez,Male,46,,Phoenix,Australia,matthew.martinez2766@example.com,65748.13,192.51,Gold,False,False
CUST-01623,Thomas Gonzalez,Female,30,2024-06-11,San Diego,Australia,thomas.gonzalez1623@example.com,91906.21,91.14,Bronze,False,False
CUST-00673,Richard Davis,Other,22,2021-01-11,Houston,Australia,richard.davis673@example.com,26504.36,235.17,Silver,False,False
CUST-02908,Linda Brown,Male,31,2022-01-02,San Antonio,Australia,linda.brown2908@example.com,33010.66,58.5,Silver,False,False
CUST-02503,Mary Lopez,Male,40,2023-01-31,San Antonio,Canada,mary.lopez2503@example.com,85046.67,62.04,Bronze,False,False
CUST-02214,Jessica Hernandez,Female,36,2023-12-09,Dallas,USA,jessica.hernandez2214@example.com,55864.6,209.65,Bronze,False,False
CUST-02481,John Martinez,Female,43,2021-06-29,San Diego,USA,john.martinez2481@example.com,50374.05,138.92,Gold,False,False
CUST-01462,Susan Davis,Female,41,2022-02-19,New York,Australia,susan.davis1462@example.com,55777.52,91.25,Gold,False,False
CUST-01923,Karen Rodriguez,Other,50,,San Diego,Australia,karen.rodriguez1923@example.com,92153.58,141.64,Gold,False,False
CUST-00191,David Taylor,,31,2023-04-20,San Antonio,USA,david.taylor191@example.com,88167.14,109.97,Gold,False,False
CUST-00160,Elizabeth Gonzalez,Male,35,2023-04-12,Phoenix,Australia,elizabeth.gonzalez160@example.com,64548.61,202.08,Gold,False,False
CUST-02935,Mary Hernandez,Male,18,2021-04-27,Austin,United Kingdom,mary.hernandez2935@example.com,54393.58,77.96,Bronze,False,False
CUST-02260,Charles Gonzalez,Female,47,2024-06-05,Chicago,United Kingdom,charles.gonzalez2260@example.com,41847.75,114.35,Silver,False,False
CUST-00759,Sarah Garcia,Male,30,2022-03-03,Austin,United Kingdom,sarah.garcia759@example.com,60257.68,239.53,Gold,False,False
CUST-01143,Matthew Thomas,Female,44,2024-05-16,Los Angeles,Australia,matthew.thomas1143@example.com,75624.99,87.24,Gold,False,False
CUST-00958,Lisa Lopez,Male,41,2024-06-19,Austin,Australia,lisa.lopez958@example.com,94511.78,105.11,Bronze,False,False
CUST-01082,Betty Garcia,Male,42,2022-09-30,Philadelphia,Canada,betty.garcia1082@example.com,115251.03,177.45,Gold,False,False
CUST-00985,Mary Lopez,Female,47,2023-09-29,Los Angeles,Canada,mary.lopez985@example.com,90860.2,43.44,Gold,False,False
CUST-01008,Joseph Jones,Male,32,2022-08-30,Houston,Australia,joseph.jones1008@example.com,80523.72,210.72,Bronze,False,False
CUST-00050,Susan Martinez,Female,46,2022-01-19,New York,Canada,susan.martinez50@example.com,54235.95,362.22,Silver,False,False
CUST-00814,Richard Williams,Female,28,2024-12-30,Chicago,United Kingdom,richard.williams814@example.com,38993.98,63.89,Bronze,False,False
CUST-01285,Linda Wilson,Male,60,2021-03-14,Austin,Canada,linda.wilson1285@example.com,21578.65,-3.78,Gold,False,True
CUST-01954,Linda Jones,Female,40,2022-06-06,Los Angeles,Canada,linda.jones1954@example.com,102705.16,294.17,Silver,False,False
CUST-01791,William Moore,Female,43,2022-04-25,Houston,United Kingdom,william.moore1791@example.com,63485.5,121.08,Bronze,False,False
CUST-01645,Jennifer Miller,Female,32,2021-03-05,New York,United Kingdom,jennifer.miller1645@example.com,86516.01,181.63,Silver,False,False
CUST-01708,John Smith,Female,29,2022-06-24,San Antonio,Australia,john.smith1708@example.com,73065.76,72.24,Silver,False,False
CUST-02917,Lisa Davis,Female,18,2024-10-29,Chicago,Canada,lisa.davis2917@example.com,77383.85,94.98,Silver,False,False
CUST-00878,David Johnson,Male,62,2022-07-26,San Antonio,United Kingdom,david.johnson878@example.com,21932.34,287.98,Gold,False,False
CUST-00458,Daniel Martin,Other,48,2022-12-13,Chicago,USA,daniel.martin458@example.com,36060.24,101.21,Bronze,False,False
CUST-02658,Joseph Brown,Other,36,2022-12-27,Dallas,United Kingdom,joseph.brown2658@example.com,47431.2,174.69,Bronze,False,False
CUST-02772,Nancy Anderson,Male,58,2022-01-24,Dallas,Australia,nancy.anderson2772@example.com,56201.41,133.85,Bronze,False,False
CUST-02696,Jennifer Lopez,Male,59,2021-07-04,New York,Australia,jennifer.lopez2696@example.com,85641.63,132.03,Gold,False,False
CUST-02133,John Johnson,Female,65,2022-06-03,Dallas,Canada,john.johnson2133@example.com,74327.85,87.04,Bronze,False,False
CUST-02108,James Moore,Female,38,2024-04-20,Dallas,USA,james.moore2108@example.com,33726.45,193.66,Gold,False,False
CUST-02163,Michael Thomas,Female,41,2022-08-30,Austin,Australia,michael.thomas2163@example.com,97529.88,34.07,Silver,False,False
CUST-01409,David Jackson,Male,53,2023-06-24,Los Angeles,Canada,david.jackson1409@example.com,76498.28,31.37,Bronze,False,False
CUST-00615,Joseph Johnson,Male,16,2021-03-07,Philadelphia,USA,joseph.johnson615@example.com,81353.0,264.17,Gold,False,False
CUST-02920,Betty Martinez,Female,39,2023-01-29,San Antonio,United Kingdom,betty.martinez2920@example.com,72158.74,270.84,Bronze,False,False
CUST-00224,Sarah Williams,Male,56,2022-08-07,Chicago,Australia,sarah.williams224@example.com,52483.72,158.87,Bronze,False,False
CUST-01310,William Jones,Male,42,2024-07-29,Philadelphia,Australia,william.jones1310@example.com,43686.78,229.72,Gold,False,False
CUST-00477,Michael Rodriguez,Male,35,2022-05-26,Los Angeles,USA,michael.rodriguez477@example.com,74461.25,4.22,Bronze,False,False
CUST-00375,Mary Gonzalez,Female,39,2021-12-30,Dallas,Canada,mary.gonzalez375@example.com,58995.09,176.53,Gold,False,False
CUST-02049,David Jones,Other,44,2021-09-11,San Diego,Canada,david.jones2049@example.com,100174.2,117.8,Silver,False,False
CUST-01749,Robert Williams,Female,29,2022-08-09,New York,Canada,robert.williams1749@example.com,59425.49,286.4,Bronze,False,False
CUST-01346,James Jackson,Male,58,2023-02-02,Philadelphia,United Kingdom,james.jackson1346@example.com,8000.0,293.24,Silver,False,False
CUST-00930,Nancy Martin,Female,28,2022-10-11,Houston,Australia,nancy.martin930@example.com,8000.0,225.09,Silver,False,False
CUST-01408,Thomas Hernandez,Female,21,2021-12-21,San Diego,Canada,thomas.hernandez1408@example.com,40717.25,235.33,Silver,False,False
CUST-00998,Michael Thomas,Female,39,2021-02-12,Los Angeles,Australia,michael.thomas998@example.com,65173.59,130.25,Gold,False,False
CUST-02223,Thomas Moore,Female,40,2022-09-20,Philadelphia,United Kingdom,thomas.moore2223@example.com,98919.09,80.28,Gold,False,False
CUST-02305,Matthew Johnson,Female,40,,Phoenix,Canada,matthew.johnson2305@example.com,61885.19,236.74,Gold,False,False
CUST-01608,Elizabeth Martin,Other,40,2022-01-15,Philadelphia,Canada,elizabeth.martin1608@example.com,47658.1,148.82,Gold,False,False
CUST-02342,Karen Hernandez,Female,29,2022-02-14,San Antonio,Australia,karen.hernandez2342@example.com,34401.0,243.37,Silver,False,False
CUST-02832,Karen Miller,Male,44,2024-06-21,New York,United Kingdom,karen.miller2832@example.com,60967.42,134.23,Gold,False,False
CUST-02930,Robert Thomas,Male,30,2021-08-06,Austin,United Kingdom,robert.thomas2930@example.com,88139.05,180.27,Gold,False,False
CUST-02557,Mary Smith,Female,27,2022-10-22,Chicago,Canada,mary.smith2557@example.com,61885.19,269.67,Bronze,False,False
CUST-02624,Daniel Jones,Female,62,2022-01-06,Houston,USA,daniel.jones2624@example.com,92023.65,92.69,Gold,False,False
CUST-00028,Michael Miller,Female,46,2021-02-22,Los Angeles,United Kingdom,michael.miller28@example.com,49511.65,289.07,Silver,False,False
CUST-02460,Robert Lopez,Male,51,2023-01-01,Austin,Canada,robert.lopez2460@example.com,80838.74,194.0,Gold,False,False
CUST-01093,Charles Gonzalez,Male,43,,Dallas,United Kingdom,charles.gonzalez1093@example.com,52288.44,120.22,Gold,False,False
CUST-00234,Richard Miller,Male,40,2023-01-28,New York,Canada,,37484.83,191.23,Gold,False,False
CUST-01542,Robert Johnson,Male,49,2023-12-22,Phoenix,Canada,robert.johnson1542@example.com,77007.43,138.41,Bronze,False,False
CUST-02167,Sarah Wilson,Male,48,2022-03-20,Chicago,USA,,47972.77,340.53,Gold,False,False
CUST-02496,Jessica Davis,Male,18,2022-05-24,Chicago,United Kingdom,jessica.davis2496@example.com,84819.12,46.48,Silver,False,False
CUST-02997,Betty Johnson,Female,53,2022-09-11,Austin,Canada,betty.johnson2997@example.com,60188.95,276.42,Bronze,False,False
CUST-00775,James Johnson,Male,43,2021-02-18,San Diego,Australia,james.johnson775@example.com,72505.01,297.47,Silver,False,False
CUST-01711,Mary Anderson,Female,52,2024-10-19,San Diego,USA,mary.anderson1711@example.com,77141.4,207.41,Gold,False,False
CUST-00465,Patricia Hernandez,Female,63,2021-07-05,New York,United Kingdom,patricia.hernandez465@example.com,65060.14,215.82,Gold,False,False
CUST-02628,David Rodriguez,Male,32,2021-12-11,San Diego,USA,,77493.28,167.65,Gold,False,False
CUST-00080,Betty Williams,Female,47,2024-01-21,Los Angeles,Australia,betty.williams80@example.com,70527.51,51.63,Gold,False,False
CUST-02421,Mary Garcia,Male,23,2022-05-07,Austin,United Kingdom,mary.garcia2421@example.com,53275.46,30.83,Gold,False,False
CUST-01112,Richard Miller,Female,20,2024-10-08,Philadelphia,Australia,richard.miller1112@example.com,61885.19,123.83,Silver,False,False
CUST-02013,Daniel Garcia,Male,26,,Chicago,Canada,daniel.garcia2013@example.com,24797.05,251.0,Gold,False,False
CUST-01668,Betty Lopez,Male,41,2023-11-30,Los Angeles,United Kingdom,betty.lopez1668@example.com,61150.84,67.56,Silver,False,False
CUST-00416,Susan Gonzalez,Male,52,2024-09-13,Phoenix,USA,susan.gonzalez416@example.com,79045.97,147.4,Silver,False,False
CUST-02602,Lisa Martin,Female,70,2023-04-04,Los Angeles,Canada,lisa.martin2602@example.com,83117.33,118.95,Silver,False,False
CUST-00607,Jessica Rodriguez,Female,38,2022-12-30,New York,Canada,jessica.rodriguez607@example.com,42584.91,51.11,Gold,False,False
CUST-02011,John Johnson,Male,29,2024-07-30,Dallas,USA,john.johnson2011@example.com,71661.94,209.12,Silver,False,False
CUST-02088,Thomas Hernandez,Other,25,2024-04-20,New York,United Kingdom,thomas.hernandez2088@example.com,48859.03,94.47,Silver,False,False
CUST-00724,Michael Johnson,Other,23,2023-03-26,San Diego,Australia,michael.johnson724@example.com,62656.42,144.19,Silver,False,False
CUST-02811,Betty Lopez,Male,33,2021-01-30,Dallas,United Kingdom,betty.lopez2811@example.com,50952.57,5.4,Gold,False,False
CUST-00101,Charles Brown,Male,36,2023-10-07,Los Angeles,USA,charles.brown101@example.com,71637.33,12.54,Gold,False,False
CUST-02332,Robert Hernandez,Other,40,2021-01-23,San Diego,Canada,,10337.76,119.37,Gold,False,False
CUST-02676,Betty Anderson,Male,34,2021-08-07,Los Angeles,Australia,betty.anderson2676@example.com,71976.58,-139.98,Gold,True,True
CUST-01769,Jennifer Jones,Male,34,2024-03-30,San Antonio,Canada,jennifer.jones1769@example.com,36858.11,10.14,Silver,False,False
CUST-02050,Patricia Johnson,Female,56,2023-09-12,Phoenix,USA,patricia.johnson2050@example.com,44134.67,114.67,Silver,False,False
CUST-01917,Richard Williams,Male,42,2024-11-04,San Antonio,United Kingdom,richard.williams1917@example.com,87520.42,122.21,Gold,False,False
CUST-01264,Thomas Thomas,Male,16,2021-07-28,San Diego,United Kingdom,thomas.thomas1264@example.com,63169.69,129.86,Gold,False,False
CUST-00493,Betty Wilson,Female,23,2024-12-14,Austin,USA,betty.wilson493@example.com,47345.94,83.56,Bronze,False,False
CUST-00745,Patricia Wilson,Male,32,2021-08-02,Phoenix,USA,patricia.wilson745@example.com,52208.4,107.8,Bronze,False,False
CUST-00637,Susan Williams,Female,44,2024-03-07,Phoenix,USA,susan.williams637@example.com,70803.6,253.93,Silver,False,False
CUST-01478,Daniel Anderson,Male,40,2023-05-14,Austin,United Kingdom,daniel.anderson1478@example.com,93142.39,108.2,Silver,False,False
CUST-00786,Patricia Jones,Male,24,2023-01-26,Houston,Canada,patricia.jones786@example.com,112984.08,247.82,Silver,False,False
CUST-01823,Nancy Garcia,Female,21,2022-08-19,San Antonio,Australia,nancy.garcia1823@example.com,61885.19,89.09,Gold,False,False
CUST-00461,James Jackson,Female,21,2023-06-25,San Diego,Canada,james.jackson461@example.com,75121.88,319.59,Silver,False,False
CUST-02458,Joseph Martin,Male,46,2023-04-01,Chicago,Canada,joseph.martin2458@example.com,46784.64,53.02,Gold,False,False
CUST-00543,Susan Martin,Male,69,2023-08-02,Philadelphia,Australia,susan.martin543@example.com,48305.77,252.18,Gold,False,False
CUST-00813,Mary Jackson,Male,48,2022-10-21,Austin,Australia,mary.jackson813@example.com,57759.72,84.74,Gold,False,False
CUST-00507,Sarah Hernandez,Female,41,2024-08-09,Austin,United Kingdom,sarah.hernandez507@example.com,75066.91,156.75,Silver,False,False
CUST-00899,Karen Davis,Other,52,2022-10-14,San Diego,USA,karen.davis899@example.com,95958.64,70.56,Silver,False,False
CUST-00284,Richard Martin,Female,23,2021-11-26,Austin,Australia,richard.martin284@example.com,82181.38,95.07,Gold,False,False
CUST-01725,Robert Martinez,Male,24,2022-11-23,Chicago,Canada,robert.martinez1725@example.com,81250.19,170.26,Silver,False,False
CUST-02407,Mary Brown,Male,16,2023-08-26,New York,Australia,mary.brown2407@example.com,73301.95,74.26,Gold,False,False
CUST-02516,Elizabeth Williams,Male,40,2021-02-12,New York,USA,elizabeth.williams2516@example.com,79982.35,-14.0,Silver,False,True
CUST-02237,Charles Martinez,Female,43,2024-08-13,Austin,Canada,charles.martinez2237@example.com,65650.49,191.16,Gold,False,False
CUST-00187,John Rodriguez,Male,28,2022-07-28,Philadelphia,USA,john.rodriguez187@example.com,93657.62,142.16,Gold,False,False
CUST-00454,Sarah Thomas,Female,28,2023-12-26,Philadelphia,United Kingdom,sarah.thomas454@example.com,12773.84,227.25,Gold,False,False
CUST-00946,David Brown,Female,56,2022-04-23,Philadelphia,Canada,david.brown946@example.com,55929.92,267.37,Gold,False,False
CUST-00499,Joseph Anderson,Male,35,2024-02-28,San Diego,USA,joseph.anderson499@example.com,46839.12,254.27,Silver,False,False
CUST-01989,Joseph Brown,Female,47,2023-12-18,Chicago,Australia,joseph.brown1989@example.com,36411.79,168.34,Gold,False,False
CUST-01549,David Martinez,Other,33,,San Antonio,Canada,david.martinez1549@example.com,43026.74,231.64,Gold,False,False
CUST-01414,Charles Thomas,Female,27,2022-06-16,Philadelphia,USA,charles.thomas1414@example.com,27681.63,301.11,Silver,False,False
CUST-01595,Jennifer Davis,Female,28,2023-05-04,Philadelphia,Canada,jennifer.davis1595@example.com,56436.05,144.19,Silver,False,False
CUST-01702,Richard Hernandez,Male,57,2024-04-04,New York,Australia,richard.hernandez1702@example.com,19528.19,228.54,Gold,False,False
CUST-01348,Jennifer Anderson,Female,38,2023-05-27,Dallas,United Kingdom,jennifer.anderson1348@example.com,64008.01,305.33,Gold,False,False
CUST-01182,Matthew Lopez,Female,47,2022-08-21,San Diego,USA,matthew.lopez1182@example.com,58992.9,169.9,Silver,False,False
CUST-01796,John Martin,Female,53,2021-07-04,Phoenix,United Kingdom,john.martin1796@example.com,78862.21,258.12,Gold,False,False
CUST-00415,Michael Gonzalez,Female,61,2024-07-19,Philadelphia,United Kingdom,michael.gonzalez415@example.com,30967.88,202.47,Silver,False,False
CUST-02538,Nancy Jackson,Female,37,,Austin,Australia,nancy.jackson2538@example.com,47618.41,85.09,Silver,False,False
CUST-02156,Jennifer Moore,Female,27,2024-06-17,San Diego,Australia,jennifer.moore@@example..com,39110.21,309.86,Bronze,False,False
CUST-02336,Elizabeth Martinez,Male,39,2023-11-27,Los Angeles,Australia,elizabeth.martinez2336@example.com,26089.0,135.25,Silver,False,False
CUST-00064,Joseph Taylor,Female,60,2021-03-07,Dallas,Canada,joseph.taylor64@example.com,53375.29,257.32,Gold,False,False
CUST-02414,David Thomas,Female,82,2021-01-29,San Antonio,United Kingdom,david.thomas2414@example.com,46418.25,111.63,Gold,True,False
CUST-02194,Robert Martinez,Female,46,2024-01-19,San Antonio,USA,robert.martinez2194@example.com,79687.07,141.01,Silver,False,False
CUST-00553,Thomas Garcia,Male,31,2021-06-22,Dallas,Australia,thomas.garcia553@example.com,35027.79,218.96,Silver,False,False
CUST-01616,Robert Wilson,Male,63,2023-07-22,Philadelphia,United Kingdom,robert.wilson1616@example.com,63754.5,255.18,Gold,False,False
CUST-01109,John Jones,Male,36,2021-08-25,San Antonio,Canada,john.jones1109@example.com,50828.77,67.31,Gold,False,False
CUST-01529,James Williams,Female,20,2023-11-08,San Diego,Canada,james.williams1529@example.com,48030.94,150.82,Gold,False,False
CUST-00670,Michael Hernandez,Male,32,2023-11-17,Philadelphia,USA,michael.hernandez670@example.com,90737.68,3.05,Gold,False,False
CUST-01378,William Johnson,Male,39,,San Antonio,USA,william.johnson1378@example.com,69246.22,88.31,Silver,False,False
CUST-02616,Lisa Wilson,Female,57,2021-09-05,New York,USA,lisa.wilson2616@example.com,69954.58,93.34,Silver,False,False
CUST-00312,Charles Brown,Female,52,2023-01-02,San Antonio,Australia,charles.brown312@example.com,54909.31,43.45,Gold,False,False
CUST-02195,Elizabeth Smith,Male,37,2023-07-23,Houston,Canada,elizabeth.smith2195@example.com,79671.91,110.24,Gold,False,False
CUST-01178,Matthew Smith,Female,45,2021-01-01,San Antonio,Canada,matthew.smith1178@example.com,34178.98,47.9,Bronze,False,False
CUST-00785,Matthew Moore,Female,31,2021-11-17,Dallas,Canada,matthew.moore785@example.com,84015.7,67.38,Bronze,False,False
CUST-01719,William Lopez,Female,49,2024-06-08,Austin,USA,william.lopez1719@example.com,53620.92,127.96,Silver,False,False
CUST-01207,Patricia Thomas,Female,44,2023-05-05,Dallas,USA,patricia.thomas1207@example.com,66795.36,152.71,Silver,False,False
CUST-02709,Joseph Moore,Male,54,2022-05-19,San Diego,Canada,joseph.moore2709@example.com,17754.94,23.15,Gold,False,False
CUST-02836,Joseph Moore,Female,50,2023-06-20,Austin,USA,joseph.moore2836@example.com,49372.77,184.83,Bronze,False,False
CUST-00120,Susan Miller,Male,36,2023-08-21,San Diego,Canada,susan.miller120@example.com,97184.52,153.42,Gold,False,False
CUST-02300,Sarah Miller,Female,26,2021-01-15,Los Angeles,Canada,sarah.miller2300@example.com,61170.27,203.88,Silver,False,False
CUST-00352,Lisa Williams,Female,48,2022-02-17,Phoenix,United Kingdom,lisa.williams352@example.com,59859.12,151.32,Silver,False,False
CUST-02435,David Garcia,Male,49,,Austin,United Kingdom,david.garcia2435@example.com,53635.67,67.22,Bronze,False,False
CUST-00406,James Wilson,Male,28,2023-11-08,Dallas,USA,james.wilson406@example.com,62557.4,184.15,Gold,False,False
CUST-02949,Michael Lopez,Female,45,2024-06-17,San Antonio,USA,michael.lopez2949@example.com,69568.0,-128.39,Bronze,True,True
CUST-00053,Lisa Miller,Male,36,2021-11-27,Phoenix,Canada,lisa.miller53@example.com,51223.74,222.55,Gold,False,False
CUST-00382,William Thomas,Male,48,2022-04-02,San Antonio,Australia,william.thomas382@example.com,62316.45,136.53,Gold,False,False
CUST-02970,Thomas Davis,Male,42,2021-01-06,Los Angeles,Australia,thomas.davis2970@example.com,61885.19,309.98,Gold,False,False
CUST-02352,Jennifer Martin,Male,47,2022-10-12,Los Angeles,Canada,jennifer.martin2352@example.com,103703.09,217.24,Silver,False,False
CUST-01860,Thomas Martinez,Other,19,2022-10-23,Chicago,Australia,thomas.martinez1860@example.com,42652.91,139.53,Bronze,False,False
CUST-01026,Charles Wilson,Female,38,2021-08-25,San Diego,United Kingdom,charles.wilson1026@example.com,65177.47,149.39,Silver,False,False
CUST-00539,William Rodriguez,Other,46,2024-02-02,Los Angeles,United Kingdom,,60183.07,103.62,Gold,False,False
CUST-02143,Susan Wilson,Male,35,2022-07-02,Philadelphia,Australia,susan.wilson2143@example.com,61885.19,192.48,Bronze,False,False
CUST-00664,Linda Brown,Female,18,2021-05-07,Dallas,USA,linda.brown664@example.com,71009.49,96.73,Gold,False,False
CUST-00513,David Johnson,Female,40,2023-02-25,San Diego,Australia,david.johnson513@example.com,62346.39,220.53,Bronze,False,False
CUST-01550,John Taylor,Female,24,2024-03-08,San Diego,Canada,john.taylor1550@example.com,56133.2,221.97,Gold,False,False
CUST-02080,William Thomas,Female,42,2021-01-11,Austin,United Kingdom,william.thomas2080@example.com,35491.82,94.51,Silver,False,False
CUST-02266,Susan Jones,Male,42,2023-05-25,San Antonio,Canada,susan.jones2266@example.com,66182.88,238.79,Silver,False,False
CUST-01216,Jennifer Moore,Female,36,2024-09-20,Los Angeles,Australia,jennifer.moore1216@example.com,61516.51,233.03,Bronze,False,False
CUST-02324,Richard Williams,Male,40,2022-01-28,San Antonio,Canada,richard.williams2324@example.com,54609.63,269.81,Silver,False,False
CUST-01582,Linda Taylor,Male,24,2024-01-15,Houston,USA,linda.taylor1582@example.com,72371.38,32.14,Silver,False,False
CUST-00797,Betty Smith,Male,45,2024-06-03,Chicago,USA,betty.smith797@example.com,26450.7,263.71,Gold,False,False
CUST-01994,John Davis,Female,44,2021-10-11,Chicago,United Kingdom,,57530.83,80.04,Silver,False,False
CUST-02142,Betty Martinez,Female,38,2024-12-26,Dallas,Australia,betty.martinez2142@example.com,91881.3,110.17,Bronze,False,False
CUST-02278,Robert Johnson,Male,31,2024-03-31,San Diego,Australia,robert.johnson2278@example.com,55071.78,199.08,Silver,False,False
CUST-01419,Robert Martinez,Male,69,2024-07-09,San Antonio,USA,robert.martinez1419@example.com,61885.19,107.92,Gold,False,False
CUST-02960,Betty Williams,Female,56,2023-11-03,Los Angeles,USA,betty.williams2960@example.com,25410.7,236.46,Gold,False,False
CUST-01467,Daniel Taylor,Female,32,2024-03-24,San Diego,Australia,daniel.taylor1467@example.com,74585.48,86.18,Gold,False,False
CUST-02031,Jessica Martin,Male,35,2024-11-24,San Antonio,United Kingdom,jessica.martin2031@example.com,65204.62,81.21,Gold,False,False
CUST-02003,Joseph Martin,Male,39,2024-03-20,San Diego,United Kingdom,joseph.martin2003@example.com,61134.89,294.75,Gold,False,False
CUST-02461,Robert Lopez,Other,66,2022-02-05,Phoenix,Australia,robert.lopez2461@example.com,70881.79,12.09,Gold,False,False
CUST-02369,Matthew Thomas,Male,16,2024-02-27,Austin,Canada,matthew.thomas2369@example.com,88707.33,103.14,Gold,False,False
CUST-00370,Charles Johnson,Female,19,2023-05-19,San Diego,USA,charles.johnson370@example.com,35706.27,253.74,Gold,False,False
CUST-02803,Patricia Wilson,Male,56,2022-11-21,San Antonio,Australia,patricia.wilson2803@example.com,32066.95,24.09,Bronze,False,False
CUST-02571,Robert Jones,Other,61,2024-06-16,San Antonio,Canada,robert.jones2571@example.com,55892.67,74.69,Silver,False,False
CUST-01113,Richard Hernandez,Male,56,2021-05-12,Houston,USA,richard.hernandez1113@example.com,48965.56,144.19,Bronze,False,False
CUST-02124,Daniel Smith,Male,26,2022-12-16,Phoenix,USA,daniel.smith2124@example.com,61885.19,44.64,Gold,False,False
CUST-02341,Robert Johnson,Female,54,2022-01-13,Dallas,Australia,robert.johnson2341@example.com,78547.8,151.04,Silver,False,False
CUST-01956,Mary Martin,Male,40,2022-07-04,Philadelphia,Canada,mary.martin1956@example.com,72506.12,186.24,Bronze,False,False
CUST-01617,Lisa Hernandez,Male,60,2024-02-03,Houston,United Kingdom,lisa.hernandez1617@example.com,78191.75,214.01,Silver,False,False
CUST-01534,Linda Lopez,Female,42,2021-05-06,Dallas,USA,linda.lopez1534@example.com,69444.21,133.22,Bronze,False,False
CUST-02660,Betty Rodriguez,Female,28,2021-01-10,Dallas,Australia,betty.rodriguez2660@example.com,38409.06,277.38,Bronze,False,False
CUST-01888,Betty Johnson,Male,36,2022-04-17,Phoenix,Australia,betty.johnson1888@example.com,77275.78,39.15,Gold,False,False
CUST-00718,Betty Gonzalez,Female,59,2023-09-20,Los Angeles,Australia,betty.gonzalez718@example.com,73505.31,83.67,Silver,False,False
CUST-02087,James Rodriguez,Other,32,2021-07-19,Phoenix,USA,james.rodriguez2087@example.com,70690.97,131.17,Gold,False,False
CUST-02215,Nancy Gonzalez,Female,37,2023-12-28,Phoenix,United Kingdom,nancy.gonzalez2215@example.com,50543.31,182.48,Bronze,False,False
CUST-02929,Thomas Jackson,Male,31,2021-07-23,San Antonio,Australia,thomas.jackson2929@example.com,68947.68,129.7,Silver,False,False
CUST-02016,Joseph Miller,Female,50,2021-05-14,San Antonio,Canada,joseph.miller2016@example.com,83944.41,128.98,Gold,False,False
CUST-01718,Elizabeth Brown,Female,33,2021-11-21,Los Angeles,United Kingdom,elizabeth.brown1718@example.com,39546.65,84.4,Silver,False,False
CUST-00672,Joseph Anderson,Female,59,2024-11-20,Los Angeles,Canada,joseph.anderson672@example.com,69196.04,194.49,Silver,False,False
CUST-02349,John Johnson,Male,22,2022-05-22,Houston,Canada,john.johnson2349@example.com,88881.96,114.61,Silver,False,False
CUST-02446,William Martinez,,59,2021-11-16,Dallas,Canada,william.martinez2446@example.com,53236.59,149.55,Bronze,False,False
CUST-00642,Robert Martin,Female,64,2023-12-14,San Antonio,Canada,robert.martin642@example.com,48931.75,276.64,Silver,False,False
CUST-00129,Nancy Rodriguez,Male,31,2024-03-31,Phoenix,Australia,nancy.rodriguez129@example.com,44580.38,31.79,Bronze,False,False
CUST-00862,Mary Garcia,Female,54,2024-12-11,San Diego,United Kingdom,mary.garcia862@example.com,81494.47,104.67,Silver,False,False
CUST-01685,Mary Williams,Female,25,2024-07-02,Austin,Canada,mary.williams1685@example.com,77469.64,166.36,Gold,False,False
CUST-00047,Joseph Thomas,Female,16,2022-04-28,San Antonio,Australia,joseph.thomas47@example.com,57337.17,63.23,Gold,False,False
CUST-01945,Linda Garcia,Male,53,2024-06-30,New York,Australia,linda.garcia1945@example.com,57445.23,361.0,Bronze,False,False
CUST-00532,Linda Miller,Female,32,2021-08-02,Houston,United Kingdom,linda.miller532@example.com,86362.01,125.53,Bronze,False,False
CUST-01256,Elizabeth Martinez,Other,23,2024-02-24,Houston,United Kingdom,elizabeth.martinez@@example..com,38107.93,196.49,Gold,False,False
CUST-00534,Betty Davis,Female,32,2022-11-26,Philadelphia,USA,betty.davis534@example.com,71986.85,145.13,Gold,False,False
CUST-01473,Nancy Brown,Male,47,,Philadelphia,United Kingdom,nancy.brown1473@example.com,50006.51,2.5,Silver,False,False
CUST-02298,Joseph Jackson,Female,28,2022-11-26,Philadelphia,United Kingdom,joseph.jackson2298@example.com,83492.66,165.94,Gold,False,False
CUST-01398,Betty Jones,Female,21,2021-01-12,New York,Canada,betty.jones1398@example.com,65634.76,183.89,Silver,False,False
CUST-02082,Sarah Smith,Male,70,2022-04-06,Dallas,Canada,sarah.smith@@example..com,63916.7,211.49,Bronze,False,False
CUST-00450,Robert Hernandez,Female,53,2022-12-13,New York,Canada,robert.hernandez450@example.com,85818.91,74.82,Silver,False,False
CUST-01762,Michael Taylor,Male,45,2021-09-14,Phoenix,USA,,80029.65,10.61,Silver,False,False
CUST-00817,Charles Thomas,Other,48,2024-03-01,New York,United Kingdom,charles.thomas817@example.com,39377.73,296.62,Silver,False,False
CUST-00092,William Brown,Male,39,2021-11-20,San Antonio,Canada,william.brown92@example.com,41870.9,74.23,Bronze,False,False
CUST-02279,Linda Martin,Female,35,2024-01-24,Phoenix,Canada,linda.martin@@example..com,55177.41,60.23,Silver,False,False
CUST-00658,Richard Anderson,Other,36,2022-12-27,Chicago,United Kingdom,richard.anderson658@example.com,74539.3,164.01,Bronze,False,False
CUST-02245,Richard Thomas,Male,50,2022-01-06,Chicago,USA,richard.thomas2245@example.com,54993.38,7.64,Gold,False,False
CUST-01721,Linda Thomas,Male,20,2023-03-04,Phoenix,Australia,linda.thomas1721@example.com,52811.29,167.57,Gold,False,False
CUST-02306,Mary Hernandez,Female,39,2022-08-31,Phoenix,United Kingdom,mary.hernandez2306@example.com,76144.51,125.76,Silver,False,False
CUST-00606,Linda Brown,Male,32,2024-03-03,San Diego,Canada,linda.brown606@example.com,61885.19,81.41,Bronze,False,False
CUST-01194,Jessica Davis,Male,44,2022-09-02,New York,Australia,jessica.davis1194@example.com,49866.11,11.22,Gold,False,False
CUST-02952,Matthew Johnson,Male,46,2023-09-27,San Diego,United Kingdom,matthew.johnson2952@example.com,56546.0,55.44,Bronze,False,False
CUST-00371,Susan Johnson,Female,23,2024-04-17,Phoenix,United Kingdom,susan.johnson371@example.com,8000.0,178.98,Gold,False,False
CUST-02415,John Smith,Male,56,2021-07-25,Los Angeles,Canada,john.smith2415@example.com,83899.85,-94.32,Gold,True,True
CUST-02333,Michael Moore,Female,37,2022-10-15,Austin,United Kingdom,michael.moore2333@example.com,43436.4,164.86,Gold,False,False
CUST-00215,David Thomas,Male,36,2023-06-15,Phoenix,Canada,david.thomas215@example.com,90020.64,108.46,Gold,False,False
CUST-02735,Mary Taylor,Male,27,2022-09-08,Phoenix,United Kingdom,mary.taylor2735@example.com,46260.9,190.83,Bronze,False,False
CUST-01971,Robert Gonzalez,Male,35,2023-08-22,Houston,USA,robert.gonzalez1971@example.com,78209.61,100.15,Bronze,False,False
CUST-01894,Nancy Anderson,Male,38,2021-12-23,Austin,Australia,nancy.anderson1894@example.com,72893.03,200.03,Silver,False,False
CUST-00091,Daniel Gonzalez,Male,34,2022-12-06,Houston,United Kingdom,daniel.gonzalez91@example.com,70706.16,220.0,Gold,False,False
CUST-01034,John Martin,Other,57,2021-10-29,Phoenix,Canada,john.martin1034@example.com,79231.52,155.97,Silver,False,False
CUST-01675,Charles Thomas,Female,43,2023-08-08,Philadelphia,Australia,charles.thomas1675@example.com,83900.05,169.7,Bronze,False,False
CUST-02457,Thomas Johnson,Female,40,2024-10-24,New York,Australia,thomas.johnson2457@example.com,110426.69,72.43,Silver,False,False
CUST-00853,Jennifer Thomas,Male,47,2024-01-23,Dallas,Canada,jennifer.thomas853@example.com,65634.35,29.01,Silver,False,False
CUST-01275,Thomas Johnson,Male,50,2023-07-04,Dallas,Australia,thomas.johnson1275@example.com,5000000.0,101.09,Gold,True,False
CUST-02953,Robert Thomas,Male,69,2024-10-20,Philadelphia,USA,robert.thomas2953@example.com,69143.68,91.81,Bronze,False,False
CUST-00331,Michael Smith,Male,39,2022-11-30,Philadelphia,United Kingdom,michael.smith331@example.com,61885.19,154.89,Bronze,False,False
CUST-02400,Richard Taylor,Male,25,2022-03-27,Austin,Canada,richard.taylor2400@example.com,84211.46,205.78,Silver,False,False
CUST-02325,John Miller,Male,32,2021-08-04,Dallas,Canada,john.miller2325@example.com,33983.37,171.78,Bronze,False,False
CUST-00310,Susan Taylor,Female,32,2021-12-21,San Antonio,USA,susan.taylor310@example.com,70838.08,261.82,Silver,False,False
CUST-01069,Patricia Martinez,Female,47,2024-04-19,Chicago,Australia,patricia.martinez1069@example.com,54533.72,-78.62,Gold,False,True
CUST-02642,Susan Gonzalez,Male,48,2024-03-04,Houston,Australia,susan.gonzalez2642@example.com,56995.43,49.74,Bronze,False,False
CUST-00061,Sarah Smith,Female,46,2022-03-28,San Antonio,USA,sarah.smith61@example.com,25732.37,146.9,Gold,False,False
CUST-02480,Michael Thomas,Female,67,2021-07-01,San Diego,Australia,michael.thomas2480@example.com,61885.19,131.0,Silver,False,False
CUST-02236,Charles Jones,Male,27,2024-05-09,Chicago,Australia,charles.jones2236@example.com,70462.38,6.34,Silver,False,False
CUST-01260,Daniel Hernandez,Female,16,2021-06-23,Los Angeles,Canada,daniel.hernandez1260@example.com,63147.46,166.46,Gold,False,False
CUST-00189,Susan Wilson,Male,42,2023-12-27,San Antonio,United Kingdom,susan.wilson189@example.com,60367.26,181.14,Silver,False,False
CUST-00058,David Miller,Male,50,2023-05-07,Houston,Canada,david.miller58@example.com,54645.45,208.06,Gold,False,False
CUST-02739,John Martinez,Female,28,2023-11-07,Houston,Australia,john.martinez2739@example.com,74638.85,219.29,Bronze,False,False
CUST-02508,Betty Smith,Female,40,2024-08-07,Chicago,USA,betty.smith2508@example.com,92524.25,61.72,Gold,False,False
CUST-01669,Sarah Smith,Female,53,2024-09-18,Philadelphia,Canada,sarah.smith1669@example.com,65724.56,59.39,Gold,False,False
CUST-01526,John Brown,Female,35,2021-12-31,Austin,United Kingdom,,8000.0,280.26,Silver,False,False
CUST-02186,Nancy Martinez,Male,16,2023-12-15,San Diego,United Kingdom,,73127.52,189.5,Gold,False,False
CUST-00616,Thomas Taylor,Female,50,2021-03-31,Austin,Australia,thomas.taylor616@example.com,40372.19,138.25,Bronze,False,False
CUST-02810,James Smith,Other,35,2021-06-29,Chicago,USA,,58997.12,199.39,Bronze,False,False
CUST-02730,Daniel Moore,Female,57,2024-01-24,San Diego,Canada,daniel.moore2730@example.com,33190.02,83.74,Gold,False,False
CUST-00332,Michael Jones,Other,24,2024-06-12,San Antonio,United Kingdom,michael.jones332@example.com,55165.62,122.92,Bronze,False,False
CUST-00805,Matthew Smith,Male,45,2022-12-06,San Diego,United Kingdom,matthew.smith805@example.com,60706.67,151.78,Silver,False,False
CUST-00336,Sarah Gonzalez,Male,21,2022-11-24,Austin,Canada,sarah.gonzalez336@example.com,61885.19,62.22,Silver,False,False
CUST-00197,Daniel Wilson,Female,40,2021-02-15,Los Angeles,USA,daniel.wilson197@example.com,64902.07,74.86,Gold,False,False
CUST-02589,John Williams,Female,45,2024-05-29,Houston,USA,john.williams2589@example.com,54871.33,218.55,Silver,False,False
CUST-00124,Susan Jackson,Female,57,2023-02-09,Philadelphia,USA,susan.jackson124@example.com,53169.37,20.9,Gold,False,False
CUST-02055,Linda Anderson,Male,49,2023-05-04,Phoenix,United Kingdom,linda.anderson2055@example.com,59569.1,43.49,Gold,False,False
CUST-02797,Robert Rodriguez,Male,33,2022-09-13,Chicago,USA,robert.rodriguez2797@example.com,90331.4,146.25,Bronze,False,False
CUST-01854,Elizabeth Smith,Male,54,2023-07-03,San Diego,Australia,elizabeth.smith1854@example.com,83225.6,122.28,Silver,False,False
CUST-00744,Daniel Gonzalez,Male,39,2024-05-07,New York,Canada,daniel.gonzalez744@example.com,70221.67,156.18,Bronze,False,False
CUST-02892,Jennifer Hernandez,Male,41,2024-09-07,Phoenix,Australia,jennifer.hernandez@@example..com,64399.87,158.84,Bronze,False,False
CUST-01991,Daniel Wilson,Male,25,2023-05-07,Houston,Canada,daniel.wilson1991@example.com,60542.29,144.09,Silver,False,False
CUST-01266,James Johnson,Male,38,2024-02-21,Houston,Australia,james.johnson1266@example.com,54164.03,173.0,Bronze,False,False
CUST-00752,Betty Brown,Female,46,2021-06-07,Austin,United Kingdom,betty.brown752@example.com,59297.37,72.38,Gold,False,False
CUST-02928,Joseph Garcia,Female,63,2024-05-29,New York,Australia,joseph.garcia2928@example.com,64761.48,18.37,Bronze,False,False
CUST-02742,Michael Wilson,Male,46,2022-01-20,Chicago,Canada,michael.wilson2742@example.com,74367.87,29.11,Bronze,False,False
CUST-01902,Lisa Miller,Female,40,2022-11-08,Austin,Canada,lisa.miller1902@example.com,44719.77,92.0,Gold,False,False
CUST-02944,Mary Smith,Male,80,2023-08-17,Dallas,USA,,54261.78,335.09,Silver,True,False
CUST-02798,Daniel Anderson,Male,60,2022-04-29,Philadelphia,Canada,daniel.anderson2798@example.com,84397.01,220.1,Bronze,False,False
CUST-01609,Sarah Williams,Male,41,2021-07-26,San Antonio,United Kingdom,sarah.williams1609@example.com,32776.71,150.55,Gold,False,False
CUST-00448,Betty Taylor,Male,31,2022-06-22,New York,Australia,betty.taylor448@example.com,37947.49,77.78,Gold,False,False
CUST-02850,Thomas Williams,Female,60,2021-05-06,Houston,United Kingdom,thomas.williams2850@example.com,105051.87,80.8,Silver,False,False
CUST-01825,Elizabeth Moore,Male,46,2021-08-27,Los Angeles,Canada,elizabeth.moore1825@example.com,61011.72,64.15,Silver,False,False
CUST-00011,Mary Thomas,Female,44,2021-04-21,San Antonio,USA,mary.thomas11@example.com,48485.23,325.95,Silver,False,False
CUST-00014,Patricia Smith,Female,45,2022-03-13,San Diego,Canada,patricia.smith14@example.com,37481.86,4.96,Bronze,False,False
CUST-02866,Joseph Miller,Male,54,2022-08-03,San Diego,United Kingdom,joseph.miller2866@example.com,75572.6,-141.13,Bronze,True,True
CUST-01577,Karen Jones,Female,30,2023-11-02,Houston,Canada,karen.jones1577@example.com,75300.31,160.01,Silver,False,False
CUST-01828,Jennifer Johnson,Male,27,2024-07-30,Phoenix,United Kingdom,jennifer.johnson1828@example.com,46764.04,115.63,Bronze,False,False
CUST-00171,Jessica Taylor,Female,29,2022-09-27,Chicago,Australia,jessica.taylor171@example.com,50200.6,2.83,Silver,False,False
CUST-00909,Karen Lopez,Male,38,2024-04-27,Houston,Canada,karen.lopez909@example.com,96436.58,18.55,Silver,False,False
CUST-02576,Jessica Brown,Female,24,2022-12-28,Austin,Australia,jessica.brown2576@example.com,64721.43,325.26,Gold,False,False
CUST-00275,Mary Lopez,Male,57,2021-12-19,Dallas,Australia,mary.lopez275@example.com,18290.9,105.15,Gold,False,False
CUST-00949,William Garcia,Female,72,2023-09-07,Houston,USA,william.garcia949@example.com,68481.21,51.67,Bronze,False,False
CUST-01690,Lisa Hernandez,Female,20,2021-01-29,Los Angeles,USA,lisa.hernandez1690@example.com,63505.98,247.56,Gold,False,False
CUST-00668,David Jackson,Female,45,2023-05-17,New York,USA,david.jackson668@example.com,75156.51,68.57,Gold,False,False
CUST-00767,Linda Miller,Female,54,,Houston,Australia,linda.miller767@example.com,43955.5,130.26,Bronze,False,False
CUST-01130,Joseph Smith,Male,40,2022-04-02,New York,Canada,joseph.smith1130@example.com,70265.63,228.13,Silver,False,False
CUST-02060,James Anderson,Male,62,2024-10-15,Austin,USA,james.anderson2060@example.com,45644.83,116.15,Bronze,False,False
CUST-01515,Linda Rodriguez,Other,62,2021-10-07,Dallas,United Kingdom,linda.rodriguez1515@example.com,55796.68,274.19,Bronze,False,False
CUST-00280,William Wilson,Female,48,2024-06-29,San Antonio,Canada,william.wilson@@example..com,71355.88,314.46,Silver,False,False
CUST-01236,Michael Lopez,Other,46,2022-08-25,Houston,United Kingdom,michael.lopez1236@example.com,110651.72,222.1,Gold,False,False
CUST-01498,Susan Jackson,Male,58,2024-08-22,San Antonio,Australia,susan.jackson1498@example.com,8000.0,225.93,Bronze,False,False
CUST-02777,Jessica Moore,Male,40,2023-08-31,New York,United Kingdom,jessica.moore2777@example.com,86419.25,74.7,Silver,False,False
CUST-00228,James Davis,Male,39,2023-08-03,Chicago,USA,james.davis228@example.com,74581.86,112.5,Bronze,False,False
CUST-00400,John Martin,Female,53,2021-11-03,Chicago,United Kingdom,john.martin400@example.com,83455.75,97.0,Gold,False,False
CUST-01754,David Lopez,Female,36,2022-01-13,Los Angeles,USA,david.lopez1754@example.com,56054.95,197.66,Bronze,False,False
CUST-01870,Jessica Williams,Male,43,2022-11-21,New York,Australia,jessica.williams1870@example.com,52077.59,138.41,Gold,False,False
CUST-01035,Nancy Moore,Male,41,2021-07-30,Dallas,Canada,nancy.moore1035@example.com,72253.71,192.77,Bronze,False,False
CUST-02007,Jessica Smith,Female,36,2023-10-16,New York,United Kingdom,,52207.57,262.11,Gold,False,False
CUST-01768,Elizabeth Taylor,Male,22,2021-07-06,Austin,Australia,elizabeth.taylor1768@example.com,66595.0,147.86,Silver,False,False
CUST-00605,Patricia Jones,Male,40,2024-10-07,Los Angeles,United Kingdom,patricia.jones605@example.com,28998.79,174.96,Gold,False,False
CUST-00943,Robert Smith,Male,38,2024-09-10,Philadelphia,Canada,robert.smith943@example.com,39905.95,139.04,Bronze,False,False
CUST-02211,John Williams,Female,50,2021-07-10,San Antonio,USA,john.williams2211@example.com,79768.77,144.19,Silver,False,False
CUST-02321,Joseph Brown,Female,54,2023-08-25,Houston,United Kingdom,joseph.brown@@example..com,29697.65,213.14,Bronze,False,False
CUST-02091,Matthew Jackson,Female,28,2022-05-13,Chicago,USA,matthew.jackson2091@example.com,60046.7,4.17,Silver,False,False
CUST-02139,Daniel Miller,Female,23,2021-10-16,Austin,United Kingdom,daniel.miller2139@example.com,74033.9,363.19,Bronze,False,False
CUST-02099,Karen Johnson,Female,26,2022-04-01,Chicago,Australia,karen.johnson2099@example.com,51241.47,272.91,Gold,False,False
CUST-00039,Joseph Moore,Male,47,2024-10-25,Dallas,USA,joseph.moore39@example.com,5000000.0,97.1,Gold,True,False
CUST-02809,Jennifer Jackson,Male,49,2024-10-01,New York,Australia,jennifer.jackson2809@example.com,53986.47,73.75,Bronze,False,False
CUST-00889,Sarah Williams,Female,31,,San Antonio,United Kingdom,sarah.williams889@example.com,36849.66,105.7,Silver,False,False
CUST-00199,Linda Martinez,Male,18,2023-08-14,Chicago,USA,linda.martinez199@example.com,58065.72,117.27,Gold,False,False
CUST-02177,Nancy Jackson,Male,50,2021-09-07,Chicago,USA,nancy.jackson@@example..com,72872.62,97.52,Silver,False,False
CUST-02147,Mary Williams,Female,45,2024-09-28,Dallas,Australia,mary.williams2147@example.com,66366.39,40.75,Bronze,False,False
CUST-01745,Susan Smith,Female,31,,New York,USA,susan.smith1745@example.com,33252.82,50.82,Gold,False,False
CUST-02423,Daniel Martinez,Male,32,2024-04-27,Austin,United Kingdom,daniel.martinez2423@example.com,36084.82,161.46,Silver,False,False
CUST-01341,Joseph Wilson,Female,46,2021-01-14,Philadelphia,Australia,joseph.wilson1341@example.com,83680.69,177.76,Gold,False,False
CUST-01145,William Wilson,Female,27,2021-05-17,Austin,Canada,william.wilson1145@example.com,61885.19,118.79,Gold,False,False
CUST-00788,Lisa Anderson,Male,59,2023-08-26,San Diego,Australia,lisa.anderson788@example.com,51029.72,165.38,Gold,False,False
CUST-00433,Patricia Rodriguez,Female,59,2024-09-27,Dallas,Australia,patricia.rodriguez433@example.com,62364.43,51.13,Bronze,False,False
CUST-01224,Jessica Martinez,Male,50,2021-09-19,San Antonio,USA,jessica.martinez1224@example.com,47284.79,230.24,Gold,False,False
CUST-00903,Sarah Smith,Female,26,2023-03-13,Austin,Australia,sarah.smith903@example.com,61885.19,231.08,Silver,False,False
CUST-01421,Michael Garcia,Male,47,2021-09-06,Dallas,Canada,michael.garcia1421@example.com,58704.5,68.48,Gold,False,False
CUST-01625,David Johnson,Female,49,2022-02-04,Houston,Australia,david.johnson1625@example.com,60731.43,221.87,Gold,False,False
CUST-01265,William Taylor,Male,42,,Los Angeles,Canada,william.taylor1265@example.com,85135.88,165.46,Silver,False,False
CUST-02919,Susan Anderson,Male,38,2024-10-21,Los Angeles,USA,susan.anderson2919@example.com,61885.19,142.13,Gold,False,False
CUST-01729,Lisa Jackson,Male,38,2021-02-01,San Diego,United Kingdom,lisa.jackson1729@example.com,102861.19,212.03,Gold,False,False
CUST-01324,Karen Johnson,Female,52,2023-10-09,Dallas,Canada,karen.johnson1324@example.com,999999999.0,156.95,Bronze,True,False
CUST-01968,Lisa Williams,Female,32,2021-03-02,Dallas,Australia,lisa.williams1968@example.com,79780.36,97.17,Bronze,False,False
CUST-02600,James Gonzalez,Male,16,2023-04-28,Houston,Australia,james.gonzalez2600@example.com,59247.92,160.66,Gold,False,False
CUST-02094,Thomas Jones,Male,16,2024-06-15,Philadelphia,USA,thomas.jones2094@example.com,97750.33,151.76,Gold,False,False
CUST-00837,Elizabeth Smith,Male,32,2021-07-14,San Antonio,Canada,elizabeth.smith837@example.com,48435.81,-204.98,Gold,True,True
CUST-01569,David Gonzalez,Male,42,2023-08-14,Phoenix,Canada,david.gonzalez1569@example.com,11967.46,55.88,Silver,False,False
CUST-01079,Charles Williams,Female,52,2022-10-16,Los Angeles,Australia,charles.williams1079@example.com,85649.39,85.63,Gold,False,False
CUST-01459,John Jackson,Female,16,2023-05-06,San Diego,Canada,john.jackson1459@example.com,59479.15,138.56,Gold,False,False
CUST-01063,Linda Jackson,Male,26,2021-03-07,Phoenix,United Kingdom,linda.jackson1063@example.com,65532.31,157.07,Gold,False,False
CUST-01293,John Garcia,Female,30,2022-02-21,Dallas,USA,john.garcia1293@example.com,44597.57,203.13,Silver,False,False
CUST-00663,James Jones,Female,28,2021-09-22,New York,Canada,james.jones663@example.com,61885.19,220.74,Gold,False,False
CUST-00220,Nancy Smith,Female,41,,San Diego,Australia,nancy.smith220@example.com,99737.28,122.6,Bronze,False,False
CUST-00192,David Johnson,Female,62,2021-09-13,San Antonio,Australia,david.johnson192@example.com,77196.82,222.21,Gold,False,False
CUST-00345,Richard Wilson,Other,57,2024-07-08,Los Angeles,USA,richard.wilson345@example.com,103071.53,195.69,Gold,False,False
CUST-00780,David Taylor,Male,54,2024-01-03,Houston,USA,david.taylor780@example.com,117136.02,176.55,Gold,False,False
CUST-00238,Richard Wilson,Male,40,2021-10-29,Phoenix,United Kingdom,richard.wilson238@example.com,41844.6,291.16,Silver,False,False
CUST-01897,Betty Martin,Male,28,2024-08-13,Houston,Canada,betty.martin1897@example.com,38701.99,25.46,Gold,False,False
CUST-02713,Robert Garcia,Male,44,2022-10-21,San Antonio,United Kingdom,robert.garcia2713@example.com,80077.17,35.91,Bronze,False,False
CUST-00182,James Martinez,Male,28,2022-08-29,Houston,United Kingdom,james.martinez182@example.com,8819.27,142.75,Silver,False,False
CUST-00411,John Wilson,Male,26,2022-12-09,San Diego,United Kingdom,john.wilson411@example.com,87402.38,197.12,Gold,False,False
CUST-01904,Matthew Smith,Male,51,2022-11-29,New York,USA,matthew.smith1904@example.com,74335.81,4.8,Gold,False,False
CUST-02418,Lisa Rodriguez,Male,40,2022-08-27,Dallas,Canada,lisa.rodriguez2418@example.com,91316.15,221.76,Silver,False,False
CUST-02158,Patricia Brown,Male,42,2022-11-08,Philadelphia,Canada,,58564.73,265.35,Bronze,False,False
CUST-01070,James Martin,Male,46,2021-11-26,Los Angeles,United Kingdom,james.martin1070@example.com,8000.0,42.84,Silver,False,False
CUST-01276,Daniel Thomas,Female,23,2023-04-30,San Antonio,Canada,daniel.thomas1276@example.com,44233.43,17.16,Bronze,False,False
CUST-01919,Jennifer Johnson,Female,32,2022-11-11,Philadelphia,USA,jennifer.johnson1919@example.com,29954.34,27.37,Bronze,False,False
CUST-02537,Nancy Anderson,Female,62,2021-10-31,New York,Australia,,79621.37,311.62,Bronze,False,False
CUST-00130,Linda Gonzalez,Female,35,2024-02-12,Houston,USA,,32030.42,172.0,Silver,False,False
CUST-02618,Thomas Thomas,Male,36,2024-04-05,Phoenix,United Kingdom,thomas.thomas2618@example.com,61123.78,123.09,Gold,False,False
CUST-01567,Mary Jackson,Male,61,2024-07-02,San Diego,Canada,mary.jackson1567@example.com,40816.65,254.78,Silver,False,False
CUST-01564,Daniel Gonzalez,Female,26,2021-11-25,Los Angeles,USA,daniel.gonzalez1564@example.com,89154.65,46.25,Bronze,False,False
CUST-01783,Jennifer Anderson,Male,58,2021-05-03,San Antonio,USA,jennifer.anderson1783@example.com,81317.38,13.53,Bronze,False,False
CUST-02915,Michael Johnson,Female,51,2021-05-18,San Diego,Canada,michael.johnson2915@example.com,29848.52,108.96,Gold,False,False
CUST-00959,David Lopez,Male,41,2023-12-09,Los Angeles,Canada,david.lopez959@example.com,46568.24,195.72,Silver,False,False
CUST-01190,Jessica Rodriguez,Male,58,2021-03-06,Chicago,Canada,jessica.rodriguez1190@example.com,97660.54,109.86,Bronze,False,False
CUST-02717,John Taylor,Male,60,2023-02-04,Austin,Canada,john.taylor2717@example.com,45311.17,184.79,Gold,False,False
CUST-02636,Linda Smith,Female,40,2024-10-16,Austin,USA,linda.smith2636@example.com,69165.49,147.08,Gold,False,False
CUST-02390,Daniel Miller,Female,57,2022-09-18,Los Angeles,Australia,daniel.miller2390@example.com,135206.28,107.81,Bronze,True,False
CUST-00051,Joseph Miller,Male,50,,Phoenix,Canada,joseph.miller51@example.com,49539.1,80.11,Bronze,False,False
CUST-02923,John Moore,Male,16,2021-04-04,San Diego,Canada,john.moore2923@example.com,46093.38,178.77,Gold,False,False
CUST-02405,Nancy Rodriguez,Female,44,2024-09-18,Austin,Australia,nancy.rodriguez2405@example.com,73013.15,319.85,Gold,False,False
CUST-01817,Joseph Williams,Female,38,2023-07-07,Austin,Australia,joseph.williams1817@example.com,63775.93,299.55,Gold,False,False
CUST-02427,Matthew Martin,Female,41,2024-06-29,San Antonio,United Kingdom,matthew.martin2427@example.com,31206.54,208.77,Gold,False,False
CUST-00563,David Martin,Other,42,2024-02-01,Phoenix,Australia,david.martin563@example.com,81605.36,360.31,Silver,False,False
CUST-01740,John Moore,,51,2023-07-02,Austin,Australia,john.moore1740@example.com,52535.46,187.95,Bronze,False,False
CUST-02906,Matthew Wilson,Female,56,2021-04-05,Los Angeles,Australia,matthew.wilson2906@example.com,82407.36,293.75,Gold,False,False
CUST-01602,Sarah Hernandez,Female,29,2022-08-11,Los Angeles,USA,sarah.hernandez1602@example.com,73350.27,254.61,Bronze,False,False
CUST-02494,Mary Lopez,Male,27,2024-08-02,New York,USA,mary.lopez2494@example.com,106059.81,166.19,Gold,False,False
CUST-02749,John Hernandez,Female,31,2022-08-26,Phoenix,United Kingdom,john.hernandez2749@example.com,54862.57,160.72,Gold,False,False
CUST-02171,John Johnson,Female,25,2021-06-13,Houston,Canada,john.johnson@@example..com,55010.31,67.93,Silver,False,False
CUST-02980,Thomas Anderson,Male,42,2022-01-19,Austin,Australia,thomas.anderson2980@example.com,57063.61,179.27,Bronze,False,False
CUST-01949,Charles Thomas,Female,33,2022-11-22,Phoenix,United Kingdom,charles.thomas1949@example.com,45995.86,107.25,Bronze,False,False
CUST-02165,Mary Rodriguez,Male,47,2021-11-03,Chicago,USA,,46860.72,125.01,Silver,False,False
CUST-00793,Lisa Moore,Male,35,2022-05-07,Philadelphia,USA,lisa.moore793@example.com,71762.77,226.79,Gold,False,False
CUST-00993,James Brown,Other,48,2024-10-02,Houston,Canada,james.brown993@example.com,39614.12,231.16,Gold,False,False
CUST-01760,Jennifer Davis,Female,29,2022-05-18,Houston,Australia,jennifer.davis1760@example.com,26442.46,70.14,Silver,False,False
CUST-00112,Nancy Rodriguez,Male,44,,Austin,Australia,nancy.rodriguez112@example.com,60625.27,109.54,Gold,False,False
CUST-01401,Lisa Taylor,Female,23,2022-04-26,Phoenix,USA,lisa.taylor1401@example.com,96443.92,241.71,Gold,False,False
CUST-00968,Matthew Hernandez,Male,40,2022-10-20,Chicago,Canada,matthew.hernandez968@example.com,118475.13,181.4,Silver,True,False
CUST-02755,Jennifer Martinez,Male,50,2021-11-16,San Antonio,United Kingdom,jennifer.martinez2755@example.com,80002.57,162.96,Bronze,False,False
CUST-02632,Susan Smith,Female,39,2023-07-05,San Antonio,Australia,susan.smith2632@example.com,80998.27,299.94,Bronze,False,False
CUST-01445,Thomas Martin,Other,42,2021-12-11,Dallas,United Kingdom,thomas.martin1445@example.com,53248.66,147.63,Bronze,False,False
CUST-00790,Thomas Lopez,Male,58,2021-05-09,Philadelphia,USA,thomas.lopez790@example.com,33849.95,223.48,Silver,False,False
CUST-02307,Joseph Rodriguez,Male,43,2023-06-21,Houston,Canada,joseph.rodriguez2307@example.com,48041.05,79.4,Gold,False,False
CUST-01809,Susan Rodriguez,Male,41,2024-04-06,Phoenix,Canada,susan.rodriguez1809@example.com,50236.25,249.02,Bronze,False,False
CUST-00656,Matthew Anderson,Other,61,2021-12-06,Dallas,USA,matthew.anderson656@example.com,69796.41,149.33,Bronze,False,False
CUST-00777,Susan Lopez,Female,56,2023-01-01,San Antonio,Australia,susan.lopez777@example.com,81752.15,251.15,Gold,False,False
CUST-01286,Linda Jackson,Male,40,2021-06-19,Austin,United Kingdom,linda.jackson1286@example.com,76782.82,15.87,Gold,False,False
CUST-02384,Jessica Jackson,Other,45,2023-09-09,New York,USA,jessica.jackson2384@example.com,81279.99,81.91,Silver,False,False
CUST-02746,Jennifer Johnson,Male,54,2023-04-30,Austin,Australia,jennifer.johnson2746@example.com,75746.52,89.89,Silver,False,False
CUST-01164,Thomas Garcia,Other,25,2022-02-25,Austin,USA,thomas.garcia1164@example.com,27901.5,112.45,Silver,False,False
CUST-01847,Sarah Anderson,Male,37,2024-05-27,Houston,Australia,sarah.anderson1847@example.com,33724.39,106.9,Gold,False,False
CUST-02818,John Moore,Male,33,2022-03-19,Phoenix,United Kingdom,john.moore2818@example.com,91781.18,255.52,Bronze,False,False
CUST-00525,Betty Anderson,Female,37,2022-10-01,Dallas,Canada,betty.anderson525@example.com,37566.21,136.19,Silver,False,False
CUST-00659,Lisa Taylor,Male,19,2021-03-17,Philadelphia,Australia,,68433.78,15.34,Gold,False,False
CUST-02361,Mary Johnson,Male,44,2024-06-20,Phoenix,Canada,mary.johnson2361@example.com,45004.0,25.59,Gold,False,False
CUST-02499,Matthew Anderson,Male,42,2021-09-19,Chicago,Australia,matthew.anderson2499@example.com,44482.12,120.98,Silver,False,False
CUST-00087,David Gonzalez,Female,19,2022-11-25,Dallas,United Kingdom,david.gonzalez87@example.com,70979.76,223.51,Gold,False,False
CUST-01710,Mary Gonzalez,Female,34,2021-07-27,Chicago,USA,mary.gonzalez1710@example.com,62179.39,6.88,Bronze,False,False
CUST-02129,Lisa Wilson,Other,64,2024-03-13,San Antonio,Australia,lisa.wilson2129@example.com,50686.53,145.92,Silver,False,False
CUST-02164,Michael Rodriguez,Male,64,2021-05-09,Dallas,Canada,michael.rodriguez2164@example.com,87454.95,125.88,Bronze,False,False
CUST-01469,Sarah Smith,Male,52,2023-10-06,Dallas,Australia,sarah.smith1469@example.com,68127.23,94.31,Silver,False,False
CUST-01196,Daniel Garcia,Male,37,2024-01-15,Philadelphia,Australia,daniel.garcia1196@example.com,42290.32,191.0,Bronze,False,False
CUST-02092,Charles Lopez,Female,18,2022-10-22,San Antonio,Canada,charles.lopez2092@example.com,5000000.0,83.71,Silver,True,False
CUST-02996,Michael Jones,Female,24,2022-05-13,Austin,USA,michael.jones2996@example.com,19059.47,104.02,Silver,False,False
CUST-00041,Patricia Thomas,,28,2021-04-23,Phoenix,USA,patricia.thomas41@example.com,40524.86,-297.66,Silver,True,True
CUST-01746,Michael Rodriguez,Male,42,2022-09-17,Phoenix,USA,michael.rodriguez1746@example.com,78362.25,103.86,Bronze,False,False
CUST-02534,Jessica Johnson,Male,28,2022-11-12,Philadelphia,USA,,97929.89,123.32,Silver,False,False
CUST-01666,Michael Anderson,Female,30,2023-01-09,Houston,Australia,michael.anderson1666@example.com,67636.48,12.03,Gold,False,False
CUST-02847,Jennifer Rodriguez,Male,35,2022-06-02,Phoenix,USA,jennifer.rodriguez2847@example.com,52740.15,180.07,Gold,False,False
CUST-02912,Thomas Garcia,Female,25,2022-05-20,San Diego,Australia,thomas.garcia2912@example.com,85779.26,330.68,Bronze,False,False
CUST-01541,Sarah Jones,Female,28,2023-03-27,San Antonio,United Kingdom,sarah.jones@@example..com,94440.52,179.1,Silver,False,False
CUST-00980,Thomas Gonzalez,Female,43,2023-12-16,Austin,USA,thomas.gonzalez980@example.com,110221.55,195.85,Gold,False,False
CUST-01168,Richard Wilson,Female,34,2021-09-22,Austin,Canada,richard.wilson1168@example.com,23070.43,140.64,Bronze,False,False
CUST-02066,Betty Davis,Male,29,2023-07-29,Philadelphia,Canada,betty.davis2066@example.com,49537.28,240.16,Gold,False,False
CUST-02880,Michael Thomas,Female,36,2021-08-15,New York,Canada,michael.thomas2880@example.com,5000000.0,58.36,Silver,True,False
CUST-00974,Patricia Williams,Male,63,2021-07-22,Phoenix,United Kingdom,patricia.williams974@example.com,99845.3,168.75,Gold,False,False
CUST-01797,Daniel Martinez,Male,19,2023-11-08,Austin,Canada,daniel.martinez1797@example.com,107652.21,141.02,Bronze,False,False
CUST-02657,Jessica Gonzalez,Male,45,,Philadelphia,Canada,jessica.gonzalez2657@example.com,70882.15,223.25,Silver,False,False
CUST-00591,Mary Hernandez,Male,33,2021-07-15,Houston,USA,mary.hernandez591@example.com,31202.75,56.84,Bronze,False,False
CUST-01383,James Jones,Female,28,2021-07-30,Houston,Canada,james.jones1383@example.com,64020.61,197.08,Bronze,False,False
CUST-00643,Betty Martin,Female,56,2021-06-18,Houston,Australia,betty.martin643@example.com,27997.72,77.33,Gold,False,False
CUST-01920,Karen Martin,Female,31,2022-09-30,Dallas,USA,karen.martin1920@example.com,84309.82,95.1,Gold,False,False
CUST-02268,David Hernandez,Female,28,2021-12-25,Houston,Canada,david.hernandez2268@example.com,58023.49,105.71,Gold,False,False
CUST-01737,Patricia Garcia,Male,41,2023-10-30,San Diego,United Kingdom,patricia.garcia1737@example.com,61885.19,178.88,Gold,False,False
CUST-01131,Mary Wilson,Female,70,2024-09-23,Chicago,Australia,mary.wilson1131@example.com,30923.51,212.13,Silver,False,False
CUST-02699,William Jackson,Female,41,2022-07-10,Houston,USA,william.jackson2699@example.com,67701.5,128.77,Gold,False,False
CUST-02654,Jessica Martinez,Male,48,2022-11-10,Phoenix,United Kingdom,jessica.martinez2654@example.com,24860.36,280.52,Bronze,False,False
CUST-02692,William Martin,Male,16,2021-01-04,Chicago,Canada,william.martin2692@example.com,88752.45,142.27,Bronze,False,False
CUST-01199,James Smith,Male,45,2021-04-20,San Diego,Australia,james.smith1199@example.com,61190.72,130.96,Gold,False,False
CUST-01202,Karen Rodriguez,Male,41,,Dallas,USA,karen.rodriguez1202@example.com,71944.66,75.25,Bronze,False,False
CUST-01366,Mary Moore,Male,32,2021-12-01,Philadelphia,USA,mary.moore1366@example.com,70215.33,161.74,Bronze,False,False
CUST-01696,Michael Hernandez,Male,21,2023-07-05,Phoenix,Australia,michael.hernandez1696@example.com,39623.13,109.19,Bronze,False,False
CUST-00721,John Smith,Male,29,2023-01-29,Austin,Canada,john.smith721@example.com,38094.22,199.29,Silver,False,False
CUST-02707,Karen Martin,Female,35,2022-06-27,San Antonio,Canada,karen.martin2707@example.com,48173.44,100.55,Gold,False,False
CUST-02802,Patricia Brown,Male,65,2023-09-11,Chicago,Canada,patricia.brown2802@example.com,54210.17,226.31,Silver,False,False
CUST-01679,Nancy Rodriguez,Male,38,2021-03-21,San Antonio,United Kingdom,nancy.rodriguez1679@example.com,63378.39,54.92,Silver,False,False
CUST-02465,Joseph Hernandez,Female,74,2023-01-08,Houston,Australia,joseph.hernandez2465@example.com,66284.39,64.05,Silver,False,False
CUST-00410,Elizabeth Rodriguez,Male,52,2024-01-08,Phoenix,Canada,elizabeth.rodriguez410@example.com,51029.57,153.02,Silver,False,False
CUST-01660,Charles Jones,Female,53,2022-06-09,Los Angeles,USA,charles.jones1660@example.com,68805.73,48.44,Gold,False,False
CUST-02817,James Johnson,Male,48,2024-12-29,Chicago,Canada,,84524.12,125.8,Bronze,False,False
CUST-00285,Matthew Miller,Female,19,2024-02-12,Chicago,Australia,matthew.miller285@example.com,47913.49,108.88,Gold,False,False
CUST-00887,Linda Martin,Male,27,2024-10-20,Houston,Australia,linda.martin887@example.com,86691.15,21.32,Gold,False,False
CUST-01384,James Brown,Female,63,2024-09-13,Phoenix,Canada,james.brown1384@example.com,53470.14,65.35,Silver,False,False
CUST-02939,John Lopez,Female,48,2021-01-30,New York,Canada,john.lopez2939@example.com,35976.47,172.53,Bronze,False,False
CUST-01634,Betty Lopez,Male,49,2022-09-17,San Diego,Australia,betty.lopez1634@example.com,72233.84,95.52,Bronze,False,False
CUST-01361,Sarah Hernandez,Other,23,2022-09-11,San Antonio,United Kingdom,sarah.hernandez1361@example.com,73355.98,105.53,Bronze,False,False
CUST-00184,Jennifer Jones,Female,19,2022-04-29,Austin,USA,jennifer.jones184@example.com,61885.19,245.68,Gold,False,False
CUST-01635,David Williams,Male,51,2021-12-08,Austin,USA,david.williams1635@example.com,63029.27,143.07,Gold,False,False
CUST-00385,Jennifer Lopez,Male,40,2021-08-04,Dallas,Australia,jennifer.lopez385@example.com,57980.59,195.65,Bronze,False,False
CUST-01626,Karen Johnson,Male,51,2023-07-04,Dallas,USA,karen.johnson1626@example.com,60564.64,140.63,Bronze,False,False
CUST-02475,Karen Rodriguez,Other,45,2024-12-11,Philadelphia,Canada,karen.rodriguez2475@example.com,39944.64,119.92,Gold,False,False
CUST-00426,Elizabeth Moore,Female,52,2023-01-04,San Diego,USA,elizabeth.moore426@example.com,24128.99,278.89,Bronze,False,False
CUST-02280,Charles Miller,Female,46,2023-10-24,San Diego,Australia,charles.miller2280@example.com,73192.73,109.95,Bronze,False,False
CUST-01095,Robert Johnson,Female,72,2024-06-04,San Antonio,USA,robert.johnson1095@example.com,73618.12,232.96,Silver,False,False
CUST-02086,Lisa Moore,Female,47,2023-12-10,Los Angeles,Australia,lisa.moore2086@example.com,66454.35,144.37,Silver,False,False
CUST-00577,Daniel Lopez,Male,55,2023-12-11,Austin,Canada,daniel.lopez577@example.com,49004.53,240.91,Bronze,False,False
CUST-02574,Nancy Davis,Female,29,,Los Angeles,Australia,nancy.davis2574@example.com,69417.45,295.3,Bronze,False,False
CUST-01189,Robert Lopez,Female,39,2023-04-04,Chicago,Australia,robert.lopez1189@example.com,62612.19,113.81,Gold,False,False
CUST-00251,Patricia Lopez,Female,28,2021-11-08,Los Angeles,Australia,patricia.lopez251@example.com,41124.71,67.86,Bronze,False,False
CUST-02907,Elizabeth Rodriguez,Female,57,2023-01-10,Phoenix,United Kingdom,elizabeth.rodriguez2907@example.com,70209.07,68.88,Gold,False,False
CUST-02849,Patricia Anderson,Male,16,,Phoenix,Australia,patricia.anderson2849@example.com,61885.19,165.74,Gold,False,False
CUST-01984,Susan Williams,Male,61,2023-01-31,Chicago,United Kingdom,susan.williams1984@example.com,11035.03,214.45,Bronze,False,False
CUST-02738,Joseph Brown,Male,34,2024-02-26,San Antonio,USA,joseph.brown2738@example.com,76121.08,21.3,Gold,False,False
CUST-01250,Joseph Jones,Male,40,2022-07-27,Philadelphia,Canada,joseph.jones1250@example.com,48957.89,146.95,Bronze,False,False
CUST-00696,Linda Taylor,Female,43,2023-01-06,Chicago,USA,linda.taylor696@example.com,65585.6,81.51,Gold,False,False
CUST-02697,Matthew Taylor,Male,43,2021-04-17,Phoenix,Canada,matthew.taylor2697@example.com,66755.85,35.52,Gold,False,False
CUST-01235,Jessica Brown,Male,41,2023-07-03,Los Angeles,Australia,jessica.brown1235@example.com,49697.34,142.12,Silver,False,False
CUST-00941,Michael Davis,Male,68,2023-07-26,Chicago,USA,michael.davis941@example.com,61414.87,8.88,Gold,False,False
CUST-02870,James Gonzalez,Female,50,2024-11-08,Phoenix,Canada,james.gonzalez2870@example.com,52728.62,256.91,Silver,False,False
CUST-01344,Matthew Williams,Male,33,2022-12-11,Chicago,Canada,matthew.williams1344@example.com,37968.97,126.57,Silver,False,False
CUST-01805,Robert Brown,Male,51,2022-01-08,New York,Australia,robert.brown1805@example.com,5000000.0,171.81,Gold,True,False
CUST-02539,Thomas Thomas,Female,43,2023-06-25,San Diego,United Kingdom,thomas.thomas2539@example.com,71363.54,198.09,Gold,False,False
CUST-00473,Karen Taylor,Female,16,2023-11-30,Dallas,Australia,karen.taylor473@example.com,64568.53,9.45,Bronze,False,False
CUST-02540,John Lopez,Female,39,2021-01-02,Chicago,USA,john.lopez2540@example.com,55583.33,144.19,Silver,False,False
CUST-01238,Sarah Thomas,Male,30,2021-06-27,Dallas,Canada,sarah.thomas1238@example.com,66562.69,206.07,Gold,False,False
CUST-02234,Nancy Lopez,Male,67,2022-04-14,Austin,Canada,nancy.lopez2234@example.com,72116.75,167.84,Gold,False,False
CUST-02199,Joseph Johnson,Male,20,2024-03-16,New York,USA,joseph.johnson2199@example.com,52273.12,123.97,Gold,False,False
CUST-01426,Charles Moore,Male,23,2022-03-06,San Antonio,Canada,charles.moore1426@example.com,88732.85,63.41,Bronze,False,False
CUST-00995,Betty Wilson,Female,35,2023-04-21,Dallas,Australia,betty.wilson995@example.com,59558.19,331.81,Bronze,False,False
CUST-02542,Linda Hernandez,Male,25,2022-07-04,Los Angeles,Australia,linda.hernandez2542@example.com,60713.27,93.9,Gold,False,False
CUST-02887,Lisa Garcia,Female,42,2021-03-30,Austin,Canada,lisa.garcia2887@example.com,85302.52,148.31,Bronze,False,False
CUST-01090,Patricia Garcia,Female,40,2023-10-08,Dallas,USA,patricia.garcia1090@example.com,83183.24,143.0,Bronze,False,False
CUST-00614,Jennifer Martinez,Male,42,2023-11-17,Phoenix,United Kingdom,jennifer.martinez614@example.com,69194.41,138.2,Gold,False,False
CUST-01455,Nancy Martin,Male,54,2024-08-26,Dallas,United Kingdom,nancy.martin1455@example.com,61885.19,134.07,Bronze,False,False
CUST-02979,Elizabeth Johnson,Other,25,2022-04-19,Los Angeles,USA,elizabeth.johnson2979@example.com,94197.17,164.07,Bronze,False,False
CUST-02556,Sarah Jones,Female,40,2022-05-08,Chicago,Canada,sarah.jones2556@example.com,61885.19,144.19,Gold,False,False
CUST-02240,Sarah Johnson,Male,64,2023-10-01,Houston,USA,sarah.johnson2240@example.com,52175.45,188.81,Gold,False,False
CUST-00535,Matthew Jones,Female,59,2022-09-26,Chicago,Australia,matthew.jones535@example.com,53923.78,241.7,Gold,False,False
CUST-00557,John Garcia,Male,34,2022-05-18,Los Angeles,USA,john.garcia557@example.com,94638.27,91.39,Gold,False,False
CUST-00803,Patricia Williams,Male,47,2024-06-06,Houston,Canada,patricia.williams803@example.com,46705.55,108.41,Silver,False,False
CUST-00166,Michael Miller,Female,22,2022-07-29,Philadelphia,United Kingdom,michael.miller166@example.com,58730.72,245.6,Gold,False,False
CUST-00964,Charles Jackson,Female,47,2024-01-18,San Antonio,USA,charles.jackson964@example.com,46497.61,228.65,Bronze,False,False
CUST-02718,Mary Brown,Male,46,2022-11-29,Los Angeles,USA,mary.brown2718@example.com,112662.21,181.02,Bronze,False,False
CUST-00603,Lisa Jones,Female,32,2022-05-26,New York,United Kingdom,lisa.jones603@example.com,61885.19,157.23,Gold,False,False
CUST-01571,Richard Rodriguez,Male,43,2024-10-01,Phoenix,USA,richard.rodriguez1571@example.com,86514.99,64.24,Silver,False,False
CUST-01605,Robert Brown,Male,28,2022-04-29,New York,Canada,robert.brown1605@example.com,91268.97,151.9,Silver,False,False
CUST-02172,David Smith,,40,2023-10-01,Austin,United Kingdom,david.smith2172@example.com,61885.19,154.79,Gold,False,False
CUST-02585,Jessica Garcia,Male,40,2024-04-30,Phoenix,United Kingdom,jessica.garcia2585@example.com,74658.16,4.6,Bronze,False,False
CUST-02152,Richard Rodriguez,Male,51,2021-02-21,Los Angeles,USA,richard.rodriguez2152@example.com,45670.78,228.3,Silver,False,False
CUST-01545,Joseph Johnson,Male,39,2023-06-07,Austin,USA,joseph.johnson1545@example.com,50903.7,95.24,Silver,False,False
CUST-00351,Elizabeth Taylor,,57,2023-06-23,Los Angeles,Canada,elizabeth.taylor351@example.com,61885.19,319.72,Bronze,False,False
CUST-00856,Lisa Wilson,Female,48,2022-02-06,Los Angeles,Australia,lisa.wilson856@example.com,58341.33,69.17,Gold,False,False
CUST-00833,Jennifer Gonzalez,Female,37,2022-07-09,Chicago,Australia,jennifer.gonzalez833@example.com,59174.01,179.32,Gold,False,False
CUST-02527,Betty Gonzalez,Female,29,2023-01-07,Philadelphia,Australia,betty.gonzalez2527@example.com,59922.1,3.03,Silver,False,False
CUST-01687,Richard Lopez,Female,38,2022-09-09,San Diego,Canada,richard.lopez1687@example.com,51736.31,104.13,Bronze,False,False
CUST-01593,Patricia Thomas,Male,43,,Philadelphia,Canada,,67558.2,5.96,Gold,False,False
CUST-00361,Sarah Miller,,44,,Chicago,USA,sarah.miller361@example.com,60630.64,27.67,Silver,False,False
CUST-00281,Jennifer Brown,Female,18,2022-10-04,Phoenix,United Kingdom,jennifer.brown281@example.com,66840.46,278.85,Gold,False,False
CUST-00121,Robert Brown,Other,48,2024-07-29,Houston,Australia,robert.brown121@example.com,61885.19,61.23,Gold,False,False
CUST-00802,Karen Lopez,Male,22,,Los Angeles,Canada,karen.lopez802@example.com,48267.79,110.22,Silver,False,False
CUST-02062,Karen Davis,Female,47,2021-03-28,Austin,Canada,karen.davis2062@example.com,69520.43,29.69,Bronze,False,False
CUST-01644,Thomas Martinez,Male,73,2022-10-28,Philadelphia,Australia,thomas.martinez1644@example.com,91217.64,300.1,Gold,False,False
CUST-02909,William Rodriguez,Male,58,2023-06-04,Los Angeles,United Kingdom,william.rodriguez2909@example.com,55189.58,60.09,Bronze,False,False
CUST-02314,Elizabeth Jackson,Male,40,2024-02-16,Phoenix,Canada,elizabeth.jackson2314@example.com,79312.64,144.19,Silver,False,False
CUST-02846,Daniel Wilson,Female,55,2021-01-04,Dallas,Australia,daniel.wilson2846@example.com,18962.47,-185.56,Gold,True,True
CUST-00037,Charles Smith,Female,43,2024-08-10,Los Angeles,USA,charles.smith37@example.com,78671.88,0.59,Bronze,False,False
CUST-02877,John Smith,Female,24,,Chicago,United Kingdom,john.smith2877@example.com,57570.11,156.31,Gold,False,False
CUST-01589,William Wilson,Female,46,2021-10-28,Houston,USA,william.wilson1589@example.com,85067.08,157.47,Bronze,False,False
CUST-00497,David Taylor,Female,52,2021-04-06,Chicago,Australia,david.taylor497@example.com,70116.35,112.44,Silver,False,False
CUST-01883,Daniel Smith,Male,16,,Chicago,USA,daniel.smith1883@example.com,78560.76,117.89,Gold,False,False
CUST-00062,Jennifer Moore,Male,61,2024-01-10,San Diego,Canada,jennifer.moore@@example..com,83814.42,192.72,Gold,False,False
CUST-01359,Jessica Rodriguez,Female,16,2023-09-19,Phoenix,United Kingdom,jessica.rodriguez1359@example.com,85414.47,174.29,Silver,False,False
CUST-01627,William Davis,,32,2023-03-18,Chicago,United Kingdom,william.davis1627@example.com,53037.94,197.36,Gold,False,False
CUST-00030,Thomas Jackson,Female,61,2024-04-08,Philadelphia,Canada,thomas.jackson30@example.com,81901.5,11.54,Silver,False,False
CUST-00567,Thomas Smith,Female,28,2023-08-19,Houston,Australia,thomas.smith567@example.com,61885.19,213.43,Bronze,False,False
CUST-00032,Sarah Lopez,Female,37,,Phoenix,USA,sarah.lopez32@example.com,84013.03,103.85,Gold,False,False
CUST-01999,Karen Jones,Male,39,2023-01-22,Houston,USA,karen.jones1999@example.com,95083.04,38.89,Silver,False,False
CUST-01910,Sarah Lopez,Female,36,2021-11-05,San Antonio,Canada,,74135.53,72.11,Silver,False,False
CUST-01065,William Smith,Male,73,2023-06-29,Phoenix,United Kingdom,william.smith1065@example.com,50764.35,359.87,Bronze,False,False
CUST-00017,William Jackson,Male,20,2022-11-03,Houston,Canada,william.jackson17@example.com,56456.41,158.49,Bronze,False,False
CUST-01806,Patricia Jones,Female,50,2023-07-03,Phoenix,Australia,patricia.jones1806@example.com,63897.18,327.5,Gold,False,False
CUST-00684,Nancy Taylor,Female,46,2023-10-11,New York,United Kingdom,nancy.taylor684@example.com,88052.76,226.34,Bronze,False,False
CUST-02644,Daniel Johnson,Male,40,2022-03-14,Houston,United Kingdom,daniel.johnson2644@example.com,53338.95,130.2,Silver,False,False
CUST-01217,Nancy Lopez,Female,49,2024-05-04,San Antonio,Canada,nancy.lopez1217@example.com,61602.35,13.44,Silver,False,False
CUST-01853,William Moore,Female,53,2024-09-29,Houston,Australia,william.moore1853@example.com,61885.19,165.25,Gold,False,False
CUST-02863,John Anderson,Male,35,2022-09-01,Chicago,United Kingdom,john.anderson2863@example.com,12137.86,10.83,Bronze,False,False
CUST-02968,David Moore,Male,35,2021-11-12,Houston,Canada,david.moore2968@example.com,61999.09,132.68,Bronze,False,False
CUST-01259,Richard Martinez,Male,53,2024-11-08,Philadelphia,USA,richard.martinez1259@example.com,47825.02,166.3,Bronze,False,False
CUST-01051,Joseph Smith,Female,45,2024-08-08,Philadelphia,Australia,joseph.smith1051@example.com,65718.42,128.86,Bronze,False,False
CUST-01615,Elizabeth Martinez,Other,51,2023-10-25,Dallas,United Kingdom,elizabeth.martinez1615@example.com,59709.7,173.91,Silver,False,False
CUST-01932,Linda Thomas,Female,38,2021-07-18,Chicago,USA,linda.thomas1932@example.com,57133.79,119.78,Gold,False,False
CUST-02884,Susan Johnson,Male,43,2024-08-17,Austin,USA,susan.johnson2884@example.com,35055.18,18.14,Silver,False,False
CUST-01352,Betty Rodriguez,Other,33,2021-06-15,Austin,Australia,betty.rodriguez1352@example.com,75182.13,139.52,Gold,False,False
CUST-01727,Richard Hernandez,Male,28,2023-06-29,Austin,Australia,richard.hernandez1727@example.com,74167.57,171.4,Silver,False,False
CUST-00360,Robert Miller,Male,58,2024-05-12,Los Angeles,Australia,robert.miller360@example.com,86378.06,79.08,Silver,False,False
CUST-00169,Richard Johnson,Female,55,2022-12-15,Los Angeles,USA,richard.johnson169@example.com,999999999.0,183.13,Gold,True,False
CUST-02978,Daniel Lopez,Female,49,2021-02-26,San Antonio,Canada,daniel.lopez2978@example.com,58787.71,130.12,Bronze,False,False
CUST-01521,John Garcia,Male,43,2021-11-17,Chicago,United Kingdom,john.garcia1521@example.com,53840.28,22.55,Gold,False,False
CUST-00194,Linda Taylor,Male,28,2022-04-01,San Diego,USA,linda.taylor194@example.com,38231.23,22.9,Bronze,False,False
CUST-02838,Patricia Taylor,Female,34,2021-05-16,Dallas,Australia,patricia.taylor2838@example.com,106759.17,20.01,Silver,False,False
CUST-01452,Daniel Garcia,Male,65,2021-12-14,San Antonio,Australia,daniel.garcia1452@example.com,48013.67,229.46,Silver,False,False
CUST-00776,Daniel Davis,Female,33,2022-02-13,New York,Canada,daniel.davis776@example.com,64631.88,119.74,Silver,False,False
CUST-01901,John Johnson,Female,18,2024-05-13,Phoenix,Australia,john.johnson1901@example.com,73293.86,246.6,Gold,False,False
CUST-02530,Patricia Garcia,Female,41,2024-10-19,Houston,Canada,patricia.garcia2530@example.com,67585.45,142.95,Gold,False,False
CUST-02032,Richard Jackson,Female,56,2021-10-19,Houston,Australia,richard.jackson2032@example.com,60415.18,192.58,Silver,False,False
CUST-02192,Joseph Garcia,Male,49,2021-02-07,Chicago,USA,joseph.garcia2192@example.com,77841.57,58.2,Gold,False,False
CUST-00409,Matthew Thomas,Female,64,2023-12-04,Dallas,USA,matthew.thomas409@example.com,52815.03,93.33,Gold,False,False
CUST-02046,Jessica Davis,Female,65,2024-02-05,Dallas,USA,jessica.davis2046@example.com,70948.87,144.19,Gold,False,False
CUST-00387,Matthew Gonzalez,Female,51,2023-01-02,San Diego,Canada,matthew.gonzalez387@example.com,77538.82,206.3,Bronze,False,False
CUST-02424,Robert Smith,Male,26,2024-04-17,San Antonio,Australia,robert.smith2424@example.com,75866.61,105.2,Silver,False,False
CUST-00845,Daniel Wilson,Female,23,2022-08-13,San Diego,Canada,daniel.wilson845@example.com,70699.34,149.25,Silver,False,False
CUST-00111,John Brown,Male,47,2023-02-22,Chicago,Australia,john.brown111@example.com,61885.19,106.56,Silver,False,False
CUST-01423,Jessica Davis,Female,50,2023-06-23,New York,United Kingdom,jessica.davis1423@example.com,43224.1,147.34,Gold,False,False
CUST-02683,John Martinez,Male,43,2021-10-28,Philadelphia,United Kingdom,john.martinez2683@example.com,86064.48,104.85,Silver,False,False
CUST-00761,Thomas Davis,Male,31,2024-05-19,San Diego,USA,thomas.davis761@example.com,66995.16,197.71,Gold,False,False
CUST-00751,Nancy Jones,Female,33,2024-05-29,San Diego,Canada,nancy.jones751@example.com,75621.07,247.22,Silver,False,False
CUST-01955,William Johnson,Female,30,2022-02-25,Philadelphia,Australia,william.johnson1955@example.com,78059.95,413.35,Gold,True,False
CUST-02993,Karen Williams,Male,49,2022-09-05,Philadelphia,Canada,karen.williams2993@example.com,37113.9,88.12,Silver,False,False
CUST-02751,Charles Wilson,Male,54,2024-02-14,Dallas,Australia,charles.wilson2751@example.com,42846.24,124.12,Gold,False,False
CUST-02606,Sarah Jones,Male,46,2021-11-10,New York,Canada,sarah.jones2606@example.com,25861.1,169.61,Bronze,False,False
CUST-01584,Daniel Lopez,Male,32,2023-08-04,Philadelphia,United Kingdom,daniel.lopez1584@example.com,104399.57,219.32,Gold,False,False
CUST-01836,Elizabeth Miller,Male,61,2024-05-09,San Diego,USA,elizabeth.miller1836@example.com,93230.32,194.68,Bronze,False,False
CUST-02986,Thomas Anderson,Male,68,2021-12-02,Los Angeles,Canada,thomas.anderson2986@example.com,56726.43,192.03,Silver,False,False
CUST-02193,William Martin,Female,56,2022-08-31,Los Angeles,United Kingdom,william.martin2193@example.com,65375.2,173.72,Gold,False,False
CUST-00857,Matthew Martinez,Male,56,2024-04-26,Los Angeles,USA,matthew.martinez857@example.com,67292.59,153.93,Bronze,False,False
CUST-02017,Mary Moore,Male,45,2023-12-08,Dallas,Canada,mary.moore2017@example.com,38303.23,117.47,Silver,False,False
CUST-01922,Patricia Martin,Male,49,2023-02-07,Austin,Canada,patricia.martin1922@example.com,61885.19,235.46,Silver,False,False
CUST-02308,Matthew Lopez,Male,16,2024-10-26,New York,USA,matthew.lopez2308@example.com,73484.68,91.89,Bronze,False,False
CUST-00921,John Johnson,Female,49,,San Antonio,Australia,john.johnson921@example.com,60020.41,72.04,Gold,False,False
CUST-00190,Joseph Wilson,Female,22,2023-04-11,Austin,USA,joseph.wilson190@example.com,80149.57,94.09,Bronze,False,False
CUST-02500,Daniel Gonzalez,Male,48,2023-10-08,Dallas,USA,daniel.gonzalez@@example..com,31683.38,146.35,Bronze,False,False
CUST-02320,Sarah Gonzalez,,56,2022-10-12,Philadelphia,Canada,sarah.gonzalez2320@example.com,47673.05,214.76,Gold,False,False
CUST-00972,David Garcia,Male,31,2022-05-13,Austin,Australia,david.garcia972@example.com,68750.15,170.76,Silver,False,False
CUST-02543,Jennifer Johnson,Female,56,2022-12-17,San Antonio,USA,jennifer.johnson2543@example.com,59395.88,72.28,Gold,False,False
CUST-01773,Mary Brown,Female,33,2024-11-03,Philadelphia,United Kingdom,mary.brown1773@example.com,51169.83,48.89,Bronze,False,False
CUST-00863,Robert Anderson,Female,24,2024-07-16,Los Angeles,USA,robert.anderson863@example.com,45942.2,217.23,Gold,False,False
CUST-01976,David Taylor,,18,2021-03-24,Dallas,Australia,david.taylor1976@example.com,94502.79,127.74,Silver,False,False
CUST-02277,Patricia Smith,Male,47,2022-01-05,Chicago,Australia,patricia.smith2277@example.com,101794.51,30.63,Bronze,False,False
CUST-00830,Betty Anderson,Male,62,2023-12-26,Dallas,United Kingdom,betty.anderson830@example.com,43866.18,9.44,Silver,False,False
CUST-02758,John Davis,Female,47,2022-07-20,Houston,United Kingdom,john.davis2758@example.com,72772.94,95.9,Bronze,False,False
CUST-00139,Lisa Jones,Female,48,2023-07-26,Dallas,USA,lisa.jones139@example.com,50315.7,187.24,Silver,False,False
CUST-00969,William Jackson,Female,47,2024-08-02,San Diego,United Kingdom,william.jackson969@example.com,61023.7,222.66,Gold,False,False
CUST-01372,Lisa Anderson,Male,38,2024-09-01,San Antonio,United Kingdom,lisa.anderson1372@example.com,80443.68,204.46,Bronze,False,False
CUST-01663,Thomas Miller,Female,45,2021-03-07,San Diego,Australia,thomas.miller1663@example.com,77897.26,310.31,Silver,False,False
CUST-00719,Michael Smith,Female,73,2021-12-01,San Diego,USA,michael.smith719@example.com,60883.63,231.01,Gold,False,False
CUST-00246,Matthew Moore,Female,36,2022-09-28,San Diego,Australia,matthew.moore246@example.com,56032.69,43.4,Gold,False,False
CUST-00202,John Thomas,Male,29,2023-07-24,Phoenix,USA,john.thomas202@example.com,62983.47,272.16,Gold,False,False
CUST-00456,Linda Rodriguez,Male,49,2022-01-20,Los Angeles,Australia,linda.rodriguez456@example.com,118593.35,131.81,Bronze,True,False
CUST-02598,Mary Martin,Female,28,2024-06-18,Chicago,United Kingdom,mary.martin2598@example.com,108188.61,251.6,Silver,False,False
CUST-01153,Richard Taylor,Female,36,2021-07-23,Houston,USA,,57742.81,90.81,Gold,False,False
CUST-00117,Mary Johnson,Female,55,2022-08-30,Phoenix,Australia,mary.johnson117@example.com,72611.11,126.04,Gold,False,False
CUST-01480,John Gonzalez,Male,68,2022-11-02,Austin,Australia,john.gonzalez1480@example.com,54568.17,391.08,Bronze,True,False
CUST-00732,Robert Anderson,Female,30,2023-09-05,Phoenix,USA,robert.anderson732@example.com,58099.02,172.81,Silver,False,False
CUST-00219,Nancy Johnson,Female,41,2024-07-16,Chicago,United Kingdom,nancy.johnson219@example.com,91492.96,284.01,Gold,False,False
CUST-01790,Charles Hernandez,Male,39,2022-04-16,San Antonio,Canada,charles.hernandez1790@example.com,62933.2,25.61,Silver,False,False
CUST-01655,Mary Johnson,Male,53,2022-02-14,Dallas,Australia,mary.johnson1655@example.com,81613.07,213.61,Silver,False,False
CUST-00866,William Anderson,Male,36,2024-05-02,New York,United Kingdom,william.anderson866@example.com,5000000.0,5.88,Bronze,True,False
CUST-02155,Susan Hernandez,Female,31,2024-09-20,Los Angeles,Canada,susan.hernandez2155@example.com,73514.04,213.15,Bronze,False,False
CUST-01890,Linda Wilson,Male,49,2022-10-02,Los Angeles,USA,linda.wilson1890@example.com,57237.35,45.77,Bronze,False,False
CUST-02493,Thomas Gonzalez,Female,44,2021-03-10,Houston,Canada,thomas.gonzalez@@example..com,61885.19,194.31,Silver,False,False
CUST-01661,Thomas Anderson,Female,28,2022-05-14,San Antonio,Canada,thomas.anderson1661@example.com,89609.54,187.61,Gold,False,False
CUST-02125,Charles Moore,Male,29,2024-10-23,San Antonio,United Kingdom,charles.moore2125@example.com,61885.19,161.79,Bronze,False,False
CUST-00206,Robert Garcia,Female,26,2023-04-10,Los Angeles,Canada,robert.garcia206@example.com,89562.41,232.4,Gold,False,False
CUST-02638,Charles Brown,Other,32,2024-08-11,Chicago,Australia,charles.brown2638@example.com,82994.83,86.29,Bronze,False,False
CUST-01300,Joseph Jackson,Male,44,2021-08-14,San Diego,USA,joseph.jackson1300@example.com,69663.05,89.55,Silver,False,False
CUST-02643,Jennifer Davis,Other,31,2022-01-31,New York,USA,jennifer.davis2643@example.com,46800.3,267.6,Gold,False,False
CUST-00708,David Miller,Male,48,2022-09-18,Chicago,Australia,david.miller708@example.com,61885.19,97.05,Bronze,False,False
CUST-02182,Susan Davis,,32,2023-03-12,Los Angeles,USA,susan.davis2182@example.com,36401.52,73.46,Bronze,False,False
CUST-01137,Thomas Rodriguez,Male,65,2024-08-29,Houston,Australia,thomas.rodriguez1137@example.com,26363.82,132.09,Gold,False,False
CUST-02792,Lisa Jones,Female,44,2024-12-30,San Diego,Australia,lisa.jones2792@example.com,92043.32,277.98,Silver,False,False
CUST-02309,Linda Hernandez,Female,24,2023-11-22,Philadelphia,Canada,linda.hernandez2309@example.com,63643.51,163.82,Gold,False,False
CUST-01444,Nancy Martin,Female,41,2022-07-27,Chicago,USA,,66017.73,228.05,Gold,False,False
CUST-01484,Linda Williams,Female,29,2022-05-25,San Diego,Canada,linda.williams1484@example.com,69470.5,384.03,Silver,True,False
CUST-01438,Karen Rodriguez,Female,34,2022-09-11,New York,Canada,karen.rodriguez1438@example.com,60587.84,151.64,Silver,False,False
CUST-02015,Patricia Martinez,Female,16,2024-10-28,Chicago,Canada,patricia.martinez2015@example.com,67190.24,270.87,Silver,False,False
CUST-02378,Robert Williams,Male,40,2021-05-26,Austin,Canada,robert.williams2378@example.com,5000000.0,198.61,Bronze,True,False
CUST-02264,Susan Lopez,Female,35,2024-05-31,San Antonio,Canada,susan.lopez2264@example.com,8000.0,-124.71,Bronze,True,True
CUST-02804,Patricia Martinez,Female,62,2021-09-03,San Diego,Australia,patricia.martinez2804@example.com,53852.03,25.51,Gold,False,False
CUST-02484,Joseph Brown,Male,42,2022-04-17,Phoenix,Canada,joseph.brown2484@example.com,66220.17,37.11,Silver,False,False
CUST-02284,Betty Williams,Male,40,2021-04-09,Philadelphia,United Kingdom,,80943.04,142.03,Silver,False,False
CUST-00042,Elizabeth Jones,Male,27,2023-07-19,Houston,Canada,elizabeth.jones42@example.com,78471.17,73.85,Gold,False,False
CUST-02466,Lisa Smith,Female,33,2023-02-19,Chicago,United Kingdom,lisa.smith2466@example.com,66486.6,195.88,Bronze,False,False
CUST-00685,Lisa Miller,Female,16,2023-11-07,Phoenix,Canada,lisa.miller685@example.com,51915.86,68.54,Bronze,False,False
CUST-02954,Thomas Brown,Female,17,2022-02-17,San Antonio,Australia,thomas.brown2954@example.com,120213.54,163.81,Bronze,True,False
CUST-00800,Robert Miller,Other,45,2022-08-06,Austin,Australia,robert.miller800@example.com,56549.18,72.1,Gold,False,False
CUST-02845,Linda Smith,Female,32,2024-09-21,New York,USA,linda.smith2845@example.com,101454.34,308.52,Bronze,False,False
CUST-01278,Richard Martinez,Male,58,2023-10-07,New York,USA,richard.martinez1278@example.com,43706.71,45.78,Silver,False,False
CUST-01347,Charles Jackson,Female,16,2023-10-20,Dallas,Canada,charles.jackson1347@example.com,71543.7,276.61,Gold,False,False
CUST-01128,Sarah Johnson,Female,49,2022-01-05,Houston,Canada,sarah.johnson1128@example.com,69262.61,95.05,Bronze,False,False
CUST-02241,Daniel Smith,Other,44,2024-08-30,New York,United Kingdom,daniel.smith2241@example.com,67145.91,225.0,Silver,False,False
CUST-01866,Patricia Moore,Female,42,2021-03-03,Houston,United Kingdom,patricia.moore1866@example.com,25745.99,198.15,Gold,False,False
CUST-01844,Sarah Smith,Male,41,2023-12-19,Dallas,USA,sarah.smith1844@example.com,99424.14,88.28,Gold,False,False
CUST-01417,Jennifer Miller,Female,23,2023-09-21,San Antonio,Canada,jennifer.miller1417@example.com,84809.44,83.63,Bronze,False,False
CUST-00705,Charles Wilson,Other,28,2022-02-25,Dallas,United Kingdom,charles.wilson705@example.com,69174.62,87.67,Bronze,False,False
CUST-00772,Karen Wilson,Female,40,2021-11-24,Chicago,Canada,karen.wilson772@example.com,40734.26,156.16,Silver,False,False
CUST-01336,Charles Miller,Other,53,2022-01-12,Los Angeles,Australia,charles.miller1336@example.com,5000000.0,38.47,Silver,True,False
CUST-00528,Susan Williams,Male,23,2022-05-22,New York,Canada,susan.williams528@example.com,47217.81,88.28,Bronze,False,False
CUST-00489,Betty Martin,Male,37,2021-09-18,San Antonio,Canada,betty.martin489@example.com,90021.73,10.82,Gold,False,False
CUST-01350,Sarah Davis,Male,58,2022-09-27,San Antonio,Canada,sarah.davis1350@example.com,63033.16,224.43,Bronze,False,False
CUST-01731,Elizabeth Jackson,Male,16,2022-06-12,Philadelphia,Australia,elizabeth.jackson1731@example.com,47789.12,208.37,Gold,False,False
CUST-02096,Patricia Lopez,Female,45,2024-07-25,San Diego,USA,patricia.lopez2096@example.com,68011.8,46.56,Gold,False,False
CUST-01756,Charles Smith,Male,30,2024-03-18,San Diego,USA,charles.smith1756@example.com,94523.37,377.48,Bronze,True,False
CUST-00902,Richard Wilson,Other,28,2022-08-17,Phoenix,USA,richard.wilson902@example.com,73348.68,198.62,Silver,False,False
CUST-01552,Nancy Thomas,Female,27,2023-05-13,Houston,United Kingdom,nancy.thomas1552@example.com,60177.95,246.58,Gold,False,False
CUST-02789,Michael Jones,Female,42,2023-02-04,Austin,Canada,michael.jones2789@example.com,72702.84,63.19,Bronze,False,False
CUST-02670,William Garcia,Male,45,2021-01-12,San Diego,Australia,william.garcia2670@example.com,64964.09,177.79,Bronze,False,False
CUST-02563,Jessica Hernandez,Female,39,2022-02-15,San Diego,USA,jessica.hernandez2563@example.com,80907.14,86.59,Gold,False,False
CUST-01412,Karen Jackson,Female,41,2021-12-16,Chicago,Australia,karen.jackson1412@example.com,86740.67,164.26,Silver,False,False
CUST-00680,Sarah Jackson,Male,66,2023-09-10,Austin,Canada,sarah.jackson680@example.com,64340.89,199.31,Bronze,False,False
CUST-00222,Daniel Moore,Female,44,2021-04-09,Austin,Canada,daniel.moore222@example.com,46682.08,102.31,Gold,False,False
CUST-02959,Michael Rodriguez,Female,54,2022-02-06,Houston,Australia,michael.rodriguez2959@example.com,38486.2,73.97,Silver,False,False
CUST-00994,Lisa Jones,Other,47,2022-09-08,Phoenix,Australia,lisa.jones994@example.com,46524.66,159.48,Silver,False,False
CUST-02084,Elizabeth Brown,Female,36,2024-02-24,Phoenix,Canada,elizabeth.brown2084@example.com,53239.88,215.79,Gold,False,False
CUST-00551,Nancy Johnson,Female,55,2022-05-27,Houston,United Kingdom,nancy.johnson551@example.com,52491.4,45.66,Bronze,False,False
CUST-00418,Daniel Davis,Male,16,,Chicago,Canada,daniel.davis418@example.com,66015.62,59.13,Bronze,False,False
CUST-02116,John Jackson,Female,39,2024-12-04,Philadelphia,United Kingdom,john.jackson2116@example.com,89893.4,79.22,Gold,False,False
CUST-01682,Jessica Moore,Male,35,2021-02-01,San Antonio,Canada,jessica.moore1682@example.com,38250.43,100.32,Gold,False,False
CUST-00045,Linda Jackson,Other,28,2023-10-25,Chicago,Canada,linda.jackson45@example.com,59438.12,144.19,Bronze,False,False
CUST-02814,Elizabeth Thomas,Female,42,2021-05-04,Philadelphia,Australia,elizabeth.thomas2814@example.com,94569.97,198.06,Silver,False,False
CUST-00356,Nancy Martin,Male,64,2023-03-04,San Antonio,USA,nancy.martin356@example.com,60511.32,166.74,Gold,False,False
CUST-00811,Susan Taylor,Female,42,2024-11-03,Dallas,USA,,64034.22,241.99,Silver,False,False
CUST-00794,Sarah Thomas,Male,41,2022-11-16,Phoenix,Australia,sarah.thomas794@example.com,81899.13,102.58,Gold,False,False
CUST-00179,Jessica Hernandez,Female,45,2022-02-27,Philadelphia,United Kingdom,jessica.hernandez179@example.com,42674.51,297.69,Silver,False,False
CUST-01637,Jessica Anderson,Male,48,2023-07-06,New York,USA,jessica.anderson1637@example.com,61885.19,73.77,Silver,False,False
CUST-01009,Sarah Anderson,Male,39,2021-08-01,Chicago,Australia,sarah.anderson1009@example.com,58473.42,83.67,Gold,False,False
CUST-01554,Charles Martin,Female,27,2021-11-26,Los Angeles,Canada,charles.martin1554@example.com,95036.31,166.8,Gold,False,False
CUST-02854,Matthew Moore,Female,41,2022-08-26,San Antonio,Canada,matthew.moore2854@example.com,65137.21,2.3,Gold,False,False
CUST-01227,Karen Jones,Male,23,2023-06-18,Houston,Canada,karen.jones1227@example.com,68882.52,54.37,Silver,False,False
CUST-00582,Betty Martinez,Other,37,2024-12-23,Austin,Australia,betty.martinez582@example.com,75743.98,151.6,Gold,False,False
CUST-00252,Richard Thomas,Male,32,2022-11-20,San Antonio,United Kingdom,richard.thomas252@example.com,70062.52,112.99,Silver,False,False
CUST-01683,Lisa Davis,Male,33,2021-06-29,New York,Australia,lisa.davis1683@example.com,27234.05,101.82,Silver,False,False
CUST-01380,Michael Garcia,Female,22,2022-04-19,New York,USA,michael.garcia1380@example.com,97650.62,196.89,Gold,False,False
CUST-02243,Sarah Brown,Male,33,2023-11-10,New York,Australia,sarah.brown2243@example.com,59382.11,113.66,Silver,False,False
CUST-02963,Mary Williams,Female,27,2022-08-14,Los Angeles,Canada,mary.williams2963@example.com,77974.26,56.85,Silver,False,False
CUST-02226,Linda Taylor,Male,37,2021-01-16,Phoenix,Australia,linda.taylor2226@example.com,78259.92,213.37,Bronze,False,False
CUST-01562,Matthew Rodriguez,Female,51,2024-10-31,San Antonio,United Kingdom,matthew.rodriguez1562@example.com,45898.09,224.97,Silver,False,False
CUST-01742,James Anderson,Female,46,2024-06-03,San Antonio,USA,james.anderson1742@example.com,106269.31,270.99,Bronze,False,False
CUST-00001,Joseph Moore,Male,58,2023-06-11,Dallas,Canada,joseph.moore1@example.com,23206.18,136.32,Gold,False,False
CUST-00033,Nancy Williams,Male,64,2021-11-30,Phoenix,United Kingdom,nancy.williams33@example.com,39727.89,209.82,Silver,False,False
CUST-02748,Robert Johnson,Male,28,2024-05-10,San Diego,Canada,robert.johnson2748@example.com,77555.59,91.16,Silver,False,False
CUST-01827,Mary Brown,Female,48,2022-03-23,Los Angeles,Australia,mary.brown1827@example.com,60527.98,226.85,Bronze,False,False
CUST-01950,Betty Lopez,Male,40,2022-06-24,New York,USA,betty.lopez1950@example.com,67439.28,111.54,Bronze,False,False
CUST-02977,Linda Miller,Female,22,2023-06-23,Houston,USA,linda.miller2977@example.com,91568.61,99.82,Gold,False,False
CUST-01631,James Brown,Male,18,2023-02-25,New York,Canada,james.brown1631@example.com,37231.87,208.91,Bronze,False,False
CUST-01004,Sarah Gonzalez,Female,27,2024-09-19,Austin,USA,sarah.gonzalez1004@example.com,31218.96,144.19,Gold,False,False
CUST-02522,Jessica Wilson,Male,51,2021-08-14,Los Angeles,Canada,jessica.wilson2522@example.com,67335.13,159.19,Gold,False,False
CUST-02357,Patricia Garcia,Male,26,2023-04-03,New York,Canada,patricia.garcia2357@example.com,61885.19,111.94,Silver,False,False
CUST-02419,Mary Gonzalez,Male,65,2021-07-04,Chicago,Australia,mary.gonzalez2419@example.com,65931.89,275.43,Gold,False,False
CUST-01524,Matthew Taylor,Female,37,2021-07-19,Austin,Australia,matthew.taylor1524@example.com,65629.97,123.67,Gold,False,False
CUST-02608,Mary Thomas,Female,43,2021-09-13,Houston,Australia,mary.thomas2608@example.com,68077.85,43.67,Silver,False,False
CUST-00265,John Martin,Female,37,2023-02-26,Houston,United Kingdom,john.martin265@example.com,40765.69,186.52,Gold,False,False
CUST-00185,Jennifer Miller,Male,17,2021-03-21,New York,Canada,jennifer.miller185@example.com,37675.7,172.71,Bronze,False,False
CUST-00407,Thomas Garcia,Female,22,2021-01-14,Philadelphia,Australia,thomas.garcia407@example.com,52987.33,55.3,Gold,False,False
CUST-00912,Betty Thomas,Male,49,2021-07-01,San Antonio,United Kingdom,betty.thomas912@example.com,59332.94,72.49,Gold,False,False
CUST-01937,Lisa Gonzalez,Male,36,2022-01-09,Philadelphia,USA,lisa.gonzalez1937@example.com,93233.31,50.13,Bronze,False,False
CUST-01232,Mary Jackson,Male,44,2023-01-15,Los Angeles,Canada,mary.jackson1232@example.com,32843.78,24.79,Gold,False,False
CUST-02775,Mary Martin,Male,64,2022-08-11,New York,Canada,mary.martin2775@example.com,72819.94,82.63,Silver,False,False
CUST-01527,Michael Williams,Female,63,2024-10-14,San Antonio,United Kingdom,michael.williams1527@example.com,83421.83,191.34,Bronze,False,False
CUST-01632,Matthew Rodriguez,Female,55,2022-07-04,San Antonio,United Kingdom,matthew.rodriguez1632@example.com,42124.44,217.13,Silver,False,False
CUST-01633,Nancy Williams,Female,34,2024-02-15,Houston,USA,nancy.williams1633@example.com,39662.59,107.56,Bronze,False,False
CUST-01575,Karen Hernandez,Male,36,2021-03-23,San Diego,United Kingdom,karen.hernandez1575@example.com,66706.04,249.43,Bronze,False,False
CUST-01418,Susan Jones,Female,43,2022-01-06,New York,Australia,susan.jones1418@example.com,96651.15,-339.66,Silver,True,True
CUST-00495,Sarah Rodriguez,Other,16,2021-09-30,San Antonio,Canada,sarah.rodriguez495@example.com,61619.07,144.19,Silver,False,False
CUST-02828,David Thomas,Female,31,2022-09-28,Chicago,USA,david.thomas2828@example.com,57107.87,78.52,Silver,False,False
CUST-02526,Nancy Brown,Female,57,2023-08-09,Chicago,Australia,nancy.brown2526@example.com,93698.36,59.36,Silver,False,False
CUST-00009,Elizabeth Smith,Female,76,2022-06-16,Los Angeles,Australia,elizabeth.smith9@example.com,66031.14,146.99,Silver,False,False
CUST-00520,Karen Martin,Male,47,2022-04-16,Dallas,Canada,karen.martin520@example.com,103345.71,142.73,Gold,False,False
CUST-00428,Robert Miller,Female,33,2023-09-11,Houston,United Kingdom,robert.miller428@example.com,27232.16,133.92,Gold,False,False
CUST-01394,Michael Anderson,Male,44,,Dallas,United Kingdom,michael.anderson1394@example.com,86782.03,144.19,Gold,False,False
CUST-00403,Betty Lopez,Other,42,2024-02-29,Dallas,USA,betty.lopez403@example.com,61885.19,292.35,Bronze,False,False
CUST-01239,Daniel Gonzalez,Male,50,2022-03-10,New York,Australia,daniel.gonzalez1239@example.com,78504.57,114.44,Gold,False,False
CUST-02343,David Garcia,Male,45,2024-06-13,San Diego,United Kingdom,david.garcia2343@example.com,33153.78,50.38,Gold,False,False
CUST-02992,Thomas Thomas,Male,39,2021-09-06,Dallas,USA,thomas.thomas2992@example.com,30214.36,346.94,Gold,False,False
CUST-02744,Charles Johnson,Male,27,2023-10-06,Phoenix,Canada,charles.johnson2744@example.com,42018.47,251.65,Bronze,False,False
CUST-02259,David Garcia,Male,56,2022-10-28,San Diego,United Kingdom,,56364.76,191.16,Silver,False,False
CUST-01367,James Williams,Female,24,2024-03-30,Chicago,Canada,james.williams1367@example.com,25550.21,-105.64,Gold,True,True
CUST-02313,Richard Garcia,Female,23,2021-06-27,Dallas,Australia,richard.garcia2313@example.com,61885.19,280.45,Gold,False,False
CUST-01062,Susan Williams,Male,16,2021-01-16,Philadelphia,Canada,susan.williams1062@example.com,39080.13,198.61,Bronze,False,False
CUST-01355,Elizabeth Williams,Female,55,2024-10-24,Austin,United Kingdom,elizabeth.williams1355@example.com,90280.28,179.9,Gold,False,False
CUST-02554,Charles Taylor,Female,41,2022-01-23,Dallas,United Kingdom,charles.taylor2554@example.com,77165.17,195.94,Silver,False,False
CUST-01234,James Davis,Male,49,2023-10-17,Los Angeles,Canada,james.davis1234@example.com,48067.35,268.79,Gold,False,False
CUST-00005,Robert Johnson,Male,37,2021-02-02,Houston,USA,robert.johnson5@example.com,74570.53,189.32,Gold,False,False
CUST-01294,Daniel Williams,Female,52,2024-08-27,New York,Australia,daniel.williams1294@example.com,84667.48,157.84,Silver,False,False
CUST-00683,Matthew Brown,,41,2021-08-18,San Antonio,USA,,77685.15,194.78,Silver,False,False
CUST-01938,Linda Miller,Male,32,,Houston,Australia,linda.miller1938@example.com,56097.9,78.18,Bronze,False,False
CUST-01025,David Hernandez,Male,40,2021-08-24,Dallas,United Kingdom,david.hernandez1025@example.com,106203.66,106.31,Gold,False,False
CUST-00015,Karen Miller,Male,45,2024-01-20,Houston,Canada,karen.miller15@example.com,69064.93,144.19,Gold,False,False
CUST-02185,John Moore,Male,18,2021-07-25,San Antonio,USA,john.moore2185@example.com,49027.42,1.24,Bronze,False,False
CUST-01363,Susan Taylor,Male,47,2024-09-01,New York,United Kingdom,susan.taylor1363@example.com,64584.56,132.88,Silver,False,False
CUST-00366,Linda Brown,Other,36,2024-02-01,Philadelphia,United Kingdom,linda.brown366@example.com,85455.09,24.57,Gold,False,False
CUST-02005,David Jones,Male,52,2023-04-15,Austin,Canada,david.jones2005@example.com,88105.52,29.87,Bronze,False,False
CUST-00548,Jennifer Lopez,Female,33,2021-08-06,Philadelphia,USA,jennifer.lopez548@example.com,54579.53,84.37,Gold,False,False
CUST-02471,Mary Garcia,,47,2024-08-15,San Diego,Canada,mary.garcia2471@example.com,50897.59,162.77,Bronze,False,False
CUST-01428,Jennifer Miller,Male,34,2021-08-21,Dallas,United Kingdom,jennifer.miller1428@example.com,58004.03,42.4,Gold,False,False
CUST-01667,Nancy Wilson,Male,54,2022-10-19,Phoenix,Canada,nancy.wilson1667@example.com,73978.21,183.76,Gold,False,False
CUST-01972,Betty Johnson,Female,59,2022-02-20,Philadelphia,Australia,betty.johnson1972@example.com,40767.75,164.32,Silver,False,False
CUST-00884,Charles Garcia,Male,41,2021-09-03,Austin,USA,charles.garcia884@example.com,69192.91,44.92,Silver,False,False
CUST-00598,Jessica Thomas,Male,50,2024-03-04,Philadelphia,Canada,jessica.thomas598@example.com,81964.53,41.63,Gold,False,False
CUST-00162,Lisa Gonzalez,Male,36,2024-10-06,Los Angeles,Australia,lisa.gonzalez162@example.com,36300.4,144.19,Silver,False,False
CUST-00113,Betty Taylor,Male,34,2023-07-07,Chicago,Canada,betty.taylor113@example.com,73878.48,183.18,Silver,False,False
CUST-02090,Lisa Gonzalez,Female,40,2024-09-05,Phoenix,Canada,lisa.gonzalez2090@example.com,39416.49,178.87,Bronze,False,False
CUST-01076,Karen Johnson,Male,16,2023-08-07,Chicago,Canada,karen.johnson1076@example.com,77477.35,101.57,Gold,False,False
CUST-01387,Jessica Moore,Female,49,2023-02-28,Los Angeles,United Kingdom,jessica.moore1387@example.com,70825.55,144.19,Bronze,False,False
CUST-02486,Michael Martinez,Female,40,2023-03-08,Phoenix,United Kingdom,michael.martinez2486@example.com,84639.26,18.42,Gold,False,False
CUST-01104,Betty Taylor,Female,40,,Houston,USA,betty.taylor1104@example.com,38261.4,122.07,Gold,False,False
CUST-00004,Daniel Martin,Female,16,,Chicago,USA,daniel.martin4@example.com,75174.91,231.01,Silver,False,False
CUST-00691,Joseph Jones,Female,39,2024-05-21,Dallas,United Kingdom,joseph.jones691@example.com,45997.47,144.19,Gold,False,False
CUST-02201,Sarah Brown,Female,17,2021-01-28,San Diego,Canada,sarah.brown2201@example.com,999999999.0,187.38,Bronze,True,False
CUST-00147,Jennifer Lopez,Female,33,2022-10-01,Houston,Australia,jennifer.lopez147@example.com,62939.89,20.82,Bronze,False,False
CUST-01776,David Jones,Female,36,2024-05-12,Austin,USA,david.jones1776@example.com,104351.7,154.18,Gold,False,False
CUST-01115,Jennifer Thomas,Male,49,2024-05-02,New York,USA,jennifer.thomas1115@example.com,46586.47,144.19,Silver,False,False
CUST-01610,Joseph Lopez,Female,33,2023-12-18,New York,United Kingdom,joseph.lopez1610@example.com,59684.96,60.2,Bronze,False,False
CUST-02883,Charles Martin,Male,22,2023-06-17,New York,Canada,charles.martin2883@example.com,46418.8,313.17,Gold,False,False
CUST-01560,Matthew Wilson,Female,58,2023-05-30,Los Angeles,Canada,matthew.wilson1560@example.com,75554.07,2.56,Silver,False,False
CUST-02153,Patricia Martinez,Male,42,2022-04-28,San Antonio,Canada,patricia.martinez2153@example.com,56436.99,187.27,Gold,False,False
CUST-00566,James Brown,Female,36,2022-07-21,Philadelphia,United Kingdom,,67045.53,93.02,Silver,False,False
CUST-02725,James Brown,Female,52,2024-04-21,Philadelphia,USA,james.brown2725@example.com,84909.15,263.87,Bronze,False,False
CUST-02716,Robert Brown,Male,17,2024-04-13,Austin,United Kingdom,robert.brown2716@example.com,48067.77,250.58,Bronze,False,False
CUST-01807,Karen Gonzalez,Male,48,2022-10-12,Chicago,Canada,karen.gonzalez1807@example.com,45794.57,218.97,Gold,False,False
CUST-00644,Mary Martinez,Male,45,2023-02-21,Dallas,United Kingdom,mary.martinez644@example.com,100525.82,290.71,Bronze,False,False
CUST-00649,James Anderson,Male,35,2022-06-05,Chicago,USA,james.anderson649@example.com,43087.64,157.44,Gold,False,False
CUST-02303,David Hernandez,Female,41,,Dallas,USA,david.hernandez2303@example.com,91500.97,73.33,Silver,False,False
CUST-00961,Matthew Hernandez,,49,2023-12-01,Los Angeles,USA,matthew.hernandez961@example.com,90149.34,76.49,Silver,False,False
CUST-02820,Richard Taylor,Male,20,2021-06-09,Houston,United Kingdom,richard.taylor2820@example.com,64775.86,266.14,Silver,False,False
CUST-02551,Jennifer Gonzalez,Female,52,2022-05-25,Phoenix,USA,jennifer.gonzalez2551@example.com,74087.93,234.94,Gold,False,False
CUST-00021,Susan Lopez,Female,48,2022-12-05,Chicago,Australia,susan.lopez21@example.com,51885.93,85.07,Silver,False,False
CUST-02027,David Hernandez,Male,34,2021-07-26,Austin,USA,david.hernandez2027@example.com,60374.2,248.17,Gold,False,False
CUST-00727,Charles Moore,Male,24,2021-08-02,San Diego,USA,charles.moore727@example.com,65556.97,111.37,Bronze,False,False
CUST-00445,Karen Martinez,Male,31,,Philadelphia,Canada,karen.martinez445@example.com,100632.18,135.3,Bronze,False,False
CUST-00989,Robert Moore,Female,51,2021-05-18,Austin,USA,robert.moore@@example..com,43085.05,-49.07,Silver,False,True
CUST-00397,James Garcia,Male,70,2024-05-25,Phoenix,United Kingdom,james.garcia397@example.com,62751.71,40.66,Gold,False,False
CUST-02714,Sarah Brown,Male,34,2023-04-04,Phoenix,Australia,sarah.brown2714@example.com,39013.89,157.8,Bronze,False,False
CUST-01523,Linda Johnson,Female,44,2021-07-29,Dallas,Canada,linda.johnson1523@example.com,42888.33,168.66,Bronze,False,False
CUST-01551,Betty Jackson,Female,52,2023-07-24,Phoenix,United Kingdom,betty.jackson1551@example.com,37550.61,177.24,Bronze,False,False
CUST-00849,James Anderson,Male,31,2024-11-23,Dallas,Canada,james.anderson849@example.com,50889.53,216.85,Gold,False,False
CUST-02796,Daniel Hernandez,Male,44,2021-01-31,Phoenix,Canada,daniel.hernandez2796@example.com,31204.09,244.35,Silver,False,False
CUST-01277,Joseph Davis,Female,30,2021-03-01,Dallas,USA,joseph.davis1277@example.com,53998.53,34.68,Gold,False,False
CUST-02095,Jennifer Miller,Male,58,2023-10-19,Austin,Australia,jennifer.miller2095@example.com,73266.99,138.36,Bronze,False,False
CUST-02603,Sarah Taylor,Male,16,2023-10-25,Austin,United Kingdom,sarah.taylor2603@example.com,75841.64,108.06,Bronze,False,False
CUST-02097,Thomas Martinez,Female,22,2021-07-06,Los Angeles,Canada,thomas.martinez2097@example.com,86847.24,217.46,Gold,False,False
CUST-02451,Jennifer Hernandez,Female,50,2024-11-21,Chicago,USA,jennifer.hernandez2451@example.com,77225.57,20.22,Bronze,False,False
CUST-02732,Patricia Wilson,Male,50,2021-01-30,Philadelphia,USA,patricia.wilson2732@example.com,66475.94,166.75,Gold,False,False
CUST-01114,Jennifer Lopez,Male,33,2022-11-06,Phoenix,USA,jennifer.lopez1114@example.com,53220.21,167.29,Silver,False,False
CUST-00128,Susan Hernandez,Male,55,2022-04-08,Philadelphia,Australia,susan.hernandez128@example.com,60984.4,118.56,Silver,False,False
CUST-00276,Matthew Rodriguez,Male,16,2022-01-26,Chicago,United Kingdom,matthew.rodriguez276@example.com,74428.55,65.29,Silver,False,False
CUST-01501,Nancy Brown,Male,56,2024-12-08,Houston,Australia,nancy.brown1501@example.com,86191.81,204.62,Silver,False,False
CUST-00288,Daniel Gonzalez,Female,32,2021-11-18,Houston,USA,daniel.gonzalez288@example.com,86712.68,186.38,Silver,False,False
CUST-02799,Karen Anderson,Male,40,2024-08-08,Philadelphia,Australia,karen.anderson2799@example.com,46137.77,9.93,Silver,False,False
CUST-00501,Matthew Garcia,Other,29,2024-07-21,San Antonio,United Kingdom,matthew.garcia501@example.com,35872.95,149.7,Bronze,False,False
CUST-02873,Patricia Jackson,Female,57,2023-07-04,Chicago,United Kingdom,patricia.jackson2873@example.com,65178.37,70.47,Gold,False,False
CUST-00796,Linda Jones,Female,33,2022-03-19,Chicago,United Kingdom,linda.jones796@example.com,78894.2,125.95,Silver,False,False
CUST-00316,David Rodriguez,Male,54,2022-08-19,Philadelphia,Canada,david.rodriguez316@example.com,52410.3,270.63,Silver,False,False
CUST-02790,Jennifer Martin,Female,45,2023-12-03,Austin,USA,jennifer.martin2790@example.com,110422.2,-384.78,Bronze,True,True
CUST-02408,Michael Hernandez,Female,41,2021-11-30,San Diego,USA,michael.hernandez2408@example.com,75728.34,301.14,Bronze,False,False
CUST-01724,William Miller,Male,22,2024-12-11,San Antonio,USA,william.miller1724@example.com,27303.92,231.47,Silver,False,False
CUST-02072,Lisa Davis,Female,48,2021-05-25,San Antonio,USA,lisa.davis2072@example.com,61885.19,59.91,Silver,False,False
CUST-00012,Daniel Miller,Male,47,2024-02-28,Philadelphia,USA,daniel.miller12@example.com,58526.58,156.35,Bronze,False,False
CUST-00891,James Taylor,Male,61,2023-06-22,Philadelphia,Canada,james.taylor891@example.com,61885.19,185.97,Gold,False,False
CUST-02225,William Johnson,Male,54,2022-10-09,New York,Australia,william.johnson2225@example.com,81679.63,109.48,Silver,False,False
CUST-01813,Karen Davis,Male,66,2023-08-06,Houston,Australia,karen.davis1813@example.com,98528.39,171.43,Silver,False,False
CUST-02221,William Wilson,Male,34,2023-07-24,Austin,USA,william.wilson2221@example.com,81071.9,170.01,Bronze,False,False
CUST-01107,Charles Jackson,,34,2022-01-19,Chicago,Australia,charles.jackson1107@example.com,69852.64,153.29,Gold,False,False
CUST-00175,Thomas Hernandez,Female,42,2023-07-18,Austin,Canada,thomas.hernandez175@example.com,25151.1,43.35,Silver,False,False
CUST-00679,Mary Smith,Male,35,2021-04-20,Austin,Australia,mary.smith679@example.com,73373.76,110.73,Gold,False,False
CUST-02665,Jennifer Martinez,Female,29,2024-02-07,Los Angeles,USA,jennifer.martinez2665@example.com,24021.25,270.02,Silver,False,False
CUST-00170,Mary Garcia,Female,24,2022-08-09,San Antonio,USA,mary.garcia170@example.com,48626.73,202.0,Gold,False,False
CUST-01829,Richard Moore,Male,19,2022-11-19,Los Angeles,USA,richard.moore1829@example.com,88644.03,166.62,Gold,False,False
CUST-01681,Elizabeth Hernandez,Male,38,2021-06-21,Los Angeles,USA,elizabeth.hernandez1681@example.com,71415.78,275.03,Gold,False,False
CUST-02322,Jennifer Wilson,Male,44,2022-03-21,Houston,Canada,jennifer.wilson2322@example.com,62519.88,82.95,Gold,False,False
CUST-01209,Nancy Thomas,Other,40,2021-06-24,Phoenix,Australia,nancy.thomas1209@example.com,75412.1,124.82,Silver,False,False
CUST-02889,James Miller,Female,42,2024-09-03,Houston,United Kingdom,james.miller2889@example.com,52303.8,144.19,Silver,False,False
CUST-01045,Susan Taylor,Male,66,2024-04-27,Phoenix,USA,susan.taylor1045@example.com,58256.23,32.07,Gold,False,False
CUST-02042,Patricia Rodriguez,Female,42,2022-01-03,San Diego,USA,patricia.rodriguez2042@example.com,42139.5,121.24,Bronze,False,False
CUST-01432,Karen Jackson,Female,47,2022-11-19,Chicago,USA,karen.jackson1432@example.com,31597.07,332.72,Bronze,False,False
CUST-01203,Robert Williams,Female,34,2021-12-02,San Diego,USA,robert.williams1203@example.com,56467.83,153.29,Gold,False,False
CUST-01200,Jennifer Jones,Male,33,,Chicago,Australia,jennifer.jones1200@example.com,67478.09,233.35,Bronze,False,False
CUST-02311,Michael Moore,Female,33,2022-03-27,Chicago,Australia,michael.moore2311@example.com,44833.05,284.75,Silver,False,False
CUST-01162,Jessica Gonzalez,Male,41,2021-06-18,San Diego,Australia,jessica.gonzalez1162@example.com,81167.69,319.05,Bronze,False,False
CUST-00559,Richard Hernandez,Other,44,2024-12-21,Dallas,USA,richard.hernandez559@example.com,99526.98,173.98,Bronze,False,False
CUST-01831,Jennifer Wilson,Male,44,2021-06-17,Houston,United Kingdom,jennifer.wilson1831@example.com,98800.18,257.62,Bronze,False,False
CUST-01881,Mary Brown,,54,2024-03-20,San Diego,Canada,mary.brown1881@example.com,58185.68,144.19,Bronze,False,False
CUST-02200,Joseph Brown,Female,52,2024-03-15,New York,USA,joseph.brown2200@example.com,49744.66,125.56,Bronze,False,False
CUST-00024,Nancy Williams,Female,58,2023-04-04,Los Angeles,USA,nancy.williams24@example.com,102586.61,225.14,Gold,False,False
CUST-02580,Elizabeth Jackson,Male,79,2023-05-23,Houston,USA,elizabeth.jackson2580@example.com,84923.13,165.22,Silver,True,False
CUST-02459,Karen Johnson,Female,38,,Los Angeles,Canada,karen.johnson2459@example.com,39071.67,94.18,Gold,False,False
CUST-01856,Susan Smith,Female,62,2021-07-02,San Antonio,United Kingdom,susan.smith1856@example.com,55820.05,85.72,Gold,False,False
CUST-02120,Betty Rodriguez,Female,43,2022-06-19,Phoenix,Canada,betty.rodriguez2120@example.com,33358.62,136.34,Silver,False,False
CUST-01302,Charles Lopez,Male,54,2024-04-22,San Diego,Australia,charles.lopez1302@example.com,68591.36,148.86,Gold,False,False
CUST-02337,Susan Smith,Male,31,2024-06-29,Chicago,United Kingdom,susan.smith2337@example.com,84128.82,50.7,Bronze,False,False
CUST-00913,Karen Martin,Male,17,2023-01-07,Austin,Canada,karen.martin913@example.com,49895.09,87.79,Bronze,False,False
CUST-00467,William Miller,Male,32,2023-03-18,Los Angeles,USA,william.miller467@example.com,76008.32,51.64,Gold,False,False
CUST-00840,Patricia Garcia,Female,45,2021-01-06,San Diego,USA,patricia.garcia840@example.com,91340.65,139.44,Gold,False,False
CUST-01516,Susan Williams,Female,70,2023-08-23,Houston,United Kingdom,susan.williams1516@example.com,54634.13,59.7,Gold,False,False
CUST-00417,Susan Taylor,Male,55,2022-06-03,Dallas,United Kingdom,susan.taylor417@example.com,48133.86,51.01,Gold,False,False
CUST-02085,Robert Davis,Male,57,2024-09-13,San Antonio,Australia,robert.davis2085@example.com,48635.56,169.98,Silver,False,False
CUST-00367,Linda Taylor,Male,38,2023-05-06,San Diego,USA,linda.taylor367@example.com,86158.97,159.53,Bronze,False,False
CUST-00095,Patricia Smith,Female,50,2023-09-11,New York,Canada,patricia.smith95@example.com,74474.11,105.57,Bronze,False,False
CUST-03000,Matthew Lopez,Female,16,2021-03-14,Dallas,Australia,matthew.lopez3000@example.com,42748.36,49.75,Gold,False,False
CUST-02741,Patricia Williams,Male,34,2021-07-17,Los Angeles,Canada,patricia.williams2741@example.com,9216.08,47.09,Gold,False,False
CUST-02144,Thomas Brown,Male,25,2022-05-17,Dallas,USA,thomas.brown2144@example.com,53037.96,74.43,Gold,False,False
CUST-02028,Matthew Taylor,Female,16,2021-02-04,Phoenix,Australia,matthew.taylor2028@example.com,53318.05,65.99,Bronze,False,False
CUST-01002,Karen Thomas,Female,34,2024-04-14,New York,Australia,karen.thomas1002@example.com,98644.33,133.35,Gold,False,False
CUST-02586,Linda Wilson,Male,40,2022-01-21,Phoenix,United Kingdom,linda.wilson2586@example.com,64242.0,90.49,Bronze,False,False
CUST-02115,Susan Gonzalez,Female,35,2022-07-01,San Diego,Canada,susan.gonzalez2115@example.com,56244.62,11.67,Silver,False,False
CUST-02008,Daniel Anderson,Female,46,2021-09-03,Austin,Canada,daniel.anderson2008@example.com,52239.88,152.4,Gold,False,False
CUST-02470,Charles Rodriguez,Male,53,2023-05-24,Austin,USA,charles.rodriguez2470@example.com,46864.85,123.07,Bronze,False,False
CUST-00820,David Martinez,Male,40,2022-10-12,Houston,Canada,david.martinez820@example.com,55667.77,78.53,Gold,False,False
CUST-01865,Sarah Wilson,Female,39,2023-07-25,Houston,USA,sarah.wilson1865@example.com,61885.19,276.18,Bronze,False,False
CUST-01649,Thomas Wilson,Female,49,2021-03-26,Los Angeles,USA,thomas.wilson1649@example.com,44240.32,209.22,Silver,False,False
CUST-00321,Michael Thomas,Female,30,2021-04-21,Los Angeles,USA,michael.thomas321@example.com,54885.22,216.12,Gold,False,False
CUST-01088,Daniel Martin,Female,24,2021-04-15,Houston,United Kingdom,,46436.24,138.51,Silver,False,False
CUST-02587,Jennifer Williams,Male,39,2024-02-24,New York,USA,jennifer.williams2587@example.com,58775.82,161.66,Silver,False,False
CUST-01732,Patricia Martinez,Female,50,2024-08-13,Dallas,Canada,patricia.martinez1732@example.com,87268.11,90.29,Gold,False,False
CUST-02897,Michael Gonzalez,Female,58,2022-08-13,Austin,Australia,michael.gonzalez2897@example.com,90446.6,90.89,Bronze,False,False
CUST-00932,Charles Jones,Male,48,2021-05-04,Houston,Australia,charles.jones932@example.com,53083.55,149.71,Bronze,False,False
CUST-02246,Charles Lopez,Male,29,2023-08-19,New York,USA,charles.lopez2246@example.com,35090.84,38.05,Bronze,False,False
CUST-02187,Mary Jones,Female,26,2022-10-24,Chicago,Canada,mary.jones2187@example.com,78759.37,185.78,Gold,False,False
CUST-02293,Susan Thomas,Female,51,2021-05-01,Chicago,Australia,susan.thomas2293@example.com,92313.49,184.05,Gold,False,False
CUST-01290,Nancy Hernandez,Male,56,2022-03-24,Phoenix,USA,nancy.hernandez1290@example.com,49090.24,186.13,Gold,False,False
CUST-00653,Sarah Jones,Female,21,2021-06-28,Austin,Canada,sarah.jones653@example.com,80888.53,200.86,Silver,False,False
CUST-00374,John Martinez,Male,35,2023-08-05,New York,Australia,,72730.51,257.12,Gold,False,False
CUST-01299,Richard Hernandez,Male,31,2024-06-25,Philadelphia,Australia,richard.hernandez1299@example.com,73058.19,144.46,Silver,False,False
CUST-01579,Charles Garcia,Male,37,2023-12-19,New York,United Kingdom,charles.garcia1579@example.com,53096.01,110.35,Gold,False,False
CUST-01826,Lisa Brown,Other,25,2023-11-17,Houston,Australia,lisa.brown1826@example.com,49022.91,13.99,Silver,False,False
CUST-00049,Robert Johnson,Male,37,2024-10-29,New York,United Kingdom,robert.johnson49@example.com,91107.65,128.1,Silver,False,False
CUST-01852,Nancy Taylor,Female,32,2024-10-26,San Diego,Australia,,85240.67,127.71,Bronze,False,False
CUST-01948,Richard Martin,Female,64,2024-01-04,New York,Australia,richard.martin1948@example.com,78148.62,76.66,Gold,False,False
CUST-02724,Susan Martin,Female,21,2023-07-13,Phoenix,Australia,,65528.77,-198.49,Gold,True,True
CUST-00601,Jessica Davis,Male,31,2023-07-15,San Antonio,United Kingdom,jessica.davis601@example.com,36675.87,152.42,Gold,False,False
CUST-02189,Charles Jackson,Female,50,2023-10-18,Phoenix,Australia,charles.jackson2189@example.com,39438.73,214.5,Bronze,False,False
CUST-00043,Lisa Anderson,Male,16,2022-06-01,Philadelphia,Australia,lisa.anderson43@example.com,55206.4,292.82,Gold,False,False
CUST-00174,David Martinez,Male,44,2023-10-25,Los Angeles,Australia,,12165.68,211.47,Gold,False,False
CUST-01132,John Davis,Male,40,2021-08-09,Houston,United Kingdom,john.davis1132@example.com,83119.5,116.46,Bronze,False,False
CUST-02301,Jennifer Williams,Female,50,2024-12-11,San Diego,Canada,jennifer.williams2301@example.com,49951.78,133.1,Bronze,False,False
CUST-01896,Susan Davis,Female,75,2023-09-28,Philadelphia,United Kingdom,susan.davis1896@example.com,56298.52,193.17,Gold,False,False
CUST-01258,Jennifer Smith,Female,43,2023-03-01,Houston,USA,jennifer.smith1258@example.com,65835.45,125.15,Bronze,False,False
CUST-02317,Patricia Gonzalez,Female,66,2023-05-04,Austin,Canada,patricia.gonzalez2317@example.com,65424.69,292.66,Bronze,False,False
CUST-01410,Michael Garcia,Male,44,2024-06-25,Chicago,USA,michael.garcia1410@example.com,47514.8,226.99,Bronze,False,False
CUST-00549,William Garcia,Male,48,,New York,USA,,72686.39,24.69,Gold,False,False
CUST-00398,Karen Jones,Male,46,2024-05-25,Los Angeles,United Kingdom,karen.jones398@example.com,59297.63,376.98,Gold,True,False
CUST-02976,Patricia Hernandez,Male,27,2021-09-08,Chicago,USA,patricia.hernandez2976@example.com,82207.18,230.25,Gold,False,False
CUST-02878,Susan Moore,Female,25,2022-07-26,Houston,Australia,susan.moore2878@example.com,64499.64,112.46,Bronze,False,False
CUST-02546,Betty Rodriguez,Male,39,2022-12-01,San Diego,Canada,betty.rodriguez2546@example.com,75541.01,80.62,Gold,False,False
CUST-01111,Charles Rodriguez,Female,36,2023-07-11,Philadelphia,Australia,charles.rodriguez1111@example.com,40527.42,259.93,Bronze,False,False
CUST-02018,Susan Moore,Male,57,2024-03-11,Los Angeles,Australia,susan.moore2018@example.com,71643.8,198.91,Silver,False,False
CUST-01878,Richard Rodriguez,Female,56,2022-01-02,Houston,USA,richard.rodriguez1878@example.com,88844.46,62.26,Silver,False,False
CUST-01186,James Taylor,Female,41,2024-08-31,New York,United Kingdom,james.taylor1186@example.com,20485.85,113.0,Gold,False,False
CUST-01083,Richard Jones,Female,35,2024-01-26,San Antonio,USA,richard.jones1083@example.com,52284.26,138.49,Silver,False,False
CUST-02463,Patricia Johnson,Male,32,2023-07-21,New York,Australia,patricia.johnson2463@example.com,38245.74,219.96,Gold,False,False
CUST-00483,James Davis,Female,40,2021-03-26,Austin,Australia,james.davis483@example.com,64726.15,123.33,Gold,False,False
CUST-02747,Mary Martinez,Female,36,2022-03-31,Los Angeles,United Kingdom,mary.martinez2747@example.com,53681.49,106.37,Bronze,False,False
CUST-01379,Jessica Hernandez,Female,58,2023-07-28,Phoenix,Canada,jessica.hernandez1379@example.com,44527.7,187.64,Silver,False,False
CUST-00693,Jennifer Martinez,Male,41,2024-05-02,San Antonio,United Kingdom,,32293.18,45.79,Gold,False,False
CUST-01390,Charles Jackson,Female,31,2021-04-09,Phoenix,United Kingdom,charles.jackson1390@example.com,45364.25,51.2,Gold,False,False
CUST-02573,Joseph Gonzalez,Other,40,2022-05-30,New York,USA,joseph.gonzalez2573@example.com,37831.94,281.85,Bronze,False,False
CUST-00303,Betty Garcia,Female,58,2023-12-15,Chicago,United Kingdom,betty.garcia303@example.com,32962.75,161.96,Silver,False,False
CUST-01914,Mary Johnson,Male,35,2021-11-02,Dallas,Australia,,38192.8,252.64,Silver,False,False
CUST-02388,James Garcia,Female,21,2022-05-25,Los Angeles,United Kingdom,james.garcia2388@example.com,62971.24,114.5,Bronze,False,False
CUST-00609,Robert Williams,Female,49,2024-06-24,Dallas,USA,robert.williams609@example.com,53247.21,225.88,Bronze,False,False
CUST-01793,Nancy Brown,Male,45,2022-05-12,Philadelphia,Canada,nancy.brown1793@example.com,57743.71,102.6,Silver,False,False
CUST-00013,David Smith,Female,42,2021-05-24,Chicago,Canada,david.smith13@example.com,62296.38,25.42,Bronze,False,False
CUST-02673,William Miller,Male,35,2022-08-27,Dallas,Australia,william.miller2673@example.com,67173.74,43.35,Bronze,False,False
CUST-00874,Charles Rodriguez,Female,19,,Austin,Australia,charles.rodriguez874@example.com,64716.77,75.53,Gold,False,False
CUST-01706,William Garcia,Male,19,2021-06-04,Phoenix,United Kingdom,william.garcia1706@example.com,61885.19,144.18,Silver,False,False
CUST-00648,Linda Smith,Female,28,2024-07-05,New York,USA,linda.smith648@example.com,56573.13,144.19,Gold,False,False
CUST-01098,Betty Smith,Female,39,2023-07-11,Dallas,USA,betty.smith1098@example.com,95442.88,236.43,Gold,False,False
CUST-00628,Betty Moore,Male,33,2024-12-11,San Diego,USA,betty.moore628@example.com,61585.53,261.5,Silver,False,False
CUST-01596,Betty Smith,Female,43,2021-11-19,San Antonio,Australia,betty.smith1596@example.com,79184.39,150.35,Gold,False,False
CUST-00263,Joseph Anderson,Male,28,2022-05-11,New York,Canada,joseph.anderson263@example.com,55452.83,215.38,Bronze,False,False
CUST-01038,Joseph Johnson,Female,43,2024-01-02,Houston,United Kingdom,joseph.johnson1038@example.com,71868.48,38.31,Silver,False,False
CUST-01647,Linda Johnson,,37,2021-06-03,Chicago,Australia,linda.johnson1647@example.com,42040.67,112.83,Silver,False,False
CUST-02668,James Rodriguez,Male,42,2021-04-27,New York,USA,james.rodriguez2668@example.com,95646.1,96.99,Silver,False,False
CUST-02779,David Anderson,Female,22,2024-02-26,New York,Australia,david.anderson2779@example.com,55392.09,1.25,Gold,False,False
CUST-01977,William Smith,Female,61,2022-11-13,Dallas,USA,william.smith1977@example.com,10713.06,123.61,Gold,False,False
CUST-02385,Elizabeth Taylor,Male,49,2022-04-11,Dallas,USA,elizabeth.taylor2385@example.com,46449.85,169.91,Silver,False,False
CUST-00096,Lisa Martinez,Female,19,2021-08-17,San Antonio,Canada,lisa.martinez96@example.com,77848.78,71.9,Silver,False,False
CUST-01333,Robert Moore,Male,57,2023-05-03,Chicago,USA,robert.moore1333@example.com,65939.06,119.37,Silver,False,False
CUST-02914,Betty Jones,Male,38,2022-03-14,New York,USA,betty.jones2914@example.com,57618.02,165.65,Gold,False,False
CUST-00651,Richard Rodriguez,Male,35,2024-07-01,Chicago,United Kingdom,richard.rodriguez651@example.com,58698.31,216.82,Bronze,False,False
CUST-01604,Betty Martin,Male,58,2021-11-07,New York,USA,,19787.3,168.15,Silver,False,False
CUST-01600,Robert Davis,Female,47,2022-04-17,San Antonio,USA,robert.davis1600@example.com,8000.0,175.73,Silver,False,False
CUST-02900,William Williams,Male,55,2022-02-06,Chicago,United Kingdom,william.williams2900@example.com,21803.57,161.06,Bronze,False,False
CUST-00150,David Moore,Female,58,2023-01-17,Houston,Australia,david.moore150@example.com,66788.37,0.24,Gold,False,False
CUST-00085,Jennifer Brown,Male,36,2021-05-31,Chicago,United Kingdom,jennifer.brown85@example.com,64418.91,87.4,Silver,False,False
CUST-01959,Daniel Martinez,Female,56,2021-06-03,Chicago,Australia,daniel.martinez1959@example.com,30368.41,241.23,Silver,False,False
CUST-00755,David Martin,Male,42,2021-02-24,San Diego,USA,david.martin755@example.com,82813.29,106.17,Silver,False,False
CUST-01000,Patricia Hernandez,Female,40,2024-12-26,New York,USA,patricia.hernandez1000@example.com,49372.22,1.09,Silver,False,False
CUST-02410,Richard Martin,Female,40,2021-09-15,San Diego,Canada,richard.martin2410@example.com,72661.98,88.94,Bronze,False,False
CUST-01017,James Johnson,Male,31,2024-11-14,Dallas,United Kingdom,james.johnson1017@example.com,42588.9,133.87,Gold,False,False
CUST-01431,Michael Rodriguez,Male,21,2024-09-22,San Diego,United Kingdom,,47418.51,11.72,Silver,False,False
CUST-00652,Karen Jackson,Male,33,2024-01-22,New York,USA,karen.jackson652@example.com,30770.97,156.0,Silver,False,False
CUST-01703,Karen Miller,Male,16,2022-03-21,Dallas,United Kingdom,karen.miller1703@example.com,70935.16,65.67,Bronze,False,False
CUST-01512,Joseph Johnson,Male,39,2023-05-13,Phoenix,Australia,joseph.johnson1512@example.com,74791.56,240.41,Bronze,False,False
CUST-02829,Charles Wilson,Female,40,2022-07-18,Chicago,Australia,charles.wilson2829@example.com,71265.63,55.88,Bronze,False,False
CUST-01927,John Rodriguez,Female,27,2023-08-13,Los Angeles,USA,john.rodriguez1927@example.com,40396.42,239.19,Gold,False,False
CUST-00740,Mary Jackson,Female,44,2023-01-13,Houston,USA,mary.jackson740@example.com,8000.0,237.92,Silver,False,False
CUST-01180,Susan Moore,Male,35,2021-08-19,New York,Canada,susan.moore1180@example.com,40960.19,38.88,Gold,False,False
CUST-01638,Jessica Hernandez,Male,59,2023-11-29,San Antonio,USA,,40540.38,56.06,Silver,False,False
CUST-01322,Richard Miller,Male,20,,New York,Canada,richard.miller1322@example.com,12086.81,93.2,Gold,False,False
CUST-02281,Richard Gonzalez,Male,16,2024-12-10,Chicago,Canada,richard.gonzalez2281@example.com,26572.05,92.85,Gold,False,False
CUST-00379,David Williams,Female,34,2022-06-22,Dallas,USA,david.williams379@example.com,81873.92,156.54,Gold,False,False
CUST-01342,Susan Garcia,Male,36,2023-04-10,Chicago,USA,susan.garcia1342@example.com,74039.7,89.66,Silver,False,False
CUST-00570,Michael Jones,Male,36,2024-07-14,Chicago,USA,michael.jones570@example.com,36745.75,306.57,Bronze,False,False
CUST-00277,Charles Jones,Female,57,2023-02-18,Chicago,United Kingdom,charles.jones277@example.com,52401.55,296.86,Silver,False,False
CUST-00068,Karen Johnson,Female,51,2023-03-14,Dallas,USA,karen.johnson68@example.com,70661.83,263.2,Silver,False,False
CUST-02710,Susan Moore,Female,50,2022-05-15,Houston,Canada,susan.moore2710@example.com,68018.84,176.32,Bronze,False,False
CUST-00979,Betty Lopez,Male,53,2022-06-11,New York,United Kingdom,betty.lopez979@example.com,74219.55,221.25,Silver,False,False
CUST-00027,Linda Thomas,Male,47,2021-12-28,Austin,USA,linda.thomas27@example.com,61714.25,190.16,Gold,False,False
CUST-01139,Susan Williams,Female,60,2024-05-24,New York,United Kingdom,susan.williams1139@example.com,61885.19,94.73,Bronze,False,False
CUST-01835,Charles Jones,Female,27,2021-06-11,New York,Australia,charles.jones1835@example.com,52405.12,183.78,Gold,False,False
CUST-02999,David Hernandez,Male,38,2023-01-14,New York,USA,david.hernandez2999@example.com,57315.9,171.36,Gold,False,False
CUST-02131,Lisa Jackson,,55,2024-01-02,San Antonio,Canada,lisa.jackson2131@example.com,74984.94,90.19,Bronze,False,False
CUST-00546,Sarah Johnson,Female,49,2024-10-21,New York,Canada,sarah.johnson546@example.com,40311.99,108.74,Bronze,False,False
CUST-01374,John Rodriguez,Female,16,2024-12-10,San Antonio,Australia,john.rodriguez1374@example.com,86661.77,57.29,Silver,False,False
CUST-01240,Michael Lopez,Female,33,2023-07-23,Dallas,Australia,michael.lopez1240@example.com,80170.1,161.42,Bronze,False,False
CUST-02722,Karen Davis,Female,47,2021-10-19,San Antonio,United Kingdom,karen.davis2722@example.com,51301.47,186.52,Silver,False,False
CUST-01822,Charles Brown,Female,55,2023-02-16,Austin,Australia,charles.brown1822@example.com,51010.06,144.01,Bronze,False,False
CUST-01995,Michael Wilson,Female,45,2023-03-22,San Diego,United Kingdom,michael.wilson1995@example.com,47651.11,97.38,Gold,False,False
CUST-01204,Jessica Smith,Female,40,2021-06-13,New York,United Kingdom,jessica.smith1204@example.com,61885.19,239.21,Gold,False,False
CUST-00594,Mary Wilson,Female,45,2022-02-02,Houston,Canada,mary.wilson594@example.com,65516.28,211.9,Gold,False,False
CUST-01118,Karen Jackson,Male,21,2024-06-24,Phoenix,Australia,karen.jackson1118@example.com,61885.19,214.47,Bronze,False,False
CUST-00514,Patricia Wilson,Male,58,2021-04-16,Chicago,United Kingdom,patricia.wilson514@example.com,71564.84,130.53,Gold,False,False
CUST-00029,Joseph Davis,Other,46,2024-02-13,Chicago,United Kingdom,joseph.davis29@example.com,73403.37,71.95,Gold,False,False
CUST-00388,William Lopez,Male,61,2021-12-18,Austin,USA,william.lopez388@example.com,8000.09,177.42,Gold,False,False
CUST-01356,Elizabeth Wilson,Male,43,2024-12-10,New York,United Kingdom,elizabeth.wilson1356@example.com,57185.11,344.68,Gold,False,False
CUST-01317,Linda Brown,Male,40,2024-08-07,San Diego,USA,linda.brown1317@example.com,59854.41,57.88,Bronze,False,False
CUST-02291,Daniel Wilson,Male,30,2021-04-19,San Antonio,USA,daniel.wilson2291@example.com,58254.9,254.18,Gold,False,False
CUST-00531,Joseph Moore,Female,70,2021-08-15,Austin,USA,joseph.moore531@example.com,14511.55,259.41,Gold,False,False
CUST-02752,Richard Rodriguez,Female,69,2021-03-30,Dallas,USA,richard.rodriguez2752@example.com,57705.32,31.16,Gold,False,False
CUST-02132,William Taylor,Male,46,2023-12-08,Phoenix,USA,william.taylor2132@example.com,25576.65,123.11,Silver,False,False
CUST-01629,Charles Anderson,Male,36,2021-04-18,Philadelphia,Australia,charles.anderson1629@example.com,53330.72,182.85,Bronze,False,False
CUST-02523,David Davis,Female,53,2024-08-03,Philadelphia,Australia,david.davis2523@example.com,39566.72,127.07,Gold,False,False
CUST-01929,Patricia Jackson,Male,40,2023-12-23,Phoenix,United Kingdom,patricia.jackson1929@example.com,47459.7,208.32,Bronze,False,False
CUST-00986,Karen Williams,Female,40,2021-09-18,New York,Canada,karen.williams986@example.com,74780.95,256.06,Gold,False,False
CUST-00547,Richard Anderson,Male,62,2024-05-12,Austin,Australia,richard.anderson547@example.com,63300.01,168.67,Gold,False,False
CUST-02509,Matthew Wilson,Other,44,2024-11-13,San Antonio,USA,matthew.wilson2509@example.com,71911.06,180.83,Gold,False,False
CUST-01120,Jennifer Martinez,Female,61,2021-02-05,Dallas,United Kingdom,jennifer.martinez1120@example.com,78780.73,152.2,Silver,False,False
CUST-00429,John Jones,Female,16,,Philadelphia,USA,john.jones429@example.com,86533.76,122.27,Silver,False,False
CUST-02761,Linda Davis,Male,51,2024-04-02,Chicago,United Kingdom,linda.davis2761@example.com,21678.72,101.02,Silver,False,False
CUST-00016,Daniel Gonzalez,Other,40,2023-06-20,San Antonio,Canada,daniel.gonzalez16@example.com,76659.25,133.84,Bronze,False,False
CUST-00865,Joseph Wilson,Male,48,2024-01-22,Philadelphia,Australia,joseph.wilson865@example.com,54961.37,52.88,Gold,False,False
CUST-01612,Lisa Wilson,Male,39,2022-08-06,New York,United Kingdom,lisa.wilson1612@example.com,94916.66,113.27,Bronze,False,False
CUST-02220,Susan Davis,Male,50,2023-06-26,Phoenix,USA,susan.davis2220@example.com,26861.55,244.42,Silver,False,False
CUST-02822,Jennifer Brown,Male,29,2021-07-15,New York,Canada,jennifer.brown2822@example.com,88183.98,255.36,Bronze,False,False
CUST-00425,Richard Jones,Female,33,2022-07-25,Philadelphia,Canada,richard.jones425@example.com,113732.08,199.08,Gold,False,False
CUST-02205,Michael Brown,Male,43,2023-12-03,San Diego,USA,michael.brown2205@example.com,83426.04,21.82,Bronze,False,False
CUST-00168,John Martin,Female,44,2022-07-18,Chicago,Canada,john.martin168@example.com,67943.46,49.88,Gold,False,False
CUST-00421,James Garcia,Female,62,2021-07-15,Los Angeles,United Kingdom,james.garcia421@example.com,62956.84,139.85,Bronze,False,False
CUST-00730,Lisa Anderson,Female,16,2023-02-23,Chicago,USA,lisa.anderson730@example.com,95322.55,153.59,Gold,False,False
CUST-01513,Daniel Jackson,Female,43,2022-12-21,San Antonio,Australia,daniel.jackson1513@example.com,78542.88,114.98,Gold,False,False
CUST-02026,David Miller,Male,55,2023-08-28,New York,Australia,david.miller2026@example.com,67428.87,233.54,Silver,False,False
CUST-00271,Jessica Martinez,Male,38,2022-10-07,San Diego,Canada,jessica.martinez271@example.com,48429.92,181.94,Gold,False,False
CUST-02948,John Wilson,Male,27,2021-10-30,San Diego,United Kingdom,john.wilson2948@example.com,100515.1,79.61,Bronze,False,False
CUST-00468,Matthew Moore,Male,60,2022-04-05,Dallas,Canada,matthew.moore468@example.com,102622.03,114.12,Gold,False,False
CUST-01864,Elizabeth Davis,Female,34,2022-12-27,Chicago,Canada,elizabeth.davis1864@example.com,83480.43,214.53,Gold,False,False
CUST-01223,Charles Johnson,Other,47,2022-04-14,Phoenix,Australia,charles.johnson1223@example.com,34717.73,167.77,Silver,False,False
CUST-01846,Michael Gonzalez,Male,38,2022-12-05,New York,United Kingdom,michael.gonzalez1846@example.com,63125.26,235.64,Bronze,False,False
CUST-00916,Nancy Thomas,Female,40,2023-07-22,Austin,USA,nancy.thomas916@example.com,39695.15,155.49,Silver,False,False
CUST-00077,Karen Miller,Male,81,2024-07-18,Dallas,Canada,karen.miller77@example.com,47085.62,210.2,Silver,True,False
CUST-02462,Jennifer Moore,Male,45,2023-09-01,Chicago,Canada,jennifer.moore2462@example.com,105517.66,243.86,Gold,False,False
CUST-01821,Mary Brown,Male,52,2023-10-17,Los Angeles,United Kingdom,mary.brown1821@example.com,45722.39,235.67,Gold,False,False
CUST-01874,Linda Thomas,Male,40,2023-08-15,Houston,Canada,linda.thomas1874@example.com,46884.18,166.77,Gold,False,False
CUST-00639,Linda Brown,Female,44,2021-02-02,San Diego,USA,linda.brown639@example.com,70607.28,107.02,Silver,False,False
CUST-01990,David Martin,Female,16,,Phoenix,United Kingdom,david.martin1990@example.com,68293.09,197.79,Bronze,False,False
CUST-02805,Susan Lopez,Female,24,2024-06-11,San Diego,USA,susan.lopez2805@example.com,56006.64,313.96,Silver,False,False
CUST-01774,Patricia Smith,Male,54,2024-08-28,Austin,United Kingdom,,52532.35,268.42,Bronze,False,False
CUST-01014,Sarah Gonzalez,Other,49,2024-09-09,San Diego,Australia,,999999999.0,240.23,Bronze,True,False
CUST-02141,Karen Lopez,Female,28,2022-04-01,Phoenix,USA,karen.lopez2141@example.com,54459.6,224.65,Gold,False,False
CUST-02770,Patricia Jackson,Other,52,2024-03-16,Dallas,Canada,patricia.jackson2770@example.com,48111.79,131.61,Bronze,False,False
CUST-01862,Patricia Gonzalez,Female,35,2023-12-13,Phoenix,USA,patricia.gonzalez1862@example.com,67345.96,97.67,Gold,False,False
CUST-02159,Jennifer Jackson,Female,59,2022-09-13,Dallas,United Kingdom,jennifer.jackson2159@example.com,74626.79,126.75,Gold,False,False
CUST-00236,Michael Gonzalez,Male,35,2024-05-21,San Diego,United Kingdom,michael.gonzalez236@example.com,63405.38,185.84,Gold,False,False
CUST-01857,Michael Williams,Other,29,2024-08-09,San Diego,Canada,,40589.57,63.88,Gold,False,False
CUST-02759,Susan Martin,Male,40,2023-09-15,Austin,USA,susan.martin2759@example.com,89867.16,173.86,Gold,False,False
CUST-01879,Robert Johnson,Male,37,2022-03-21,Houston,United Kingdom,robert.johnson1879@example.com,98053.29,76.43,Silver,False,False
CUST-00308,David Wilson,Female,57,,Houston,Australia,david.wilson308@example.com,59939.79,92.25,Bronze,False,False
CUST-01824,James Johnson,Female,39,2024-10-30,San Antonio,USA,james.johnson1824@example.com,39504.67,167.38,Silver,False,False
CUST-01403,Michael Anderson,Male,44,2022-06-29,Chicago,United Kingdom,,73274.94,202.78,Silver,False,False
CUST-00962,Jessica Gonzalez,Female,61,,Philadelphia,USA,jessica.gonzalez962@example.com,67902.16,180.29,Gold,False,False
CUST-01620,Charles Brown,Female,22,2023-07-01,New York,United Kingdom,charles.brown1620@example.com,70494.73,0.64,Gold,False,False
CUST-01688,Thomas Thomas,Female,45,2023-07-16,Philadelphia,USA,thomas.thomas1688@example.com,51203.75,169.1,Gold,False,False
CUST-01872,Matthew Wilson,Male,36,2022-10-19,Austin,Australia,matthew.wilson1872@example.com,62711.91,215.25,Bronze,False,False
CUST-02989,Richard Taylor,Male,38,2022-06-12,Phoenix,United Kingdom,richard.taylor2989@example.com,92562.8,60.58,Bronze,False,False
CUST-02596,Nancy Taylor,Male,43,2022-12-05,Phoenix,Australia,nancy.taylor2596@example.com,74854.62,106.34,Gold,False,False
CUST-02022,Susan Taylor,Male,52,2022-07-12,Dallas,Australia,susan.taylor2022@example.com,50903.17,162.16,Gold,False,False
CUST-01056,Thomas Gonzalez,Male,46,2024-07-17,Los Angeles,Australia,thomas.gonzalez1056@example.com,70748.91,250.73,Gold,False,False
CUST-01448,William Jackson,Female,39,2024-11-16,Austin,USA,william.jackson1448@example.com,59761.08,149.11,Gold,False,False
CUST-00378,Joseph Jones,Male,40,2024-10-30,San Antonio,USA,joseph.jones378@example.com,113601.01,160.03,Silver,False,False
CUST-02807,Betty Smith,Female,22,2024-11-09,Austin,United Kingdom,betty.smith2807@example.com,75351.6,90.11,Gold,False,False
CUST-01966,Daniel Brown,Female,50,2024-04-27,Chicago,Canada,daniel.brown1966@example.com,84541.07,244.34,Bronze,False,False
CUST-01152,Robert Smith,Female,49,2021-02-08,New York,USA,robert.smith1152@example.com,51692.81,136.83,Silver,False,False
CUST-01876,James Brown,Male,45,2024-09-16,New York,USA,james.brown1876@example.com,34569.58,128.99,Bronze,False,False
CUST-02973,David Rodriguez,Female,40,2024-01-01,Los Angeles,Canada,david.rodriguez2973@example.com,51613.1,177.36,Gold,False,False
CUST-02990,Nancy Lopez,Other,40,2021-08-11,San Diego,United Kingdom,nancy.lopez2990@example.com,82651.84,184.74,Bronze,False,False
CUST-00704,Robert Davis,Male,31,2024-03-07,New York,Canada,robert.davis704@example.com,47599.67,146.88,Bronze,False,False
CUST-02150,Charles Taylor,Female,25,2023-12-05,Philadelphia,Australia,charles.taylor2150@example.com,48054.98,99.32,Gold,False,False
CUST-01842,Patricia Jones,Female,57,2022-03-15,Chicago,United Kingdom,patricia.jones1842@example.com,50932.94,179.74,Gold,False,False
CUST-02570,Michael Martinez,Male,44,2023-05-19,San Antonio,Canada,michael.martinez2570@example.com,71304.24,235.08,Bronze,False,False
CUST-02269,John Garcia,Female,70,2021-02-17,Houston,Canada,john.garcia2269@example.com,78156.38,331.48,Gold,False,False
CUST-00669,Mary Taylor,Male,48,2022-08-13,New York,Australia,mary.taylor669@example.com,60169.91,170.7,Silver,False,False
CUST-02674,Michael Garcia,Male,54,2022-07-05,Phoenix,Canada,michael.garcia2674@example.com,41775.06,159.75,Silver,False,False
CUST-02760,Jennifer Jackson,Male,36,2023-05-30,Chicago,Canada,jennifer.jackson2760@example.com,27624.85,51.87,Gold,False,False
CUST-02645,Betty Lopez,Female,47,2023-10-03,San Antonio,United Kingdom,,35947.48,207.18,Bronze,False,False
CUST-02118,Nancy Jackson,Male,31,2024-03-20,Dallas,United Kingdom,nancy.jackson2118@example.com,54648.96,297.09,Gold,False,False
CUST-02830,Jessica Rodriguez,Female,32,2022-12-04,Los Angeles,USA,jessica.rodriguez2830@example.com,999999999.0,-189.67,Bronze,True,True
CUST-00173,Lisa Martin,Female,26,2022-04-12,Phoenix,United Kingdom,lisa.martin173@example.com,86763.89,98.74,Gold,False,False
CUST-02844,Joseph Garcia,Female,19,2021-09-01,Phoenix,Canada,joseph.garcia2844@example.com,61885.19,64.28,Bronze,False,False
CUST-02198,Nancy Brown,Male,50,2022-07-31,New York,Canada,nancy.brown2198@example.com,82229.69,60.83,Gold,False,False
CUST-01261,Nancy Anderson,Male,50,2024-01-09,Dallas,Canada,nancy.anderson1261@example.com,75346.33,183.65,Bronze,False,False
CUST-00482,Linda Thomas,Female,57,2023-12-21,Los Angeles,United Kingdom,linda.thomas482@example.com,71412.87,51.86,Bronze,False,False
CUST-02331,David Martinez,Other,30,2024-09-04,Los Angeles,USA,david.martinez2331@example.com,52825.37,146.61,Silver,False,False
CUST-01867,Jennifer Davis,Male,42,2021-05-29,New York,Canada,jennifer.davis1867@example.com,56368.3,0.06,Bronze,False,False
CUST-00386,Charles Jackson,Female,52,2024-09-05,Austin,Canada,charles.jackson386@example.com,79187.7,179.1,Gold,False,False
CUST-02258,Charles Thomas,Male,48,2024-11-08,Chicago,United Kingdom,charles.thomas2258@example.com,74261.99,44.83,Gold,False,False
CUST-00341,Karen Brown,Male,55,2021-11-21,Los Angeles,United Kingdom,karen.brown341@example.com,46385.53,113.92,Bronze,False,False
CUST-02647,Jennifer Smith,Male,44,2022-05-16,Dallas,USA,jennifer.smith2647@example.com,74650.13,18.72,Bronze,False,False
CUST-02967,Elizabeth Martin,Male,34,2023-07-14,Chicago,United Kingdom,,43610.94,144.11,Bronze,False,False
CUST-02387,Michael Martinez,Female,30,2022-11-23,Houston,USA,michael.martinez2387@example.com,76109.15,133.13,Gold,False,False
CUST-01091,John Jones,Other,47,2023-02-07,San Diego,Australia,john.jones1091@example.com,5000000.0,48.27,Bronze,True,False
CUST-00522,Thomas Jackson,Female,34,2022-01-22,Phoenix,USA,thomas.jackson522@example.com,67958.65,48.98,Bronze,False,False
CUST-01861,Karen Gonzalez,Female,26,2024-11-29,San Antonio,Australia,karen.gonzalez1861@example.com,78295.79,136.89,Bronze,False,False
CUST-01964,David Williams,Female,34,2021-11-03,San Antonio,Canada,david.williams1964@example.com,88768.82,84.91,Silver,False,False
CUST-01657,Charles Gonzalez,Female,30,2021-05-04,Chicago,United Kingdom,charles.gonzalez1657@example.com,65553.86,74.54,Bronze,False,False
CUST-01613,Sarah Lopez,Female,46,2023-10-28,Philadelphia,United Kingdom,sarah.lopez1613@example.com,22506.77,158.37,Silver,False,False
CUST-00390,Nancy Williams,Male,30,2021-06-15,San Antonio,Australia,nancy.williams390@example.com,33116.67,131.97,Gold,False,False
CUST-01078,Karen Hernandez,Male,16,2023-03-25,Los Angeles,United Kingdom,karen.hernandez1078@example.com,43037.42,59.62,Bronze,False,False
CUST-00036,Jessica Smith,Female,44,2021-05-28,New York,Australia,jessica.smith36@example.com,40378.87,70.64,Bronze,False,False
CUST-02335,Linda Hernandez,Male,61,2024-06-11,San Antonio,Australia,linda.hernandez2335@example.com,91767.16,145.76,Gold,False,False
CUST-00623,Michael Jackson,Male,45,2021-12-24,Austin,Australia,michael.jackson623@example.com,60124.11,121.21,Gold,False,False
CUST-00315,Mary Martin,Male,39,2021-10-14,Chicago,Australia,mary.martin315@example.com,90743.98,177.23,Gold,False,False
CUST-01032,Richard Wilson,Male,23,2021-12-24,Houston,USA,richard.wilson1032@example.com,52784.96,43.46,Gold,False,False
CUST-01138,Daniel Moore,Male,24,2022-06-04,Houston,Canada,daniel.moore1138@example.com,58384.99,134.79,Bronze,False,False
CUST-01335,John Wilson,Male,57,2021-10-11,Dallas,United Kingdom,john.wilson1335@example.com,65500.91,188.81,Gold,False,False
CUST-02881,Karen Johnson,Male,46,2021-03-13,Philadelphia,Canada,karen.johnson2881@example.com,78369.87,55.22,Bronze,False,False
CUST-01326,Charles Martinez,Other,16,2024-07-25,Phoenix,Australia,charles.martinez1326@example.com,99372.44,108.77,Gold,False,False
CUST-02228,Daniel Jackson,Male,17,2023-01-05,Philadelphia,USA,daniel.jackson2228@example.com,23835.56,348.98,Gold,False,False
CUST-01557,Thomas Williams,Female,33,2022-01-22,Austin,USA,,78579.24,162.62,Silver,False,False
CUST-00716,Sarah Martinez,Male,48,2021-08-31,Los Angeles,United Kingdom,sarah.martinez716@example.com,47781.26,185.63,Gold,False,False
CUST-02679,Jessica Jackson,Male,28,2022-12-10,San Antonio,USA,jessica.jackson2679@example.com,57506.89,167.3,Silver,False,False
CUST-01887,Mary Wilson,Female,39,2023-12-24,Phoenix,Australia,,101679.67,250.63,Gold,False,False
CUST-02110,Charles Moore,Female,65,2022-04-24,Phoenix,United Kingdom,charles.moore2110@example.com,75013.75,147.93,Silver,False,False
CUST-00453,Daniel Taylor,Female,44,2021-10-09,Philadelphia,USA,daniel.taylor453@example.com,98751.6,207.8,Gold,False,False
CUST-01677,Richard Moore,Male,39,2023-12-27,San Diego,United Kingdom,,66204.99,86.76,Gold,False,False
CUST-01536,Elizabeth Jackson,Male,30,2023-07-17,New York,United Kingdom,elizabeth.jackson1536@example.com,61885.19,149.82,Silver,False,False
CUST-01213,Robert Brown,Female,16,2021-10-21,Philadelphia,USA,robert.brown1213@example.com,93594.18,12.77,Bronze,False,False
CUST-00163,Richard Thomas,Male,47,2023-12-22,Austin,USA,richard.thomas163@example.com,71509.18,13.94,Bronze,False,False
CUST-01169,Patricia Rodriguez,Female,23,2021-07-25,Philadelphia,Canada,patricia.rodriguez1169@example.com,17420.32,63.93,Silver,False,False
CUST-00729,Thomas Anderson,Male,27,2023-07-15,Austin,Australia,thomas.anderson729@example.com,65375.32,180.35,Bronze,False,False
CUST-01556,Lisa Garcia,Female,46,,San Antonio,Australia,lisa.garcia1556@example.com,61075.13,203.93,Gold,False,False
CUST-01396,John Hernandez,Male,20,2022-02-25,San Diego,United Kingdom,john.hernandez1396@example.com,27808.12,214.73,Silver,False,False
CUST-02302,Linda Smith,Female,57,2022-08-18,New York,USA,linda.smith2302@example.com,47071.9,38.04,Silver,False,False
CUST-01400,Karen Lopez,Male,49,2021-06-01,Austin,United Kingdom,karen.lopez1400@example.com,54241.05,306.97,Bronze,False,False
CUST-00097,Robert Gonzalez,Female,40,2021-09-02,Houston,USA,robert.gonzalez97@example.com,95121.19,285.92,Silver,False,False
CUST-00245,Michael Martinez,Female,29,2022-02-15,San Diego,Canada,michael.martinez245@example.com,100311.07,147.97,Silver,False,False
CUST-02924,Jessica Taylor,Female,30,2024-10-17,Philadelphia,Australia,,59010.23,180.19,Bronze,False,False
CUST-02162,Karen Lopez,Male,16,2021-03-08,San Antonio,United Kingdom,karen.lopez2162@example.com,58561.21,258.46,Silver,False,False
CUST-00527,Jessica Taylor,Male,26,2023-05-07,New York,United Kingdom,jessica.taylor527@example.com,84130.12,48.62,Bronze,False,False
CUST-01779,Richard Jones,Male,38,2022-08-03,Chicago,United Kingdom,richard.jones1779@example.com,40354.85,71.97,Bronze,False,False
CUST-01451,John Jackson,Other,32,2021-07-04,Austin,Australia,john.jackson1451@example.com,49935.04,41.14,Gold,False,False
CUST-02793,Lisa Gonzalez,Male,47,2022-09-10,Philadelphia,USA,lisa.gonzalez2793@example.com,39456.74,212.5,Silver,False,False
CUST-01110,Robert Brown,Male,50,2022-03-11,San Diego,Canada,robert.brown1110@example.com,49521.25,81.66,Gold,False,False
CUST-00137,James Jones,Female,58,2024-03-21,Houston,Canada,james.jones137@example.com,29710.92,29.97,Silver,False,False
CUST-01441,Sarah Wilson,Female,55,2024-07-09,Los Angeles,USA,sarah.wilson1441@example.com,34474.97,281.6,Gold,False,False
CUST-02061,Michael Rodriguez,Other,34,2021-09-26,San Diego,USA,michael.rodriguez2061@example.com,50136.54,221.41,Bronze,False,False
CUST-02440,Jessica Wilson,Male,38,2023-02-03,Phoenix,Canada,jessica.wilson2440@example.com,29010.99,119.67,Bronze,False,False
CUST-01875,Elizabeth Wilson,Male,40,2023-07-04,San Diego,United Kingdom,elizabeth.wilson1875@example.com,37209.55,8.08,Gold,False,False
CUST-01909,Robert Wilson,Male,37,2023-04-11,New York,United Kingdom,robert.wilson1909@example.com,64723.55,162.61,Bronze,False,False
CUST-01188,Lisa Jones,Male,43,2022-04-08,Chicago,Canada,lisa.jones1188@example.com,76579.65,71.52,Gold,False,False
CUST-01416,David Miller,Other,53,2021-07-13,Chicago,United Kingdom,david.miller1416@example.com,53949.35,98.64,Gold,False,False
CUST-02985,Michael Rodriguez,Female,39,2023-03-21,Austin,Canada,michael.rodriguez2985@example.com,81752.95,144.19,Silver,False,False
CUST-01786,Mary Miller,Female,29,2024-09-06,San Diego,Australia,mary.miller1786@example.com,36766.28,241.39,Silver,False,False
CUST-00506,Michael Martin,Female,27,2024-11-19,Philadelphia,United Kingdom,michael.martin506@example.com,49760.47,187.5,Silver,False,False
CUST-02039,Patricia Martin,Male,52,2022-04-17,Philadelphia,Australia,patricia.martin2039@example.com,61885.19,216.99,Gold,False,False
CUST-01307,Charles Johnson,Female,33,2023-03-24,Philadelphia,USA,charles.johnson1307@example.com,76844.28,263.83,Gold,False,False
CUST-02541,David Wilson,Female,40,2023-09-04,Dallas,USA,,59960.68,34.18,Bronze,False,False
CUST-00294,Joseph Jackson,Female,49,2022-09-26,Chicago,USA,joseph.jackson294@example.com,55588.93,259.71,Gold,False,False
CUST-00207,Jennifer Davis,Female,49,2024-01-24,Phoenix,United Kingdom,jennifer.davis207@example.com,65818.15,157.69,Bronze,False,False
CUST-00807,Lisa Anderson,Male,42,2024-11-01,Philadelphia,Canada,lisa.anderson807@example.com,51040.74,174.6,Silver,False,False
CUST-01257,Sarah Jackson,Male,37,2021-02-18,Philadelphia,Canada,sarah.jackson1257@example.com,57677.28,48.73,Bronze,False,False
CUST-02289,James Williams,Male,67,2021-12-26,San Antonio,Canada,james.williams2289@example.com,96626.71,42.5,Gold,False,False
CUST-01982,Thomas Thomas,Male,54,2023-09-28,Los Angeles,USA,thomas.thomas1982@example.com,61885.19,129.08,Gold,False,False
CUST-00714,William Smith,Male,33,2024-09-10,San Antonio,Canada,william.smith714@example.com,34232.17,111.25,Silver,False,False
CUST-02865,Linda Brown,Male,54,2023-09-14,Philadelphia,United Kingdom,linda.brown2865@example.com,88679.03,25.08,Gold,False,False
CUST-01916,William Jones,Male,27,,Chicago,Canada,william.jones1916@example.com,40963.02,24.82,Gold,False,False
CUST-02128,Patricia Moore,Male,35,2023-05-01,Austin,Canada,patricia.moore2128@example.com,59361.78,94.55,Bronze,False,False
CUST-00883,Elizabeth Brown,Female,54,2022-01-07,Houston,Australia,elizabeth.brown883@example.com,51247.14,220.44,Gold,False,False
CUST-01936,Charles Martinez,Male,23,2022-03-07,Chicago,United Kingdom,charles.martinez1936@example.com,49737.42,183.12,Bronze,False,False
CUST-00401,Mary Wilson,Female,32,2021-04-21,Houston,Australia,mary.wilson@@example..com,71027.18,196.3,Gold,False,False
CUST-00158,Michael Wilson,Female,61,2023-10-06,San Diego,Canada,michael.wilson158@example.com,70638.03,201.63,Gold,False,False
CUST-01533,Richard Moore,Male,42,2023-06-15,Philadelphia,Australia,richard.moore1533@example.com,48624.83,50.98,Gold,False,False
CUST-00492,Robert Martin,Male,46,2023-03-13,San Antonio,United Kingdom,,60794.69,133.56,Gold,False,False
CUST-00292,Susan Moore,Male,57,2022-01-10,New York,Canada,susan.moore292@example.com,51213.05,293.24,Gold,False,False
CUST-01884,John Jones,Other,52,2023-11-01,Austin,Canada,john.jones1884@example.com,81199.38,144.19,Gold,False,False
CUST-01364,Karen Gonzalez,Male,40,2024-07-08,Los Angeles,USA,karen.gonzalez1364@example.com,25560.21,170.75,Bronze,False,False
CUST-02774,Robert Hernandez,Female,49,2023-07-28,Philadelphia,USA,robert.hernandez2774@example.com,53899.53,105.01,Bronze,False,False
CUST-02729,Jennifer Martinez,Female,49,2023-02-20,San Diego,USA,jennifer.martinez2729@example.com,63987.96,246.02,Gold,False,False
CUST-01735,Linda Davis,Male,17,2021-10-18,Phoenix,Australia,linda.davis1735@example.com,28666.91,37.91,Bronze,False,False
CUST-00402,Lisa Lopez,Female,49,2022-03-05,Dallas,United Kingdom,lisa.lopez402@example.com,91040.66,144.19,Bronze,False,False
CUST-01181,Joseph Jones,Female,39,,New York,Canada,joseph.jones1181@example.com,56354.38,83.34,Gold,False,False
CUST-01411,Daniel Martinez,Female,48,2021-11-03,Austin,United Kingdom,daniel.martinez1411@example.com,55873.94,223.46,Silver,False,False
CUST-00180,Patricia Anderson,Female,53,2024-05-10,Houston,USA,patricia.anderson180@example.com,62816.45,356.85,Gold,False,False
CUST-00922,Patricia Taylor,Female,48,2024-09-23,Philadelphia,USA,patricia.taylor922@example.com,72100.07,163.07,Gold,False,False
CUST-01689,Robert Martin,Other,58,2022-05-07,Austin,United Kingdom,robert.martin1689@example.com,50398.61,14.67,Silver,False,False
CUST-00079,Michael Miller,Male,36,2021-08-20,Chicago,Canada,michael.miller79@example.com,65799.71,128.91,Bronze,False,False
CUST-01117,Michael Lopez,Male,25,2022-09-30,Houston,USA,michael.lopez1117@example.com,76503.58,178.67,Gold,False,False
CUST-02785,Charles Jackson,Female,48,2022-04-12,San Diego,USA,charles.jackson2785@example.com,53253.37,143.15,Gold,False,False
CUST-00695,Charles Williams,Male,32,2023-04-01,Dallas,Canada,charles.williams695@example.com,29061.34,99.25,Gold,False,False
CUST-02368,Joseph Jackson,Other,40,2023-05-30,Phoenix,USA,,97304.49,43.77,Bronze,False,False
CUST-02533,Joseph Hernandez,Male,44,2023-05-29,Dallas,Australia,joseph.hernandez2533@example.com,96463.22,220.83,Gold,False,False
CUST-02247,Lisa Miller,Female,36,2022-03-15,San Diego,Australia,lisa.miller2247@example.com,73771.05,6.71,Bronze,False,False
CUST-00818,Charles Wilson,Female,41,2024-11-28,Houston,USA,charles.wilson818@example.com,78343.37,120.34,Silver,False,False
CUST-00712,Susan Moore,Female,43,2021-06-04,Chicago,Australia,susan.moore712@example.com,91200.76,252.28,Bronze,False,False
CUST-02669,Charles Thomas,Male,34,2021-03-24,Houston,USA,charles.thomas2669@example.com,72311.28,161.41,Silver,False,False
CUST-01047,Charles Jones,Male,38,2021-06-06,San Diego,USA,charles.jones1047@example.com,43480.11,207.42,Gold,False,False
CUST-02487,Patricia Wilson,Female,42,2023-08-04,Austin,Australia,patricia.wilson2487@example.com,70645.21,23.71,Gold,False,False
CUST-00134,Linda Taylor,Female,55,2024-10-22,Chicago,United Kingdom,linda.taylor134@example.com,37012.73,175.25,Gold,False,False
CUST-00815,Karen Williams,,28,2022-02-18,San Diego,USA,karen.williams815@example.com,52974.31,114.37,Bronze,False,False
CUST-02695,Sarah Johnson,Male,46,2022-05-09,Austin,Canada,sarah.johnson2695@example.com,92426.63,241.52,Bronze,False,False
CUST-01771,Lisa Davis,Male,53,2024-07-02,Dallas,Australia,lisa.davis1771@example.com,71906.29,144.19,Gold,False,False
CUST-01566,Matthew Jackson,Male,49,2022-08-18,San Antonio,United Kingdom,matthew.jackson1566@example.com,90019.9,280.5,Silver,False,False
CUST-02911,Jennifer Miller,Female,27,,New York,Canada,jennifer.miller2911@example.com,45798.43,66.19,Silver,False,False
CUST-00900,Mary Martinez,Female,50,2021-07-26,Los Angeles,Canada,mary.martinez900@example.com,28770.55,88.18,Bronze,False,False
CUST-02456,James Gonzalez,Female,28,2022-06-13,Philadelphia,United Kingdom,james.gonzalez2456@example.com,19518.81,60.04,Gold,False,False
CUST-01030,Jennifer Moore,Male,55,2024-04-07,Chicago,United Kingdom,jennifer.moore1030@example.com,33214.83,114.91,Gold,False,False
CUST-02327,Linda Lopez,Male,34,2022-04-20,Phoenix,United Kingdom,linda.lopez2327@example.com,8313.82,77.65,Bronze,False,False
CUST-02843,Thomas Taylor,Female,28,2023-05-24,Philadelphia,Canada,thomas.taylor2843@example.com,16971.57,144.19,Silver,False,False
CUST-01340,Susan Hernandez,Other,33,2022-02-11,Dallas,United Kingdom,susan.hernandez1340@example.com,20044.38,9.15,Bronze,False,False
CUST-00116,Daniel Rodriguez,Male,52,2021-06-22,Houston,Canada,daniel.rodriguez116@example.com,47113.96,236.97,Silver,False,False
CUST-01233,James Brown,Other,48,2022-07-19,Chicago,United Kingdom,james.brown1233@example.com,109076.17,218.42,Silver,False,False
CUST-00597,Robert Brown,Female,48,2023-05-18,Houston,Canada,robert.brown597@example.com,49663.33,199.23,Bronze,False,False
CUST-02024,James Martinez,Female,34,2024-11-13,Phoenix,USA,james.martinez2024@example.com,77074.98,15.6,Bronze,False,False
CUST-01930,Richard Miller,Other,52,2021-07-09,Philadelphia,USA,richard.miller1930@example.com,76262.71,202.09,Silver,False,False
CUST-01358,Richard Anderson,Female,38,2023-05-06,Phoenix,Canada,richard.anderson1358@example.com,24916.96,211.0,Gold,False,False
CUST-00209,Lisa Davis,Male,45,2023-03-27,Los Angeles,Australia,lisa.davis209@example.com,47842.57,76.45,Gold,False,False
CUST-02767,James Williams,Female,42,2021-08-14,San Diego,Australia,,27336.91,196.73,Gold,False,False
CUST-02634,James Taylor,Female,29,2023-06-05,Dallas,United Kingdom,,61885.19,-109.93,Gold,True,True
CUST-01033,Nancy Johnson,Male,40,2023-05-22,Dallas,Canada,nancy.johnson1033@example.com,76103.75,191.45,Silver,False,False
CUST-01247,Betty Davis,Male,36,2021-11-07,New York,Australia,betty.davis1247@example.com,62121.88,327.43,Bronze,False,False
CUST-00469,Michael Jackson,Male,36,2024-08-30,San Antonio,United Kingdom,michael.jackson469@example.com,51220.77,82.88,Gold,False,False
CUST-00540,Matthew Davis,Male,21,2021-02-14,Los Angeles,Australia,matthew.davis540@example.com,68132.2,83.7,Silver,False,False
CUST-01540,Karen Gonzalez,Male,46,2021-08-05,Los Angeles,Canada,karen.gonzalez1540@example.com,91016.0,152.58,Gold,False,False
CUST-00836,Elizabeth Wilson,Male,53,2021-06-01,Dallas,United Kingdom,elizabeth.wilson836@example.com,51276.49,167.46,Silver,False,False
CUST-02577,Patricia Johnson,Female,16,2022-05-28,Philadelphia,USA,patricia.johnson2577@example.com,63335.7,217.13,Silver,False,False
CUST-01941,Sarah Johnson,Female,38,2023-01-06,Austin,Australia,sarah.johnson1941@example.com,35396.48,52.59,Bronze,False,False
CUST-00240,Charles Miller,Male,40,2022-06-21,Philadelphia,USA,charles.miller240@example.com,27598.97,144.19,Bronze,False,False
CUST-01578,Joseph Moore,Male,37,2024-06-20,Phoenix,USA,joseph.moore1578@example.com,69601.15,215.47,Gold,False,False
CUST-00689,Richard Johnson,Male,32,2024-07-30,Houston,USA,richard.johnson689@example.com,86134.1,8.64,Bronze,False,False
CUST-00242,Richard Anderson,Female,29,2023-03-22,Philadelphia,United Kingdom,richard.anderson242@example.com,79287.31,123.19,Bronze,False,False
CUST-02468,Betty Johnson,Male,29,2024-03-21,Austin,Canada,betty.johnson2468@example.com,92107.52,234.73,Silver,False,False
CUST-00264,Thomas Rodriguez,Female,16,2024-06-23,Philadelphia,Australia,thomas.rodriguez264@example.com,66917.45,82.2,Bronze,False,False
CUST-01939,Betty Smith,Male,67,2021-06-30,San Antonio,United Kingdom,betty.smith1939@example.com,65927.1,84.58,Bronze,False,False
CUST-01962,James Taylor,Female,38,2024-11-12,Dallas,United Kingdom,james.taylor1962@example.com,61885.76,124.39,Gold,False,False
CUST-02479,Charles Anderson,Female,29,2021-04-09,Chicago,United Kingdom,charles.anderson2479@example.com,36944.46,81.04,Gold,False,False
CUST-02251,Jennifer Hernandez,Male,32,2021-06-24,San Antonio,Australia,jennifer.hernandez2251@example.com,69031.48,206.86,Gold,False,False
CUST-02232,Daniel Davis,Male,31,2024-11-17,Houston,USA,daniel.davis2232@example.com,79631.26,280.67,Silver,False,False
CUST-01345,Sarah Jones,Female,40,2023-02-12,New York,USA,sarah.jones1345@example.com,27765.23,179.56,Gold,False,False
CUST-00178,Lisa Miller,Male,59,2024-01-05,Houston,Australia,lisa.miller178@example.com,61231.93,250.12,Silver,False,False
CUST-00937,Jessica Thomas,Male,69,2024-03-02,Austin,Canada,jessica.thomas937@example.com,59974.28,226.58,Silver,False,False
CUST-00307,James Garcia,Male,55,2023-12-30,Austin,USA,james.garcia307@example.com,38642.35,26.38,Silver,False,False
CUST-01013,Thomas Martinez,Male,16,2024-04-23,Philadelphia,Australia,thomas.martinez1013@example.com,33096.52,128.75,Gold,False,False
CUST-01226,Susan Williams,Female,42,2024-05-19,Dallas,United Kingdom,susan.williams1226@example.com,5000000.0,232.12,Silver,True,False
CUST-02207,Lisa Martinez,Other,62,2023-10-25,Houston,Canada,lisa.martinez2207@example.com,77107.27,38.47,Gold,False,False
CUST-00086,Patricia Jackson,Female,38,2021-03-04,San Diego,USA,patricia.jackson86@example.com,113560.64,85.45,Silver,False,False
CUST-01728,Elizabeth Garcia,Female,52,2023-11-03,Los Angeles,USA,elizabeth.garcia1728@example.com,54742.54,80.43,Gold,False,False
CUST-00154,John Rodriguez,Female,75,2021-09-28,Austin,United Kingdom,john.rodriguez154@example.com,51263.58,185.65,Silver,False,False
CUST-01430,Lisa Wilson,Male,16,2024-09-23,Philadelphia,Canada,lisa.wilson1430@example.com,61885.19,112.55,Bronze,False,False
CUST-01934,Linda Martin,Female,32,2022-12-08,Houston,United Kingdom,linda.martin1934@example.com,64438.53,83.29,Gold,False,False
CUST-02933,Linda Miller,Male,61,2022-09-01,Houston,United Kingdom,linda.miller2933@example.com,20280.75,120.98,Gold,False,False
CUST-02682,Sarah Garcia,Male,41,2021-04-22,Philadelphia,United Kingdom,sarah.garcia2682@example.com,37363.31,11.39,Bronze,False,False
CUST-02174,Betty Davis,Female,40,2022-09-07,Phoenix,United Kingdom,betty.davis2174@example.com,58794.87,38.19,Bronze,False,False
CUST-00523,Elizabeth Gonzalez,Female,52,2023-02-01,Austin,Australia,,61885.19,202.06,Bronze,False,False
CUST-01442,Richard Thomas,Male,33,2022-09-07,Chicago,Canada,richard.thomas1442@example.com,37774.39,73.8,Gold,False,False
CUST-01750,Nancy Brown,Female,44,2024-07-13,Houston,Australia,nancy.brown1750@example.com,43144.98,147.28,Bronze,False,False
CUST-01406,John Thomas,Female,16,2023-04-06,Los Angeles,Canada,john.thomas1406@example.com,33891.85,103.93,Gold,False,False
CUST-00824,Susan Rodriguez,Female,32,2021-12-31,San Antonio,Canada,susan.rodriguez824@example.com,83474.39,-29.67,Gold,False,True
CUST-02044,Richard Johnson,Male,33,2021-01-10,Los Angeles,USA,richard.johnson2044@example.com,31546.28,100.1,Bronze,False,False
CUST-00620,Michael Williams,Male,73,2023-05-21,Austin,Canada,,110637.3,83.01,Gold,False,False
CUST-00711,Susan Johnson,Female,38,2024-02-25,Houston,Canada,susan.johnson711@example.com,61315.23,155.88,Silver,False,False
CUST-01818,James Gonzalez,Male,41,2021-10-08,Houston,Canada,james.gonzalez1818@example.com,52439.87,59.12,Gold,False,False
CUST-00739,Charles Smith,Male,41,2024-11-05,Phoenix,USA,charles.smith739@example.com,16454.72,156.85,Gold,False,False
CUST-01502,Linda Williams,,51,2021-11-07,Phoenix,Canada,linda.williams1502@example.com,57383.1,241.13,Bronze,False,False
CUST-02402,Thomas Garcia,Male,24,2023-03-17,Chicago,Australia,thomas.garcia2402@example.com,41378.2,23.45,Silver,False,False
CUST-01054,Matthew Taylor,Female,33,2023-05-07,Philadelphia,Australia,matthew.taylor1054@example.com,68159.81,240.26,Bronze,False,False
CUST-02896,John Gonzalez,Male,54,2024-09-17,Phoenix,United Kingdom,john.gonzalez2896@example.com,71591.8,13.17,Gold,False,False
CUST-01460,Michael Lopez,Male,35,2022-03-27,Chicago,USA,michael.lopez1460@example.com,47370.03,121.75,Silver,False,False
CUST-00967,Robert Jones,Male,58,2022-10-23,San Diego,USA,robert.jones967@example.com,31350.93,121.2,Bronze,False,False
CUST-00524,Thomas Miller,Female,60,2022-05-13,San Diego,United Kingdom,thomas.miller524@example.com,98489.53,183.21,Gold,False,False
CUST-00907,Sarah Johnson,Male,38,2024-09-27,Los Angeles,United Kingdom,sarah.johnson907@example.com,83118.28,238.75,Silver,False,False
CUST-01723,James Anderson,Other,33,,Houston,USA,james.anderson1723@example.com,79297.79,228.77,Gold,False,False
CUST-00286,Jennifer Brown,Female,51,2022-11-18,San Diego,Australia,jennifer.brown286@example.com,91462.02,200.83,Bronze,False,False
CUST-02786,Matthew Moore,Other,41,2024-05-17,San Antonio,Australia,matthew.moore@@example..com,30565.96,293.97,Silver,False,False
CUST-00779,Charles Johnson,Female,53,2021-11-17,Houston,USA,charles.johnson779@example.com,57439.84,206.13,Bronze,False,False
CUST-02532,Linda Brown,Male,36,2022-03-29,San Diego,Australia,linda.brown2532@example.com,61885.19,159.42,Silver,False,False
CUST-02885,Richard Lopez,Male,53,2021-12-24,Dallas,Australia,richard.lopez2885@example.com,30559.28,24.44,Gold,False,False
CUST-00376,Daniel Smith,Male,65,2021-07-07,Austin,USA,daniel.smith376@example.com,65347.02,196.92,Gold,False,False
CUST-00842,Linda Hernandez,Female,40,2021-01-26,Philadelphia,Australia,linda.hernandez842@example.com,65210.08,179.51,Gold,False,False
CUST-00299,Matthew Wilson,Female,20,2021-02-08,New York,USA,,60736.12,144.43,Bronze,False,False
CUST-00827,Nancy Lopez,Female,37,2023-09-27,Los Angeles,Australia,nancy.lopez827@example.com,68180.86,26.99,Bronze,False,False
CUST-01273,William Moore,Female,37,2023-12-12,Austin,United Kingdom,william.moore1273@example.com,61885.19,52.89,Gold,False,False
CUST-02994,Robert Brown,Male,38,2021-08-31,Los Angeles,Australia,robert.brown2994@example.com,37337.8,141.87,Gold,False,False
CUST-02947,Betty Wilson,Male,64,2024-03-05,Austin,Canada,betty.wilson2947@example.com,78430.07,59.86,Bronze,False,False
CUST-00306,Mary Gonzalez,Female,18,2024-05-09,Dallas,Canada,,98370.57,156.59,Gold,False,False
CUST-02902,Patricia Gonzalez,Male,44,2023-03-01,New York,Canada,patricia.gonzalez2902@example.com,61576.01,147.73,Bronze,False,False
CUST-01044,Richard Lopez,Male,40,2021-03-04,Philadelphia,United Kingdom,richard.lopez1044@example.com,94485.81,67.66,Bronze,False,False
CUST-00044,William Miller,Male,68,2022-02-12,Houston,Canada,william.miller44@example.com,66776.09,281.59,Silver,False,False
CUST-02170,Mary Jones,Female,34,2022-12-10,Houston,Canada,mary.jones2170@example.com,69868.85,61.95,Silver,False,False
CUST-02021,James Lopez,Female,25,2023-04-09,San Antonio,Australia,james.lopez2021@example.com,59203.42,14.69,Gold,False,False
CUST-01570,Richard Wilson,Female,75,,San Antonio,United Kingdom,richard.wilson@@example..com,37866.96,148.74,Gold,False,False
CUST-01068,Charles Thomas,,34,2022-10-14,Philadelphia,United Kingdom,charles.thomas1068@example.com,60491.56,8.95,Gold,False,False
CUST-02763,Linda Brown,Female,47,2023-10-16,San Diego,USA,linda.brown2763@example.com,62787.03,92.9,Gold,False,False
CUST-01650,Matthew Garcia,Male,59,2023-09-13,Austin,USA,matthew.garcia1650@example.com,67188.6,148.32,Bronze,False,False
CUST-02745,Jennifer Jones,Female,56,2021-07-14,Austin,Australia,jennifer.jones2745@example.com,60266.11,235.81,Silver,False,False
CUST-01580,William Smith,Male,28,2021-03-21,San Antonio,USA,william.smith1580@example.com,65163.19,185.98,Silver,False,False
CUST-01957,Jessica Jackson,Male,52,2022-01-15,Houston,Canada,jessica.jackson1957@example.com,62836.25,128.96,Bronze,False,False
CUST-02622,John Hernandez,Male,16,2022-01-21,Chicago,United Kingdom,john.hernandez2622@example.com,89804.1,238.17,Silver,False,False
CUST-01624,Betty Thomas,Male,44,2021-06-11,San Antonio,Australia,betty.thomas1624@example.com,72103.25,243.91,Gold,False,False
CUST-00657,Joseph Thomas,Female,38,2021-10-09,Chicago,USA,joseph.thomas657@example.com,54600.83,124.81,Gold,False,False
CUST-01251,Karen Miller,Male,16,2023-07-21,Dallas,United Kingdom,karen.miller1251@example.com,25020.57,143.39,Silver,False,False
CUST-02519,Jessica Gonzalez,Female,64,2024-03-01,New York,Australia,jessica.gonzalez2519@example.com,37451.34,127.95,Gold,False,False
CUST-02340,Jennifer Smith,Male,38,2024-08-12,Philadelphia,Canada,jennifer.smith2340@example.com,77350.37,391.37,Gold,True,False
CUST-00699,Betty Garcia,Male,66,2023-07-16,Philadelphia,Canada,betty.garcia699@example.com,57441.25,150.34,Bronze,False,False
CUST-02672,Karen Jackson,Other,38,,Chicago,Canada,karen.jackson2672@example.com,85707.97,95.94,Gold,False,False
CUST-00034,Robert Williams,Male,30,2023-01-22,Philadelphia,USA,robert.williams34@example.com,61885.19,144.19,Gold,False,False
CUST-00686,James Taylor,Male,56,2022-04-22,Phoenix,United Kingdom,james.taylor686@example.com,41593.69,178.44,Bronze,False,False
CUST-02987,Matthew Miller,Female,29,2023-07-10,San Antonio,Canada,matthew.miller2987@example.com,23408.15,147.12,Gold,False,False
CUST-01160,Joseph Jackson,Female,59,2021-10-03,Houston,Canada,joseph.jackson1160@example.com,45901.43,158.15,Gold,False,False
CUST-01490,Sarah Lopez,Male,46,2024-12-27,San Antonio,Australia,sarah.lopez1490@example.com,54689.14,56.74,Gold,False,False
CUST-02274,John Jackson,Female,34,2022-05-07,San Antonio,Australia,john.jackson2274@example.com,69713.34,144.96,Gold,False,False
CUST-01215,Jennifer Johnson,Male,47,2023-06-01,Los Angeles,Canada,jennifer.johnson1215@example.com,79682.16,111.86,Gold,False,False
CUST-01764,Michael Rodriguez,Female,62,2024-04-17,San Diego,Canada,michael.rodriguez1764@example.com,46008.97,168.24,Gold,False,False
CUST-00023,Linda Miller,Male,63,2023-06-12,Houston,Australia,linda.miller23@example.com,61885.19,220.98,Gold,False,False
CUST-00244,Mary Miller,Male,16,2021-05-09,Austin,Canada,mary.miller244@example.com,85449.89,175.81,Silver,False,False
CUST-02315,James Moore,Female,30,2024-01-21,Phoenix,Australia,james.moore2315@example.com,99754.51,301.35,Gold,False,False
CUST-00886,Patricia Brown,Male,41,2023-04-16,San Diego,Australia,patricia.brown886@example.com,74729.48,145.81,Bronze,False,False
CUST-02835,John Williams,Other,33,2022-01-04,Philadelphia,Canada,john.williams2835@example.com,36763.03,100.65,Gold,False,False
CUST-00945,Charles Miller,Female,37,2021-03-10,New York,Canada,charles.miller945@example.com,61979.44,144.19,Gold,False,False
CUST-01073,Joseph Smith,Male,61,2021-06-01,Phoenix,USA,joseph.smith1073@example.com,51701.81,85.02,Silver,False,False
CUST-02858,David Gonzalez,Male,54,2023-04-16,Los Angeles,Australia,david.gonzalez2858@example.com,41290.97,102.57,Gold,False,False
CUST-02071,Mary Garcia,Female,45,2021-09-24,Houston,United Kingdom,mary.garcia2071@example.com,54976.47,184.02,Gold,False,False
CUST-01420,Sarah Jones,Female,40,2023-06-29,Dallas,Australia,sarah.jones1420@example.com,65489.21,84.86,Gold,False,False
CUST-02512,Susan Wilson,Female,40,2024-04-30,Dallas,United Kingdom,,57681.24,49.36,Silver,False,False
CUST-01357,Michael Rodriguez,Male,38,2021-03-27,Los Angeles,USA,michael.rodriguez1357@example.com,51530.29,278.94,Gold,False,False
CUST-02801,Linda Gonzalez,Female,75,,Dallas,Canada,linda.gonzalez2801@example.com,71277.34,199.22,Silver,False,False
CUST-02776,Elizabeth Williams,Other,37,2023-01-03,Phoenix,Canada,elizabeth.williams2776@example.com,55268.39,34.2,Gold,False,False
CUST-01492,Patricia Jones,Female,37,2021-04-24,Houston,Canada,patricia.jones1492@example.com,48348.28,63.91,Gold,False,False
CUST-00854,Michael Garcia,Female,48,2021-03-14,San Diego,Canada,michael.garcia854@example.com,9483.82,152.09,Silver,False,False
CUST-02705,John Johnson,Other,67,2024-09-07,New York,Canada,john.johnson2705@example.com,67326.68,233.47,Silver,False,False
CUST-02913,Betty Garcia,Female,16,2022-08-20,Austin,United Kingdom,betty.garcia2913@example.com,43734.45,215.9,Silver,False,False
CUST-02518,Joseph Gonzalez,Male,38,2023-11-04,San Antonio,Canada,joseph.gonzalez2518@example.com,17612.62,171.21,Silver,False,False
CUST-01747,Michael Garcia,Other,61,2023-06-30,San Antonio,Canada,michael.garcia1747@example.com,34798.96,229.94,Gold,False,False
CUST-00983,Thomas Thomas,Male,43,2024-02-18,San Antonio,Canada,thomas.thomas983@example.com,55507.6,297.19,Silver,False,False
CUST-02029,Patricia Garcia,Female,32,2021-03-31,Chicago,Canada,patricia.garcia2029@example.com,70906.1,220.7,Gold,False,False
CUST-02040,Betty Moore,Male,30,2021-12-04,San Diego,United Kingdom,betty.moore2040@example.com,59112.79,258.53,Silver,False,False
CUST-02210,Susan Anderson,Other,56,2022-11-07,Chicago,Canada,susan.anderson2210@example.com,79842.77,8.31,Bronze,False,False
CUST-01399,Susan Jackson,Female,31,2022-06-23,Los Angeles,Australia,susan.jackson1399@example.com,59393.57,85.48,Bronze,False,False
CUST-01895,Jessica Martin,Male,47,2021-08-29,Los Angeles,United Kingdom,jessica.martin1895@example.com,5000000.0,41.38,Bronze,True,False
CUST-02946,Susan Lopez,Male,40,,Austin,Australia,susan.lopez2946@example.com,58454.63,160.56,Gold,False,False
CUST-01089,Sarah Garcia,Male,52,2022-06-26,New York,Australia,sarah.garcia1089@example.com,57888.23,101.71,Silver,False,False
CUST-00929,Robert Martin,Female,41,2022-09-16,Austin,United Kingdom,robert.martin929@example.com,74656.98,122.81,Bronze,False,False
CUST-00860,Jessica Brown,Male,22,,Houston,United Kingdom,jessica.brown860@example.com,107814.99,241.62,Gold,False,False
CUST-01694,Daniel Taylor,Female,28,2021-06-19,San Diego,USA,daniel.taylor1694@example.com,83990.61,278.58,Bronze,False,False
CUST-01228,Linda Lopez,Female,36,2023-04-25,San Diego,Australia,,98310.43,153.9,Gold,False,False
CUST-02575,David Lopez,Female,37,2023-09-07,Phoenix,Australia,david.lopez2575@example.com,66707.17,67.76,Gold,False,False
CUST-01849,Mary Taylor,Male,69,2024-04-13,New York,USA,mary.taylor1849@example.com,101354.75,-150.23,Bronze,True,True
CUST-01707,Joseph Moore,Female,30,,Phoenix,USA,joseph.moore1707@example.com,33166.64,129.71,Gold,False,False
CUST-00997,Jennifer Lopez,Female,28,2023-07-03,Philadelphia,Canada,,61885.19,45.92,Bronze,False,False
CUST-00145,Elizabeth Brown,Female,43,2023-03-04,Chicago,USA,elizabeth.brown145@example.com,63140.95,208.01,Bronze,False,False
CUST-01249,Betty Wilson,Female,43,2022-07-21,Philadelphia,Australia,betty.wilson1249@example.com,54434.88,158.97,Gold,False,False
CUST-02737,Jennifer Wilson,Male,24,2022-07-29,Dallas,United Kingdom,jennifer.wilson2737@example.com,22974.43,102.09,Bronze,False,False
CUST-01522,Karen Brown,Male,36,2023-09-01,Philadelphia,Australia,karen.brown1522@example.com,61885.19,73.78,Silver,False,False
CUST-02355,Matthew Jackson,Other,27,2024-12-25,San Antonio,USA,matthew.jackson2355@example.com,53658.82,127.12,Gold,False,False
CUST-02731,Jennifer Jones,Other,68,2023-10-20,San Antonio,United Kingdom,jennifer.jones2731@example.com,37775.89,130.12,Gold,False,False
CUST-02218,Mary Rodriguez,Female,56,2024-08-26,Austin,USA,mary.rodriguez2218@example.com,82859.46,11.35,Gold,False,False
CUST-01684,Patricia Miller,Male,41,2023-03-08,Phoenix,Australia,patricia.miller1684@example.com,61885.19,-184.24,Gold,True,True
CUST-00355,Patricia Taylor,Female,46,2021-05-15,Austin,Canada,patricia.taylor355@example.com,32854.86,28.15,Gold,False,False
CUST-02483,Nancy Rodriguez,Male,36,2024-04-26,New York,Canada,nancy.rodriguez2483@example.com,44210.41,181.38,Gold,False,False
CUST-00414,Nancy Taylor,Female,44,2023-10-08,New York,United Kingdom,nancy.taylor414@example.com,45453.51,161.25,Silver,False,False
CUST-00963,Michael Jones,Male,28,2021-02-26,Phoenix,Australia,michael.jones963@example.com,46896.51,192.99,Silver,False,False
CUST-00231,Linda Wilson,Male,43,2022-03-27,Houston,United Kingdom,linda.wilson231@example.com,74143.47,91.88,Silver,False,False
CUST-00241,Betty Lopez,Male,52,2021-09-07,Los Angeles,USA,betty.lopez241@example.com,34784.55,128.99,Gold,False,False
CUST-02448,Mary Martin,Female,37,2022-08-27,New York,Canada,mary.martin@@example..com,61485.83,0.7,Gold,False,False
CUST-01651,Thomas Davis,Male,51,2022-10-23,Phoenix,USA,thomas.davis1651@example.com,63483.24,114.24,Silver,False,False
CUST-02254,Matthew Miller,Male,26,2021-02-05,San Diego,Australia,matthew.miller2254@example.com,60483.85,340.61,Bronze,False,False
CUST-01006,Sarah Martin,Male,58,2024-06-17,Phoenix,Australia,sarah.martin1006@example.com,21894.23,73.18,Gold,False,False
CUST-00291,Sarah Jones,Other,52,2024-06-27,San Diego,USA,sarah.jones291@example.com,81935.69,135.07,Silver,False,False
CUST-00002,Thomas Thomas,Female,38,2021-02-11,Chicago,USA,thomas.thomas2@example.com,47918.12,71.74,Bronze,False,False
CUST-01985,Susan Gonzalez,Male,47,2022-05-13,Houston,Canada,susan.gonzalez1985@example.com,50438.29,35.94,Silver,False,False
CUST-00329,Michael Garcia,Female,32,2024-01-03,Austin,Australia,michael.garcia329@example.com,28250.53,46.86,Silver,False,False
CUST-00927,David Williams,Male,41,2021-10-18,Philadelphia,Canada,david.williams927@example.com,74813.95,57.59,Silver,False,False
CUST-02452,Patricia Brown,Male,23,2023-05-21,Los Angeles,United Kingdom,patricia.brown2452@example.com,64036.77,85.31,Silver,False,False
CUST-01561,James Martinez,,62,2022-04-14,Los Angeles,Australia,james.martinez1561@example.com,56947.95,205.27,Silver,False,False
CUST-00262,Karen Wilson,Female,50,2022-02-02,Los Angeles,United Kingdom,karen.wilson262@example.com,85581.86,154.02,Silver,False,False
CUST-00389,William Williams,Female,26,2024-10-21,Houston,Canada,william.williams389@example.com,71429.49,127.41,Gold,False,False
CUST-02489,Richard Jackson,Male,47,2024-02-06,Philadelphia,United Kingdom,richard.jackson2489@example.com,96386.74,125.68,Gold,False,False
CUST-00843,Joseph Smith,Male,32,2021-08-13,New York,Australia,joseph.smith843@example.com,38763.16,195.46,Silver,False,False
CUST-00641,Mary Johnson,Male,40,2022-01-24,Phoenix,Australia,mary.johnson641@example.com,40960.8,145.79,Silver,False,False
CUST-02235,Richard Miller,Other,33,2022-03-30,Houston,Canada,richard.miller2235@example.com,48707.85,269.35,Bronze,False,False
CUST-01077,William Lopez,Female,33,2024-04-10,Los Angeles,United Kingdom,william.lopez1077@example.com,70116.42,135.81,Silver,False,False
CUST-02404,Michael Smith,Female,30,2024-02-28,New York,United Kingdom,michael.smith2404@example.com,49509.76,63.58,Gold,False,False
CUST-02294,Karen Martin,Female,23,2022-10-15,Dallas,Canada,karen.martin2294@example.com,61885.19,209.35,Silver,False,False
CUST-02821,David Jones,Female,23,2024-02-27,Chicago,United Kingdom,david.jones2821@example.com,70918.08,84.94,Silver,False,False
CUST-00435,Lisa Taylor,Male,23,2022-11-10,Philadelphia,USA,lisa.taylor435@example.com,48088.24,170.18,Gold,False,False
CUST-02231,Lisa Anderson,Male,54,2022-01-10,New York,Australia,,34979.55,378.2,Bronze,True,False
CUST-02107,Mary Moore,Other,61,2024-11-22,Austin,United Kingdom,mary.moore2107@example.com,61557.87,162.01,Gold,False,False
CUST-00444,David Thomas,Female,40,2023-04-10,Chicago,Australia,david.thomas444@example.com,30439.08,137.29,Gold,False,False
CUST-02409,Sarah Wilson,Male,16,2023-04-09,Los Angeles,United Kingdom,sarah.wilson2409@example.com,45840.85,294.62,Silver,False,False
CUST-00960,Elizabeth Miller,Female,46,2021-07-18,Los Angeles,United Kingdom,elizabeth.miller960@example.com,110465.28,159.53,Silver,False,False
CUST-02098,Sarah Wilson,Female,37,2021-01-07,Los Angeles,USA,sarah.wilson2098@example.com,54409.02,120.38,Bronze,False,False
CUST-01337,Thomas Gonzalez,Male,21,2022-04-27,Phoenix,Australia,thomas.gonzalez1337@example.com,88793.58,-220.85,Silver,True,True
CUST-01511,Richard Smith,Female,43,2022-09-15,Houston,United Kingdom,richard.smith1511@example.com,87711.32,308.06,Silver,False,False
CUST-02982,Patricia Hernandez,Male,29,,Philadelphia,USA,patricia.hernandez2982@example.com,76604.85,117.75,Gold,False,False
CUST-00396,Patricia Martinez,Male,38,2024-05-06,Los Angeles,Canada,patricia.martinez396@example.com,42645.81,154.03,Bronze,False,False
CUST-02788,Sarah Taylor,Female,41,2021-02-17,San Diego,United Kingdom,sarah.taylor2788@example.com,39085.09,220.8,Bronze,False,False
CUST-02178,Jennifer Wilson,Male,32,2023-04-11,Austin,USA,jennifer.wilson2178@example.com,47624.73,185.85,Silver,False,False
CUST-02263,Robert Smith,Other,40,2023-08-16,Austin,United Kingdom,robert.smith2263@example.com,73113.53,144.19,Bronze,False,False
CUST-02323,Joseph Anderson,Female,38,2023-11-09,Philadelphia,Canada,joseph.anderson2323@example.com,48336.15,162.79,Bronze,False,False
CUST-02681,William Davis,Female,45,2021-08-04,New York,United Kingdom,william.davis2681@example.com,51327.7,185.57,Bronze,False,False
CUST-02941,Mary Smith,Male,38,2024-04-03,Los Angeles,United Kingdom,,46493.24,157.86,Bronze,False,False
CUST-02283,Matthew Gonzalez,Female,80,2021-10-06,Dallas,Australia,matthew.gonzalez2283@example.com,89028.83,122.51,Gold,True,False
CUST-00831,Susan Hernandez,Male,17,2022-10-16,Dallas,USA,susan.hernandez831@example.com,61885.19,144.19,Gold,False,False
CUST-00953,Betty Hernandez,Male,52,2024-05-21,San Antonio,USA,betty.hernandez953@example.com,95859.2,55.31,Silver,False,False
CUST-02521,Sarah Johnson,Female,63,2022-02-24,San Antonio,United Kingdom,,48070.69,195.85,Bronze,False,False
CUST-00239,Nancy Smith,,38,2023-10-05,Phoenix,Australia,nancy.smith239@example.com,67878.26,228.31,Gold,False,False
CUST-00957,Karen Garcia,Female,47,2021-09-30,Houston,Canada,karen.garcia957@example.com,54268.24,98.79,Gold,False,False
CUST-02782,Sarah Jones,Female,50,2021-06-01,San Antonio,Australia,sarah.jones2782@example.com,33567.32,29.28,Bronze,False,False
CUST-02396,Thomas Lopez,Female,63,2024-09-17,Phoenix,Canada,thomas.lopez2396@example.com,61885.19,103.8,Gold,False,False
CUST-01654,Jessica Anderson,Male,47,2021-02-10,Los Angeles,Canada,jessica.anderson1654@example.com,62211.02,126.6,Gold,False,False
CUST-02290,Joseph Johnson,Female,46,2024-02-14,Dallas,Australia,joseph.johnson2290@example.com,61885.19,226.07,Silver,False,False
CUST-01321,Nancy Jackson,Female,37,2024-12-30,Chicago,Canada,nancy.jackson1321@example.com,60044.29,203.37,Gold,False,False
CUST-02620,Lisa Taylor,Male,43,2024-04-04,New York,USA,lisa.taylor2620@example.com,106029.2,79.75,Bronze,False,False
CUST-00437,Mary Miller,Male,44,2021-07-29,New York,Australia,mary.miller437@example.com,60425.38,269.64,Gold,False,False
CUST-01559,Michael Jones,Male,16,2024-02-26,Dallas,USA,michael.jones1559@example.com,113546.44,-101.88,Bronze,True,True
CUST-00578,Lisa Moore,Female,40,2024-07-29,San Diego,United Kingdom,lisa.moore578@example.com,64433.15,180.52,Bronze,False,False
CUST-01150,Susan Brown,Male,67,2022-03-06,New York,Canada,susan.brown1150@example.com,83324.56,252.57,Silver,False,False
CUST-00919,Elizabeth Rodriguez,Female,75,2024-03-11,Phoenix,USA,elizabeth.rodriguez919@example.com,51551.92,76.8,Bronze,False,False
CUST-01788,Betty Garcia,Male,26,2024-08-09,Houston,United Kingdom,betty.garcia1788@example.com,51279.17,143.77,Silver,False,False
CUST-02105,Charles Gonzalez,Female,52,2022-07-16,Chicago,United Kingdom,charles.gonzalez2105@example.com,60230.51,161.51,Gold,False,False
CUST-00502,Susan Jackson,Male,44,2022-12-04,New York,United Kingdom,susan.jackson502@example.com,54599.13,246.73,Silver,False,False
CUST-02687,Jennifer Hernandez,Female,38,2024-02-26,San Diego,Canada,jennifer.hernandez@@example..com,92972.82,148.32,Bronze,False,False
CUST-00349,Patricia Wilson,Male,54,2022-07-27,New York,United Kingdom,patricia.wilson349@example.com,40045.71,350.3,Gold,False,False
CUST-00383,Lisa Thomas,Male,25,2023-02-28,San Antonio,Australia,lisa.thomas383@example.com,68962.54,59.82,Bronze,False,False
