CustomerID,Name,Gender,Age,SignupDate,City,Country,Email,AnnualIncome,PurchaseAmount,LoyaltyTier
CUST-00545,Thomas Smith,MALE,61.0,"October 19, 2024",HOUSTON,Australia,thomas.smith545@example.com,"$92,634.21",123.08,Gold
2609,Thomas Martinez,m ,,04/08/2024,  Philadelphia  ,USA,thomas.martinez2609@example.com,,161.86,BRONZE
1468,Betty Martin,Female,40.0,27/04/2022,San Diego,USA,betty.martin1468@example.com,"$38,843.33",180.8,Gold
 CUST-01965 ,James Brown,female,40.0,07/01/2021,Dallas,Canada,james.brown1965@example.com,"$73,680.31",42.6,Gold
 CUST-01802 ,Jessica Thomas,female,51.0,05/01/2023,phoenix,United Kingdom,jessica.thomas1802@example.com,"$52,232.12",59.01,gold
931,Robert Moore,female,20.0,2022-01-02,Philadelphia,USA,robert.moore931@example.com,"$20,702.83",,silver
CUST-01254,Linda Anderson,male,52.0,04/03/2021,Philadelphia,Australia,linda.anderson1254@example.com,"$51,673.93",135.61,bronze
CUST-00970,Robert Wilson, Male,67.0,07-Jun-2023,Dallas,USA,robert.wilson970@example.com,"$52,144.07",272.37,GOLD
CUST-00073,Linda Smith, Male,59.0,04-Nov-2024,Philadelphia,United Kingdom,linda.smith73@example.com,"$59,243.76",52.48,Gold
CUST-02392,Robert Wilson, Female,24.0,,san antonio,Australia,,,187.5,SILVER
CUST-01087,Betty Brown,FEMALE,42.0,21-May-2022,San Antonio,Canada,betty.brown1087@example.com,"$49,093.56",60.55,gold
CUST-02389,Thomas Johnson,female,29.0,04/19/2021,San Antonio,Australia,thomas.johnson2389@example.com,"$84,453.19",170.04,SILVER
 CUST-02922 ,Nancy Wilson, Female,32.0,2024-12-19,philadelphia,United Kingdom,nancy.wilson2922@example.com,"$78,407.14",,silver
CUST-02406,Jessica Hernandez,Male,31.0,2022-12-20,PHILADELPHIA,Canada,jessica.hernandez2406@example.com,,168.15,
CUST-01393,Michael Jones,female,41.0,"April 20, 2022",PHILADELPHIA,Canada,michael.jones1393@example.com,"$79,577.00",187.36,Bronze
CUST-00019,William Smith,m ,52.0,26-Jul-2021,Phoenix,Australia,william.smith19@example.com,"$50,168.59",32.52,Silver
2455,Charles Brown,female,43.0,18-Mar-2023,AUSTIN,Canada,charles.brown2455@example.com,"$31,527.30",136.0,Bronze
CUST-02524,Lisa Wilson,FEMALE,44.0,10/01/2023,Los Angeles,USA,lisa.wilson2524@example.com,"$102,939.41",298.43,gold
CUST-02104,Jennifer Thomas,Female,42.0,2024-06-25,Chicago,Canada,jennifer.thomas2104@example.com,"$88,803.39",255.29,SILVER
CUST-01060,Nancy Anderson,m ,46.0,08/20/2023,San Antonio,Australia,nancy.anderson1060@example.com,"$65,236.33",139.86,Silver
CUST-02637,Betty Brown, Male,24.0,02/03/2023,DALLAS,Canada,betty.brown2637@example.com,"$28,856.90",88.51,Gold
CUST-00579,Jessica Anderson,female,68.0,2023-02-20,San Diego,Australia,jessica.anderson579@example.com,"$84,436.52",229.56,bronze
CUST-00965,Jessica Johnson,MALE,46.0,2022-05-11,CHICAGO,United Kingdom,jessica.johnson965@example.com,"$25,005.03",183.63,Gold
CUST-02675,Robert Anderson,FEMALE,31.0,25/02/2022,Chicago,Australia,robert.anderson2675@example.com,"$17,338.68",237.76,Bronze
CUST-00630,Mary Taylor,FEMALE,,"February 20, 2022",Philadelphia,USA,mary.taylor630@example.com,"$69,832.98",142.82,gold
CUST-02869,Mary Martin,Female,54.0,12/05/2021,Chicago,Australia,mary.martin2869@example.com,"$62,498.81",123.06,gold
CUST-01528,Susan Miller,female,,02/06/2021,Houston,Australia,susan.miller1528@example.com,"$71,909.98",15.12,BRONZE
CUST-02971,Karen Taylor,MALE,41.0,30-Jul-2022,Los Angeles,USA,karen.taylor2971@example.com,"$82,946.68",169.52,Gold
CUST-00287,John Hernandez,Female,41.0,07-Feb-2024,Austin,Canada,john.hernandez287@example.com,"$69,580.47",209.97,bronze
CUST-02561,Jennifer Martin,m ,57.0,19/03/2023,Houston,USA,jennifer.martin2561@example.com,"$64,062.42",149.98,BRONZE
 CUST-00791 ,Elizabeth Taylor,other,28.0,14/09/2022,  Austin  ,United Kingdom,elizabeth.taylor@@example..com,,63.34,GOLD
CUST-01900,James Hernandez, Male,16.0,2022-11-12,philadelphia,USA,james.hernandez1900@example.com,"$52,420.47",174.3,
CUST-00279,Jennifer Smith,FEMALE,47.0,"January 29, 2023",Chicago,United Kingdom,jennifer.smith279@example.com,"$54,023.80",225.75,SILVER
CUST-00676,Robert Lopez, Male,45.0,2021-05-20,DALLAS,USA,robert.lopez676@example.com,"$78,521.01",0.71,BRONZE
CUST-00701,Richard Lopez,male,17.0,04/17/2021,New York,USA,richard.lopez701@example.com,"$35,200.79",190.69,Silver
 CUST-00334 ,Susan Taylor, Female,27.0,26/11/2023,Houston,Australia,susan.taylor334@example.com,"$83,591.84",101.62,BRONZE
1157,Robert Moore, Female,40.0,12/10/2024,Chicago,United Kingdom,robert.moore1157@example.com,"$41,150.81",166.04,gold
CUST-00311,Nancy Martin,F,32.0,,San Diego,Australia,nancy.martin311@example.com,"$68,152.04",131.93,gold
105,Matthew Martinez,Female,47.0,2023-07-22,Houston,USA,matthew.martinez105@example.com,"$86,794.76",198.37,BRONZE
2559,Charles Martinez,MALE,52.0,02/11/2023,Los Angeles,USA,charles.martinez2559@example.com,"$68,511.36",176.42,gold
 CUST-02473 ,Linda Hernandez,female,0.0,12/31/2021,los angeles,Australia,linda.hernandez2473@example.com,"$94,944.76",218.86,BRONZE
CUST-01520,Elizabeth Williams,f ,20.0,12/09/2021,Dallas,Canada,elizabeth.williams1520@example.com,"$75,810.93",67.15,Gold
CUST-01782,Daniel Jones,male,39.0,"February 28, 2024",San Antonio,United Kingdom,daniel.jones1782@example.com,"$79,491.53",132.25,BRONZE
 CUST-02310 ,James Davis,f ,29.0,2022-12-12,  Philadelphia  ,Canada,james.davis2310@example.com,"$66,136.46",105.59,bronze
 CUST-02122 ,Sarah Lopez,F,55.0,21/04/2021,Philadelphia,Canada,sarah.lopez2122@example.com,"$69,161.19",250.01,Bronze
CUST-00596,Nancy Rodriguez,female,40.0,01-Nov-2023,  San Antonio  ,Canada,nancy.rodriguez596@example.com,"$52,391.46",27.2,GOLD
 CUST-01080 ,Nancy Taylor,FEMALE,29.0,2024-08-19,San Antonio,Australia,nancy.taylor1080@example.com,"$60,382.37",95.64,BRONZE
CUST-00662,Sarah Martin, Male,40.0,31-Dec-2023,PHOENIX,United Kingdom,sarah.martin662@example.com,"$68,322.66",57.75,BRONZE
 CUST-00485 ,William Anderson,male,36.0,02-Mar-2023,San Antonio,Canada,william.anderson485@example.com,"$78,843.25",194.01,GOLD
 CUST-01698 ,William Williams, Female,16.0,06/13/2023,CHICAGO,Canada,william.williams1698@example.com,"$54,815.23",188.43,BRONZE
 CUST-02698 ,Robert Taylor,male,16.0,11/01/2021,San Antonio,United Kingdom,robert.taylor2698@example.com,"$88,616.73",121.32,gold
CUST-00181,William Garcia, Male,34.0,02-Mar-2022,  Austin  ,Canada,william.garcia181@example.com,"$67,421.48",162.12,Bronze
1507,Lisa Hernandez,F,57.0,"August 01, 2024",Phoenix,Canada,lisa.hernandez1507@example.com,"$70,510.23",217.72,silver
CUST-00631,Robert Wilson, Male,46.0,04/22/2023,Philadelphia,USA,robert.wilson631@example.com,"$55,222.15",38.82,Bronze
CUST-01960,Nancy Smith, Female,30.0,14-Feb-2023,Phoenix,USA,nancy.smith1960@example.com,"$56,011.96",124.96,
CUST-01970,Jessica Martinez, Male,37.0,11/24/2024,Chicago,United Kingdom,jessica.martinez1970@example.com,"$26,542.13",196.42,BRONZE
634,Jennifer Brown,M,44.0,2024-04-27,San Diego,Canada,jennifer.brown634@example.com,"$59,775.05",-179.97,Bronze
681,Daniel Gonzalez, Male,22.0,2023-09-08,Dallas,United Kingdom,daniel.gonzalez681@example.com,"$76,848.67",265.27,
CUST-02879,Sarah Martin,MALE,38.0,12/06/2021,chicago,Canada,sarah.martin2879@example.com,"$48,316.11",150.06,SILVER
CUST-01170,Linda Moore,Male,37.0,"July 02, 2023",Austin,USA,linda.moore1170@example.com,"$56,306.47",137.29,
 CUST-01519 ,Karen Miller,MALE,53.0,12/16/2022,  Los Angeles  ,USA,karen.miller1519@example.com,"$55,973.85",62.99,gold
CUST-02723,David Lopez, Male,61.0,2024-11-26,San Antonio,United Kingdom,david.lopez2723@example.com,"$71,149.06",20.98,
CUST-00618,Joseph Garcia,f ,27.0,"September 21, 2021",PHOENIX,United Kingdom,joseph.garcia618@example.com,"$39,082.20",188.44,Gold
 CUST-02043 ,Nancy Smith,FEMALE,53.0,09-Jan-2023,San Antonio,United Kingdom,nancy.smith2043@example.com,"$70,949.59",125.51,BRONZE
CUST-00942,Mary Miller,Female,53.0,17-Apr-2022,Austin,Australia,mary.miller942@example.com,"$64,473.05",85.22,Silver
CUST-01144,Jennifer Lopez,male,72.0,09/06/2024,San Diego,USA,jennifer.lopez1144@example.com,"$64,073.86",133.2,SILVER
CUST-00885,Jessica Gonzalez,F,47.0,"May 01, 2023",new york,Australia,jessica.gonzalez885@example.com,"$44,938.51",227.27,
 CUST-00806 ,Joseph Williams,MALE,31.0,"March 24, 2022",new york,Australia,joseph.williams806@example.com,"$57,198.90",124.69,silver
CUST-02161,Betty Jackson,f ,66.0,03/13/2023,PHILADELPHIA,Australia,betty.jackson2161@example.com,"$91,299.52",9.87,gold
 CUST-00488 ,Richard Taylor,FEMALE,16.0,2022-03-15,Houston,United Kingdom,richard.taylor488@example.com,"$21,501.55",183.76,Silver
CUST-01563,Thomas Lopez, Female,39.0,"August 30, 2023",Houston,Canada,thomas.lopez1563@example.com,"$104,129.73",196.58,Gold
 CUST-02036 ,Richard Taylor,other,53.0,"January 11, 2023",Austin,Australia,richard.taylor2036@example.com,"$44,526.68",164.78,Gold
CUST-00368,Jessica Jackson,Female,50.0,2023-07-10,Austin,United Kingdom,jessica.jackson368@example.com,"$66,077.11",120.01,Bronze
 CUST-01863 ,Jessica Williams,female,43.0,2022-08-03,LOS ANGELES,United Kingdom,jessica.williams1863@example.com,"$60,645.98",262.49,Silver
 CUST-00404 ,Lisa Williams,F,32.0,2022-04-19,los angeles,USA,lisa.williams404@example.com,"$83,409.82",129.22,Gold
 CUST-02112 ,Susan Hernandez, Female,42.0,12-Dec-2021,Chicago,United Kingdom,susan.hernandez2112@example.com,"$78,619.79",253.06,Gold
CUST-00211,Charles Martinez,f ,0.0,30-Apr-2024,  San Antonio  ,USA,charles.martinez211@example.com,"$78,092.81",83.45,Gold
CUST-01274,Matthew Moore,male,30.0,,Houston,USA,matthew.moore1274@example.com,"$62,900.18",122.23,SILVER
 CUST-00481 ,James Gonzalez,Other,,28/03/2021,SAN DIEGO,USA,james.gonzalez481@example.com,"$48,300.48",174.54,Gold
 CUST-01748 ,Thomas Jones,M,33.0,17-Nov-2022,San Antonio,United Kingdom,thomas.jones1748@example.com,"$90,626.97",50.92,BRONZE
99,Joseph Gonzalez,m ,61.0,2024-03-05,HOUSTON,Australia,joseph.gonzalez99@example.com,,1.99,Gold
CUST-00258,Elizabeth Thomas, Male,30.0,21-Dec-2022,Phoenix,USA,elizabeth.thomas258@example.com,"$52,851.76",204.95,Bronze
CUST-00322,Joseph Thomas,female,43.0,2023-04-01,San Diego,USA,joseph.thomas322@example.com,"$55,054.12",256.96,SILVER
CUST-00333,Jessica Rodriguez,Non-binary,28.0,09/23/2023,dallas,USA,jessica.rodriguez333@example.com,"$66,179.17",265.88,Gold
CUST-01833,Michael Hernandez,MALE,51.0,06/02/2023,  Chicago  ,Canada,michael.hernandez1833@example.com,"$59,185.08",39.19,BRONZE
CUST-00738,Michael Rodriguez,other,51.0,"January 16, 2022",PHILADELPHIA,Canada,michael.rodriguez738@example.com,"$31,834.89",124.32,BRONZE
CUST-01010,Betty Jackson,f ,29.0,11/10/2023,Austin,Canada,betty.jackson1010@example.com,"$60,763.04",132.28,GOLD
 CUST-00832 ,David Thomas, Female,50.0,2021-11-11,AUSTIN,USA,david.thomas832@example.com,"$72,087.18",170.35,BRONZE
2222,Matthew Moore,f ,,14-Oct-2022,Chicago,United Kingdom,matthew.moore2222@example.com,"$66,111.06",111.28,Gold
CUST-01485,Sarah Jones,FEMALE,31.0,23/03/2023,  Chicago  ,Australia,,"$91,312.07",200.29,silver
CUST-00715,Joseph Jones, Female,26.0,18/06/2022,Houston,Canada,joseph.jones715@example.com,"$62,401.88",8.43,Bronze
 CUST-02703 ,Betty Moore,MALE,39.0,,Dallas,Australia,betty.moore2703@example.com,"$72,042.17",29.16,BRONZE
CUST-01591,Jennifer Martinez,male,46.0,22/08/2022,los angeles,USA,jennifer.martinez1591@example.com,"$20,050.70",288.29,Bronze
CUST-02204,Susan Smith,Male,42.0,15-Jan-2023,chicago,United Kingdom,susan.smith2204@example.com,"$44,327.48",122.71,
 CUST-00771 ,Richard Anderson,FEMALE,30.0,16/07/2022,San Antonio,Canada,richard.anderson771@example.com,"$61,908.47",182.16,BRONZE
CUST-01877,Thomas Lopez,male,49.0,07/18/2022,Chicago,Canada,thomas.lopez@@example..com,"$59,529.08",39.53,bronze
 CUST-01303 ,John Rodriguez,f ,,23/01/2021,Dallas,Australia,john.rodriguez1303@example.com,"$92,500.96",68.79,gold
CUST-01295,Joseph Martinez, Male,51.0,"February 04, 2023",  Dallas  ,Australia,joseph.martinez1295@example.com,"$62,263.38",239.87,gold
CUST-00250,James Martinez, Male,23.0,2024-01-28,Houston,United Kingdom,james.martinez250@example.com,"$60,430.90",274.35,gold
1192,William Davis,m ,31.0,"May 27, 2022",AUSTIN,Australia,william.davis1192@example.com,,189.05,silver
CUST-02058,Daniel Brown,M,50.0,"May 03, 2023",New York,Australia,daniel.brown2058@example.com,"$78,770.29",142.24,silver
2219,William Hernandez,f ,34.0,12/06/2021,New York,United Kingdom,william.hernandez2219@example.com,"$41,682.72",,GOLD
CUST-01195,Karen Martinez, Female,54.0,31/01/2024,San Antonio,Australia,karen.martinez1195@example.com,"$76,816.02",143.8,
 CUST-00412 ,Robert Taylor,female,28.0,2021-07-12,Los Angeles,USA,robert.taylor412@example.com,"$87,315.11",93.83,bronze
CUST-02077,Betty Martin,F,47.0,"October 13, 2021",Phoenix,USA,betty.martin2077@example.com,"$95,654.38",154.43,BRONZE
CUST-00109,Joseph Jones,female,44.0,"August 04, 2022",LOS ANGELES,USA,joseph.jones109@example.com,"$83,012.25",221.85,gold
 CUST-02184 ,Nancy Hernandez,F,51.0,25/07/2023,San Antonio,Australia,nancy.hernandez2184@example.com,"$77,053.66",121.63,gold
CUST-00423,Robert Taylor,male,46.0,,san diego,Canada,robert.taylor423@example.com,"$31,969.16",72.47,Gold
CUST-00934,Thomas Williams,Male,16.0,21-Jul-2021,SAN DIEGO,Australia,thomas.williams934@example.com,"$86,640.00",210.16,
CUST-00088,Michael Martin,F,22.0,2022-01-30,NEW YORK,Canada,michael.martin88@example.com,"$14,591.68",330.57,Gold
992,James Anderson,Female,49.0,18/03/2022,Los Angeles,USA,james.anderson992@example.com,"$51,077.61",70.71,
 CUST-00340 ,Jessica Rodriguez,F,25.0,2022-11-06,AUSTIN,USA,jessica.rodriguez340@example.com,"$88,922.66",136.85,
 CUST-00990 ,Charles Anderson,m ,39.0,2021-04-12,New York,Canada,charles.anderson990@example.com,"$22,330.43",177.51,GOLD
CUST-02640,Patricia Jackson,MALE,26.0,25-Aug-2023,New York,USA,patricia.jackson2640@example.com,"$58,404.78",157.21,
CUST-01298,Joseph Hernandez,m ,42.0,,PHOENIX,Australia,joseph.hernandez1298@example.com,"$65,218.94",166.63,Silver
CUST-01373,Michael Lopez,Non-binary,28.0,14/04/2023,Phoenix,USA,michael.lopez1373@example.com,"$95,931.40",-177.97,BRONZE
CUST-01306,Joseph Johnson, Female,49.0,11/02/2023,San Diego,Canada,joseph.johnson1306@example.com,"$56,832.90",189.9,bronze
CUST-02969,Thomas Miller, Male,34.0,11-May-2021,phoenix,United Kingdom,,"$69,254.57",143.8,silver
CUST-00868,Lisa Anderson,female,63.0,21-Aug-2023,Philadelphia,United Kingdom,lisa.anderson868@example.com,"$39,476.24",100.77,BRONZE
CUST-02146,David Martin,F,-5.0,31/10/2023,  Chicago  ,Australia,david.martin2146@example.com,"$39,725.58",106.73,BRONZE
1397,Elizabeth Garcia,Female,35.0,25-Nov-2023,  Dallas  ,United Kingdom,elizabeth.garcia1397@example.com,"$59,288.38",166.33,
2202,Elizabeth Thomas,O,35.0,05/21/2022,Dallas,United Kingdom,elizabeth.thomas2202@example.com,"$81,882.44",40.25,gold
1913,Daniel Martin,f ,41.0,27/04/2023,Austin,Australia,daniel.martin1913@example.com,"$87,277.36",114.62,gold
2872,Elizabeth Thomas,Male,23.0,"June 24, 2023",  Houston  ,USA,elizabeth.thomas2872@example.com,"$68,025.99",27.66,Gold
CUST-01099,Joseph Gonzalez,M,16.0,"December 07, 2022",PHOENIX,Australia,joseph.gonzalez1099@example.com,"$50,312.38",161.33,SILVER
CUST-01123,Matthew Miller,m ,20.0,"May 15, 2024",san antonio,USA,matthew.miller1123@example.com,"$92,244.23",253.78,SILVER
1622,Robert Anderson,MALE,16.0,,Phoenix,Canada,robert.anderson1622@example.com,"$47,297.16",172.57,SILVER
CUST-02160,William Miller,m ,47.0,07-Oct-2023,Austin,Canada,william.miller2160@example.com,"$40,929.02",154.97,BRONZE
CUST-02296,Nancy Smith,M,,09/16/2022,Austin,USA,nancy.smith2296@example.com,"$-15,000.00",141.58,silver
 CUST-02255 ,Linda Brown, Male,,02/09/2022,Austin,USA,linda.brown2255@example.com,"$58,505.44",267.74,silver
CUST-02502,Karen Rodriguez,M,52.0,2024-07-21,Chicago,USA,karen.rodriguez2502@example.com,"$88,754.37",276.53,gold
 CUST-01770 ,Thomas Moore,Female,23.0,10-Apr-2023,  Houston  ,Canada,thomas.moore1770@example.com,"$38,450.00",120.02,GOLD
CUST-02646,Susan Lopez, Female,43.0,11/01/2023,Houston,United Kingdom,susan.lopez2646@example.com,"$78,176.61",160.68,Gold
CUST-02783,William Martinez,MALE,18.0,03/23/2022,SAN ANTONIO,USA,william.martinez2783@example.com,"$56,648.70",200.99,
1819,Jessica Rodriguez,F,53.0,2022-03-09,New York,United Kingdom,jessica.rodriguez1819@example.com,"$26,125.12",140.05,bronze
CUST-02862,Michael Brown, Female,16.0,,  Dallas  ,Australia,,"$79,573.94",-239.21,silver
CUST-01255,William Wilson,male,49.0,"September 06, 2021",Austin,USA,william.wilson1255@example.com,"$54,987.05",155.44,Silver
CUST-02955,Patricia Garcia,M,30.0,08/12/2021,los angeles,United Kingdom,patricia.garcia2955@example.com,"$38,054.03",294.24,SILVER
720,Nancy Thomas,Non-binary,44.0,2024-12-17,New York,Canada,nancy.thomas720@example.com,"$57,847.53",79.88,silver
CUST-00839,William Wilson,m ,30.0,03/08/2021,Phoenix,Canada,william.wilson839@example.com,"$57,549.69",69.47,GOLD
CUST-02988,Betty Garcia,FEMALE,23.0,"May 09, 2021",  New York  ,Australia,betty.garcia2988@example.com,"$73,357.14",73.61,silver
CUST-01808,Karen Smith,Female,39.0,2023-08-18,  New York  ,Australia,karen.smith1808@example.com,"$28,810.42",120.93,gold
CUST-00723,Jennifer Thomas,male,38.0,20/10/2021,Houston,United Kingdom,jennifer.thomas723@example.com,"$58,877.37",319.94,bronze
CUST-01814,Robert Martinez,MALE,39.0,09-Sep-2024,  New York  ,Australia,robert.martinez1814@example.com,"$64,007.96",57.78,bronze
CUST-00176,Karen Martinez,m ,43.0,09/05/2023,Philadelphia,Canada,karen.martinez176@example.com,"$74,407.42",222.35,SILVER
 CUST-01784 ,Richard Wilson,male,53.0,"February 13, 2022",Phoenix,United Kingdom,richard.wilson1784@example.com,"$114,902.84",130.76,Bronze
 CUST-00210 ,Joseph Taylor,Other,,"September 11, 2024",New York,USA,joseph.taylor210@example.com,"$65,087.06",,SILVER
CUST-02273,Robert Garcia, Female,72.0,2023-03-12,Chicago,USA,robert.garcia2273@example.com,"$49,180.32",110.21,BRONZE
CUST-00432,Susan Johnson,Other,44.0,01-May-2024,  Philadelphia  ,Canada,susan.johnson432@example.com,"$47,302.22",174.16,SILVER
 CUST-01136 ,Thomas Jackson,Female,20.0,09/02/2022,Austin,Australia,thomas.jackson1136@example.com,"$28,164.20",113.16,silver
 CUST-01832 ,Susan Wilson,male,36.0,2021-01-01,LOS ANGELES,Canada,susan.wilson1832@example.com,"$53,468.69",10.96,SILVER
 CUST-02604 ,Mary Davis,Male,30.0,02-Feb-2021,Phoenix,United Kingdom,mary.davis2604@example.com,"$36,031.80",156.89,SILVER
CUST-01066,Lisa Garcia,male,29.0,"July 16, 2024",New York,USA,lisa.garcia1066@example.com,"$54,559.59",183.75,Silver
 CUST-01987 ,Jennifer Gonzalez,female,40.0,2022-04-02,New York,United Kingdom,jennifer.gonzalez1987@example.com,"$60,980.18",264.51,bronze
226,Jessica Anderson,M,34.0,08/20/2024,  New York  ,Canada,jessica.anderson226@example.com,"$58,342.72",,bronze
1574,Linda Smith,male,47.0,23-Jan-2024,Chicago,Australia,,"$57,552.71",68.08,SILVER
 CUST-00071 ,Sarah Taylor,M,16.0,2023-04-29,houston,Australia,sarah.taylor71@example.com,"$58,533.50",66.29,SILVER
CUST-02436,Richard Rodriguez,F,38.0,2024-06-19,Philadelphia,USA,richard.rodriguez2436@example.com,"$49,547.68",91.71,silver
CUST-02972,Matthew Martin,female,54.0,05-Aug-2024,CHICAGO,Canada,matthew.martin2972@example.com,"$51,744.06",116.4,gold
 CUST-02130 ,Daniel Johnson,F,22.0,12/08/2024,phoenix,USA,daniel.johnson2130@example.com,"$41,564.27",141.6,bronze
 CUST-00006 ,David Anderson,m ,58.0,05/10/2024,Dallas,Canada,david.anderson6@example.com,"$40,860.04",31.44,SILVER
 CUST-02491 ,Karen Moore,O,35.0,08-Dec-2024,San Diego,USA,karen.moore2491@example.com,"$28,696.97",250.46,bronze
CUST-01085,James Jackson,Female,32.0,2023-07-25,  New York  ,United Kingdom,james.jackson1085@example.com,"$33,655.36",47.99,
CUST-00895,Matthew Wilson,Female,42.0,01/11/2021,CHICAGO,Canada,matthew.wilson895@example.com,"$70,153.10",240.15,bronze
CUST-01905,Linda Smith,F,29.0,16-Jan-2022,Phoenix,United Kingdom,linda.smith1905@example.com,"$60,039.27",13.33,
CUST-02678,Betty Williams,Male,31.0,20-Jan-2022,Houston,United Kingdom,betty.williams2678@example.com,"$61,558.88",303.64,Gold
1375,Robert Rodriguez,female,18.0,"July 02, 2022",los angeles,Canada,robert.rodriguez1375@example.com,"$41,227.00",300.6,gold
CUST-02932,Michael Anderson, Male,16.0,03/02/2022,HOUSTON,USA,michael.anderson2932@example.com,"$84,294.49",197.13,Gold
CUST-01096,Richard Johnson, Male,51.0,2021-02-25,SAN DIEGO,USA,richard.johnson1096@example.com,"$71,607.27",118.17,BRONZE
 CUST-00906 ,Jessica Wilson,Female,51.0,12-May-2023,  New York  ,United Kingdom,jessica.wilson906@example.com,"$93,167.12",226.15,GOLD
CUST-00981,Sarah Moore,,36.0,22-Jun-2022,san antonio,United Kingdom,sarah.moore981@example.com,"$63,702.11",333.54,GOLD
CUST-00022,John Gonzalez,male,37.0,09/28/2024,PHOENIX,Canada,john.gonzalez22@example.com,"$35,147.98",117.04,SILVER
CUST-02203,Daniel Anderson,Male,36.0,2023-06-05,CHICAGO,Australia,daniel.anderson2203@example.com,"$53,917.74",161.53,GOLD
 CUST-02304 ,Charles Rodriguez,FEMALE,20.0,2023-05-07,Los Angeles,United Kingdom,,"$66,039.19",27.97,bronze
 CUST-02851 ,Robert Johnson, Male,39.0,"June 29, 2022",Philadelphia,Canada,robert.johnson2851@example.com,"$73,994.22",213.78,silver
CUST-01206,Robert Martinez,female,43.0,22-Sep-2021,San Diego,Canada,robert.martinez1206@example.com,"$63,278.86",132.02,GOLD
CUST-02478,David Martin,Female,150.0,10-Aug-2024,Dallas,Canada,david.martin2478@example.com,"$79,269.16",5.65,Gold
CUST-01859,Patricia Anderson,Male,55.0,03/31/2022,Philadelphia,United Kingdom,patricia.anderson1859@example.com,"$64,441.96",111.05,Bronze
1641,Sarah Miller, Male,37.0,07/07/2022,Chicago,Australia,sarah.miller1641@example.com,"$67,796.38",120.08,Bronze
 CUST-00153 ,Matthew Wilson,f ,75.0,02/14/2022,San Antonio,Canada,matthew.wilson153@example.com,"$56,297.19",-270.02,bronze
 CUST-00283 ,Jennifer Lopez,Male,66.0,05-Jan-2022,san diego,United Kingdom,jennifer.lopez283@example.com,"$68,833.62",188.43,Gold
151,Michael Jones,MALE,56.0,"August 12, 2021",Dallas,United Kingdom,michael.jones151@example.com,"$48,208.07",191.84,Silver
CUST-02888,John Smith,female,45.0,02/08/2023,  San Diego  ,Canada,john.smith2888@example.com,"$63,803.37",34.84,gold
CUST-02102,Joseph Smith, Female,34.0,02-Nov-2022,Austin,Australia,joseph.smith2102@example.com,"$78,814.56",27.48,Gold
CUST-01848,Karen Wilson,Female,35.0,18/10/2024,chicago,USA,karen.wilson1848@example.com,"$53,599.39",142.5,Bronze
CUST-01851,Betty Martin,M,34.0,17/05/2024,San Diego,Canada,betty.martin1851@example.com,"$44,050.94",24.38,SILVER
 CUST-01289 ,Mary Jackson,Female,39.0,"May 10, 2023",Austin,Australia,mary.jackson1289@example.com,"$79,222.66",200.71,
CUST-02081,Michael Hernandez,Female,29.0,29-Sep-2021,New York,Canada,michael.hernandez2081@example.com,"$36,145.64",122.98,Gold
CUST-00399,Elizabeth Rodriguez,m ,17.0,05/27/2022,  San Antonio  ,Canada,elizabeth.rodriguez399@example.com,"$28,710.75",89.03,gold
 CUST-02286 ,Susan Jackson,female,28.0,11/11/2022,Dallas,Canada,susan.jackson2286@example.com,"$36,228.45",142.46,GOLD
CUST-01147,Richard Moore,f ,34.0,"December 16, 2024",Chicago,Canada,richard.moore1147@example.com,"$40,880.02",307.93,
 CUST-02916 ,Karen Martinez,m ,32.0,2022-08-28,Houston,Canada,karen.martinez2916@example.com,"$76,243.49",124.35,Gold
 CUST-01287 ,Jessica Smith,m ,67.0,"March 29, 2022",San Diego,Canada,jessica.smith1287@example.com,"$69,149.65",184.32,GOLD
 CUST-01943 ,Joseph Gonzalez, Female,58.0,09/21/2023,Austin,Australia,joseph.gonzalez@@example..com,"$53,645.99",92.26,Gold
CUST-00544,John Jackson, Female,51.0,,AUSTIN,Canada,john.jackson544@example.com,"$55,709.83",68.91,Bronze
CUST-01958,Richard Williams,FEMALE,38.0,26-Feb-2024,Chicago,Australia,richard.williams1958@example.com,"$39,395.83",87.56,Bronze
2282,Charles Smith,f ,26.0,09/30/2023,austin,United Kingdom,charles.smith2282@example.com,"$75,223.23",62.09,
CUST-00255,David Wilson,male,34.0,03/06/2023,AUSTIN,United Kingdom,,"$65,279.52",155.54,BRONZE
CUST-01547,William Wilson,FEMALE,59.0,2022-05-26,  San Antonio  ,United Kingdom,william.wilson1547@example.com,"$71,047.33",8.03,silver
CUST-02555,Jessica Taylor,Female,44.0,2023-10-06,NEW YORK,United Kingdom,jessica.taylor2555@example.com,"$15,238.51",154.91,bronze
1331,Robert Johnson,m ,22.0,06/20/2024,Austin,United Kingdom,robert.johnson1331@example.com,"$51,107.21",135.03,Gold
 CUST-02626 ,Nancy Garcia, Male,36.0,19-Feb-2022,PHILADELPHIA,Canada,nancy.garcia2626@example.com,"$60,484.63",164.9,gold
CUST-02762,Thomas Hernandez,Male,24.0,02/08/2024,Phoenix,Canada,thomas.hernandez2762@example.com,"$53,287.47",158.09,Silver
 CUST-02711 ,Susan Anderson,f ,34.0,18/01/2022,san diego,Australia,susan.anderson2711@example.com,"$73,633.23",331.21,SILVER
CUST-01211,Betty Williams,FEMALE,19.0,03/24/2023,Phoenix,Canada,betty.williams1211@example.com,"$47,839.00",110.38,GOLD
 CUST-00059 ,Robert Martinez,m ,28.0,05-Aug-2021,Phoenix,USA,robert.martinez59@example.com,"$80,556.36",186.52,GOLD
 CUST-02614 ,David Davis, Male,51.0,2023-06-11,SAN DIEGO,United Kingdom,david.davis2614@example.com,"$41,872.54",108.21,
 CUST-00560 ,Jessica Lopez,m ,39.0,"September 25, 2023",AUSTIN,United Kingdom,jessica.lopez560@example.com,"$16,636.11",161.58,Gold
 CUST-00717 ,Jessica Johnson,f ,32.0,2022-07-17,new york,Australia,jessica.johnson717@example.com,"$28,256.38",32.69,
CUST-02812,Joseph Johnson,FEMALE,29.0,04-Sep-2023,San Antonio,Australia,joseph.johnson2812@example.com,"$69,701.46",45.05,Gold
 CUST-02974 ,John Hernandez,MALE,49.0,10-Nov-2021,Austin,Australia,john.hernandez2974@example.com,"$31,733.21",213.0,gold
1553,Joseph Jones,F,29.0,07/21/2021,Phoenix,USA,joseph.jones1553@example.com,"$108,713.45",120.42,Bronze
687,Thomas Martin,M,54.0,"November 02, 2022",philadelphia,USA,thomas.martin687@example.com,"$48,022.14",147.5,GOLD
CUST-00272,Linda Lopez,F,20.0,,Chicago,Canada,linda.lopez272@example.com,"$37,905.80",157.92,Silver
CUST-02334,Linda Rodriguez,m ,54.0,12/22/2023,HOUSTON,Australia,linda.rodriguez2334@example.com,"$67,628.11",186.25,Bronze
CUST-01700,Robert Anderson, Female,35.0,09-Aug-2023,Austin,Canada,robert.anderson1700@example.com,"$59,129.61",189.52,
CUST-01893,Patricia Martin,FEMALE,29.0,17-Oct-2022,houston,Australia,,"$30,112.63",115.94,GOLD
452,Linda Jackson,MALE,44.0,2022-05-29,Phoenix,Canada,linda.jackson452@example.com,"$25,265.99",250.77,
CUST-02981,Thomas Brown,F,37.0,10/10/2023,new york,Canada,thomas.brown2981@example.com,"$54,711.92",11.36,silver
CUST-00589,David Anderson,female,48.0,"October 10, 2023",New York,United Kingdom,david.anderson589@example.com,"$999,999,999.00",141.0,Silver
1319,Nancy Rodriguez,FEMALE,47.0,,new york,United Kingdom,nancy.rodriguez1319@example.com,"$82,253.65",298.84,GOLD
 CUST-01531 ,Thomas Brown, Female,49.0,27-Jul-2022,HOUSTON,Canada,thomas.brown1531@example.com,"$38,789.28",388.02,bronze
 CUST-02372 ,Jennifer Brown,m ,35.0,17-Feb-2021,San Antonio,Australia,jennifer.brown2372@example.com,"$99,120.78",52.25,SILVER
CUST-00940,James Hernandez,Female,46.0,09/03/2023,PHILADELPHIA,Australia,james.hernandez940@example.com,"$67,629.19",6.48,Silver
 CUST-02787 ,Robert Rodriguez,Female,63.0,2024-12-30,Philadelphia,USA,robert.rodriguez2787@example.com,"$45,433.89",261.41,Bronze
CUST-01656,Patricia Miller, Female,48.0,2024-05-02,Phoenix,Australia,patricia.miller1656@example.com,"$73,064.31",278.72,Silver
CUST-02791,Robert Brown,FEMALE,72.0,06-Apr-2022,san antonio,Canada,robert.brown2791@example.com,"$75,183.88",2.36,Gold
1134,Patricia Garcia,M,58.0,29-May-2022,Chicago,Canada,patricia.garcia1134@example.com,"$17,990.90",197.62,bronze
1440,Daniel Gonzalez, Male,65.0,16/07/2022,Dallas,United Kingdom,daniel.gonzalez1440@example.com,"$69,775.21",134.11,bronze
143,Jennifer Gonzalez, Female,22.0,,CHICAGO,United Kingdom,jennifer.gonzalez143@example.com,"$99,309.81",6.81,Bronze
CUST-02834,Joseph Hernandez,f ,54.0,2024-09-15,Chicago,Canada,joseph.hernandez2834@example.com,"$97,867.92",84.86,GOLD
CUST-02070,Betty Jones,male,18.0,07/08/2021,chicago,United Kingdom,betty.jones2070@example.com,"$56,414.97",126.11,
 CUST-02966 ,Patricia Garcia,MALE,38.0,27-Nov-2024,PHOENIX,United Kingdom,patricia.garcia2966@example.com,"$50,229.33",254.92,Bronze
CUST-01599,Matthew Smith,female,62.0,03-Nov-2024,philadelphia,Canada,matthew.smith1599@example.com,"$61,719.53",174.84,BRONZE
CUST-00186,Richard Brown,f ,33.0,20/11/2021,Chicago,United Kingdom,richard.brown186@example.com,"$56,933.69",147.97,gold
CUST-01183,Betty Johnson,m ,55.0,13-Oct-2024,Houston,Australia,betty.johnson1183@example.com,"$31,570.70",139.66,Silver
CUST-00789,Patricia Gonzalez, Male,39.0,28-Apr-2021,  San Antonio  ,United Kingdom,patricia.gonzalez789@example.com,,256.92,Bronze
1734,James Jackson,Male,58.0,2024-08-07,Phoenix,USA,james.jackson1734@example.com,"$72,935.60",154.64,silver
CUST-01338,Joseph Williams,,40.0,15/02/2024,LOS ANGELES,USA,joseph.williams1338@example.com,"$70,998.08",94.78,silver
CUST-02921,John Miller,Male,64.0,15-Dec-2022,NEW YORK,USA,john.miller2921@example.com,"$72,783.32",133.9,Bronze
 CUST-01738 ,Karen Brown,MALE,50.0,"February 20, 2022",Philadelphia,Australia,karen.brown1738@example.com,"$90,776.39",141.12,Bronze
1778,Mary Anderson, Female,56.0,08/02/2021,  New York  ,USA,mary.anderson1778@example.com,"$24,666.57",131.42,gold
CUST-00892,Thomas Moore,f ,44.0,02/05/2023,SAN DIEGO,United Kingdom,thomas.moore892@example.com,"$61,836.29",130.18,silver
CUST-01918,Jessica Martin,female,53.0,09/29/2022,Austin,Canada,jessica.martin1918@example.com,"$83,628.29",330.41,Bronze
CUST-01907,Lisa Johnson,Male,39.0,08-Mar-2024,Austin,Australia,lisa.johnson1907@example.com,"$45,685.70",151.71,gold
 CUST-01133 ,Linda Johnson,Other,56.0,2024-10-07,  Los Angeles  ,Canada,linda.johnson1133@example.com,"$51,921.01",246.27,Bronze
CUST-00864,Betty Jackson,FEMALE,33.0,"July 02, 2024",San Diego,USA,betty.jackson864@example.com,"$16,729.06",118.32,
CUST-02492,Susan Smith,Female,39.0,02-Oct-2022,New York,Canada,susan.smith2492@example.com,"$57,224.83",335.25,Gold
CUST-02001,Lisa Gonzalez,FEMALE,,29-Feb-2024,new york,United Kingdom,,"$78,360.96",117.5,Gold
CUST-02429,Linda Johnson,O,31.0,"September 26, 2024",Dallas,USA,linda.johnson2429@example.com,"$63,849.44",66.98,
CUST-00193,David Martinez,f ,29.0,2023-03-24,Houston,USA,,"$37,072.34",105.72,bronze
CUST-01691,Richard Jones,M,50.0,12/27/2024,san diego,Australia,richard.jones1691@example.com,"$27,326.45",111.08,GOLD
 CUST-00205 ,David Rodriguez,FEMALE,36.0,08/15/2023,philadelphia,Australia,david.rodriguez205@example.com,"$89,844.98",58.78,silver
CUST-02136,Matthew Johnson, Male,62.0,,Chicago,Canada,matthew.johnson2136@example.com,"$34,610.38",233.59,SILVER
CUST-00869,Robert Hernandez,Other,49.0,07/05/2024,Los Angeles,United Kingdom,robert.hernandez869@example.com,"$80,738.73",192.21,bronze
CUST-02025,Karen Thomas,Female,53.0,03/22/2023,DALLAS,USA,karen.thomas2025@example.com,,250.68,
CUST-00587,Michael Smith,Male,57.0,10/28/2024,San Diego,Canada,michael.smith587@example.com,"$91,302.20",149.25,Gold
CUST-02121,David Davis,female,18.0,07-Nov-2024,Chicago,Australia,david.davis2121@example.com,,197.51,BRONZE
CUST-01001,Elizabeth Johnson,M,49.0,28/08/2022,austin,Australia,elizabeth.johnson1001@example.com,"$53,839.71",5.48,Silver
CUST-00850,Thomas Martin, Male,28.0,30/05/2024,Los Angeles,USA,thomas.martin850@example.com,"$72,514.35",72.23,SILVER
 CUST-01463 ,William Miller,male,200.0,05/06/2022,PHOENIX,Canada,,"$31,914.39",155.44,gold
 CUST-02166 ,Richard Davis,Non-binary,58.0,08/12/2021,San Antonio,Australia,richard.davis2166@example.com,"$23,696.82",233.53,silver
CUST-01958,Richard Williams,FEMALE,38.0,26-Feb-2024,Chicago,Australia,richard.williams1958@example.com,"$39,395.83",87.56,Bronze
CUST-02047,Karen Wilson,male,16.0,"December 08, 2022",SAN ANTONIO,Australia,karen.wilson2047@example.com,"$41,781.78",147.51,GOLD
2416,Mary Taylor, Female,53.0,2022-07-20,Phoenix,Canada,mary.taylor2416@example.com,"$79,774.05",214.87,BRONZE
CUST-00977,James Williams,male,16.0,"November 25, 2024",Los Angeles,Canada,james.williams977@example.com,"$94,014.90",288.4,GOLD
CUST-01839,Sarah Davis,Female,34.0,01/22/2021,San Antonio,USA,sarah.davis1839@example.com,"$55,038.84",211.3,bronze
1184,Michael Smith,male,62.0,2023-09-07,PHILADELPHIA,United Kingdom,michael.smith1184@example.com,"$106,218.40",298.48,bronze
CUST-02450,Joseph Wilson,Female,57.0,02-Jan-2024,Houston,Canada,joseph.wilson2450@example.com,"$72,398.48",33.6,BRONZE
 CUST-02564 ,Susan Taylor,Male,35.0,2023-04-26,Dallas,USA,susan.taylor2564@example.com,"$59,647.29",92.61,
CUST-02615,William Martin, Male,36.0,2023-01-13,San Diego,United Kingdom,,"$42,560.19",24.8,Gold
1988,Charles Jones,Male,16.0,,HOUSTON,USA,charles.jones1988@example.com,"$98,079.08",75.31,Silver
CUST-00682,Susan Johnson,f ,28.0,26/04/2021,Philadelphia,United Kingdom,susan.johnson682@example.com,"$68,230.03",75.31,Gold
393,Sarah Hernandez,FEMALE,48.0,03/23/2024,SAN DIEGO,United Kingdom,sarah.hernandez393@example.com,"$54,468.64",366.2,silver
CUST-01726,David Davis,female,49.0,28-Jun-2022,PHILADELPHIA,Canada,david.davis1726@example.com,"$24,643.74",223.24,GOLD
 CUST-02656 ,Sarah Brown,female,40.0,2024-12-19,Austin,USA,,"$110,052.42",69.5,Gold
688,Susan Martinez, Female,25.0,"January 31, 2024",CHICAGO,United Kingdom,susan.martinez688@example.com,"$59,645.07",,gold
 CUST-02012 ,Nancy Brown,MALE,31.0,2024-05-07,new york,Canada,nancy.brown2012@example.com,"$60,133.48",67.65,Silver
CUST-02052,William Martin,Other,,2024-01-08,San Diego,Canada,william.martin2052@example.com,"$68,591.67",131.3,silver
CUST-01427,William Garcia,FEMALE,70.0,"September 20, 2021",Chicago,USA,william.garcia1427@example.com,"$46,893.22",136.37,BRONZE
CUST-00118,Nancy Johnson,Male,20.0,02/06/2021,DALLAS,United Kingdom,nancy.johnson118@example.com,"$64,111.33",208.6,Silver
CUST-01767,Linda Gonzalez, Female,36.0,07/22/2023,Philadelphia,Canada,linda.gonzalez1767@example.com,"$43,030.38",125.74,GOLD
CUST-00491,Matthew Gonzalez,Male,24.0,18/09/2023,PHILADELPHIA,Australia,matthew.gonzalez491@example.com,"$81,615.74",103.92,silver
CUST-02611,Elizabeth Martin, Female,27.0,04/22/2024,Philadelphia,Canada,,"$73,190.44",236.5,bronze
1734,James Jackson,Male,58.0,2024-08-07,Phoenix,USA,james.jackson1734@example.com,"$72,935.60",154.64,silver
 CUST-01763 ,Elizabeth Taylor,male,25.0,"April 13, 2024",Phoenix,United Kingdom,,"$52,220.85",185.24,SILVER
CUST-00580,Sarah Martin,,41.0,12/03/2022,Dallas,United Kingdom,sarah.martin580@example.com,"$57,020.99",116.77,Bronze
 CUST-00103 ,Sarah Wilson,F,64.0,"January 22, 2023",San Antonio,United Kingdom,sarah.wilson103@example.com,"$90,901.36",215.64,GOLD
CUST-00640,Lisa Hernandez,male,40.0,,Los Angeles,Australia,lisa.hernandez640@example.com,"$49,565.26",270.36,SILVER
 CUST-01125 ,Richard Williams,Female,16.0,23/12/2022,PHOENIX,United Kingdom,richard.williams1125@example.com,"$36,177.37",87.5,BRONZE
 CUST-00487 ,Nancy Williams,MALE,41.0,09/11/2021,Dallas,Australia,nancy.williams487@example.com,"$29,461.30",164.83,BRONZE
CUST-00069,Robert Garcia,Male,60.0,"April 12, 2023",San Diego,Australia,robert.garcia69@example.com,"$61,851.15",58.51,GOLD
CUST-00063,Thomas Taylor, Female,31.0,27/08/2022,San Diego,USA,,"$82,863.46",146.96,Gold
 CUST-00419 ,Michael Rodriguez,MALE,68.0,10/03/2021,HOUSTON,United Kingdom,michael.rodriguez419@example.com,"$999,999,999.00",0.15,Bronze
CUST-02901,Richard Smith, Male,74.0,"January 06, 2022",SAN DIEGO,Canada,richard.smith2901@example.com,"$104,207.96",102.96,
2558,David Hernandez,Male,64.0,"March 14, 2021",dallas,USA,david.hernandez2558@example.com,"$76,158.29",201.94,Silver
CUST-02691,Mary Hernandez,F,32.0,31-May-2021,chicago,Canada,mary.hernandez2691@example.com,"$57,031.00",96.23,Gold
 CUST-01588 ,Daniel Jackson,Male,59.0,2022-08-13,San Antonio,Canada,daniel.jackson1588@example.com,"$50,376.15",201.43,bronze
CUST-00289,Michael Lopez,m ,37.0,21-Dec-2024,Dallas,USA,,"$62,100.78",301.99,Silver
369,Susan Martin, Female,30.0,02-Mar-2023,  Phoenix  ,Canada,susan.martin369@example.com,"$90,594.28",117.47,SILVER
CUST-00295,Karen Brown, Female,41.0,2023-11-27,PHOENIX,United Kingdom,karen.brown295@example.com,"$82,092.91",27.58,Silver
CUST-00585,John Anderson,female,16.0,"October 04, 2021",San Antonio,USA,john.anderson585@example.com,"$52,919.50",262.51,SILVER
 CUST-01672 ,Nancy Moore,Male,42.0,16/04/2021,Philadelphia,Australia,nancy.moore1672@example.com,"$51,734.38",279.69,Gold
254,Jennifer Lopez, Male,22.0,09/19/2022,Dallas,USA,jennifer.lopez254@example.com,,88.01,BRONZE
CUST-02677,Elizabeth Rodriguez,MALE,49.0,01/09/2021,  San Antonio  ,United Kingdom,elizabeth.rodriguez2677@example.com,"$80,481.51",73.46,BRONZE
CUST-00140,Nancy Johnson,FEMALE,18.0,25-Aug-2024,New York,Australia,nancy.johnson140@example.com,"$54,726.61",130.47,Bronze
CUST-00486,Jessica Hernandez,female,47.0,"December 15, 2022",  New York  ,Australia,jessica.hernandez486@example.com,"$66,102.46",147.33,bronze
CUST-01173,David Anderson, Female,16.0,03/09/2023,Philadelphia,Australia,david.anderson1173@example.com,"$36,813.88",336.86,Bronze
CUST-02567,Elizabeth Davis,F,45.0,20-Sep-2024,Austin,United Kingdom,elizabeth.davis2567@example.com,"$47,834.44",22.09,GOLD
 CUST-02149 ,Lisa Jones, Female,36.0,"March 08, 2022",San Antonio,Australia,lisa.jones2149@example.com,"$97,569.50",211.09,silver
CUST-00380,Patricia Gonzalez,F,52.0,"February 17, 2024",Los Angeles,Canada,patricia.gonzalez@@example..com,"$44,403.16",34.34,Gold
 CUST-01693 ,Thomas Taylor,male,45.0,"July 20, 2023",New York,Australia,thomas.taylor1693@example.com,"$120,276.99",1.43,Silver
CUST-00731,Robert Wilson,Female,46.0,03/06/2021,Los Angeles,USA,robert.wilson731@example.com,"$28,718.21",112.1,BRONZE
576,Robert Martin, Female,59.0,03-Sep-2021,  Los Angeles  ,United Kingdom,robert.martin576@example.com,"$65,358.92",53.91,SILVER
CUST-00508,Thomas Lopez,female,29.0,"August 28, 2021",houston,United Kingdom,thomas.lopez508@example.com,"$38,171.30",,Bronze
CUST-02379,Michael Brown, Male,48.0,2021-03-26,dallas,USA,michael.brown2379@example.com,"$68,320.89",85.78,
CUST-02931,Jessica Martin, Female,27.0,"August 31, 2023",houston,Australia,jessica.martin2931@example.com,"$59,890.18",162.25,bronze
CUST-00939,Betty Anderson,male,,02-Sep-2022,Los Angeles,United Kingdom,betty.anderson939@example.com,"$57,391.42",171.03,
339,Jessica Lopez,female,25.0,"August 01, 2022",Phoenix,Australia,jessica.lopez339@example.com,"$54,673.95",165.21,
CUST-00956,David Wilson,FEMALE,39.0,03-Aug-2024,dallas,USA,david.wilson956@example.com,,270.35,silver
 CUST-01029 ,Karen Taylor, Female,49.0,12-Dec-2023,san antonio,USA,karen.taylor1029@example.com,"$67,306.32",167.03,
 CUST-00822 ,Elizabeth Gonzalez,M,21.0,10/12/2022,  Houston  ,United Kingdom,elizabeth.gonzalez822@example.com,"$54,492.78",181.27,GOLD
CUST-00377,Sarah Wilson,M,57.0,2022-06-16,CHICAGO,USA,sarah.wilson377@example.com,"$35,563.91",109.37,
1304,Karen Hernandez,female,40.0,,Los Angeles,USA,karen.hernandez1304@example.com,"$69,081.43",295.98,gold
CUST-02056,William Williams,m ,46.0,02/13/2021,dallas,USA,william.williams2056@example.com,"$47,587.65",59.44,gold
1402,Patricia Jackson,Female,40.0,03/11/2024,San Diego,Canada,patricia.jackson1402@example.com,"$34,301.83",162.46,Bronze
1472,Susan Rodriguez,F,20.0,2021-09-20,SAN DIEGO,Canada,susan.rodriguez1472@example.com,"$69,168.62",206.43,Bronze
CUST-01443,Matthew Jackson,male,52.0,06-Dec-2024,austin,Canada,matthew.jackson1443@example.com,"$79,725.23",28.31,Bronze
 CUST-01838 ,Patricia Martinez,male,47.0,18/05/2024,Austin,United Kingdom,patricia.martinez1838@example.com,,,
CUST-02568,Susan Rodriguez,MALE,61.0,"March 17, 2023",Austin,USA,susan.rodriguez2568@example.com,"$81,339.90",185.0,GOLD
 CUST-00826 ,Charles Anderson,Female,20.0,2024-03-16,Philadelphia,United Kingdom,charles.anderson826@example.com,"$49,352.16",,silver
CUST-00897,Nancy Miller,male,24.0,,Austin,USA,nancy.miller897@example.com,"$51,645.04",70.29,BRONZE
CUST-01777,Linda Rodriguez,F,62.0,04/29/2022,PHILADELPHIA,Canada,linda.rodriguez1777@example.com,"$77,115.77",209.19,GOLD
CUST-01899,Joseph Davis,M,62.0,01/03/2024,Philadelphia,Canada,joseph.davis1899@example.com,"$44,782.14",10.07,
 CUST-01433 ,Thomas Martinez, Male,30.0,12/04/2024,Houston,USA,thomas.martinez1433@example.com,"$94,604.21",66.7,SILVER
 CUST-02123 ,Robert Garcia, Female,61.0,07-Jan-2024,AUSTIN,Australia,robert.garcia2123@example.com,"$46,453.80",19.8,bronze
CUST-01127,Karen Lopez,female,27.0,24/03/2021,San Diego,United Kingdom,karen.lopez1127@example.com,"$38,226.90",143.25,silver
 CUST-02316 ,Linda Jackson,Female,16.0,2023-03-01,Los Angeles,United Kingdom,linda.jackson2316@example.com,"$55,397.92",246.85,silver
CUST-02383,Charles Moore,M,31.0,"October 20, 2021",Chicago,USA,charles.moore2383@example.com,"$94,012.71",106.0,SILVER
2721,William Gonzalez, Male,55.0,10-Apr-2024,Philadelphia,USA,william.gonzalez2721@example.com,"$57,842.46",,SILVER
CUST-00568,Betty Anderson,FEMALE,62.0,24/10/2022,phoenix,United Kingdom,betty.anderson568@example.com,"$72,030.26",165.72,SILVER
302,David Martin,Male,31.0,,Phoenix,United Kingdom,david.martin302@example.com,"$28,841.39",159.51,Silver
CUST-02995,Susan Miller,female,16.0,19-Apr-2024,Chicago,United Kingdom,susan.miller2995@example.com,"$44,353.04",228.2,bronze
1313,Betty Williams,MALE,22.0,02/15/2021,Los Angeles,USA,betty.williams1313@example.com,"$72,122.47",138.54,silver
 CUST-00710 ,Jennifer Martinez, Female,23.0,2023-01-27,New York,United Kingdom,jennifer.martinez710@example.com,"$59,861.42",247.45,Bronze
2312,Jessica Smith,male,54.0,2022-02-04,CHICAGO,Australia,jessica.smith2312@example.com,"$60,405.51",179.54,BRONZE
CUST-00599,Susan Williams,male,53.0,04/03/2023,Austin,Canada,susan.williams599@example.com,"$5,000,000.00",95.38,Gold
CUST-00808,Jessica Davis,f ,31.0,,Dallas,Australia,jessica.davis808@example.com,"$58,231.59",209.45,silver
CUST-01996,David Taylor,male,55.0,"December 08, 2023",PHOENIX,Australia,david.taylor1996@example.com,"$37,568.14",234.68,GOLD
CUST-02495,Mary Martinez, Female,35.0,13-Apr-2021,dallas,Australia,mary.martinez2495@example.com,"$70,004.23",177.1,silver
 CUST-02249 ,Elizabeth Lopez, Male,69.0,"June 02, 2024",  Los Angeles  ,United Kingdom,elizabeth.lopez2249@example.com,"$999,999,999.00",139.77,silver
CUST-00165,Betty Martinez,O,51.0,28/02/2024,Dallas,USA,betty.martinez165@example.com,"$50,601.23",186.75,silver
CUST-00812,Linda Thomas,M,,17-May-2021,chicago,Australia,linda.thomas812@example.com,"$59,172.17",82.8,GOLD
408,Matthew Brown,MALE,55.0,11/02/2021,SAN DIEGO,Canada,matthew.brown408@example.com,"$40,969.80",269.9,Gold
CUST-00346,Joseph Gonzalez, Female,44.0,08/09/2022,Dallas,Canada,joseph.gonzalez346@example.com,"$98,530.46",17.7,silver
 CUST-01464 ,Linda Martinez,M,55.0,15/05/2021,phoenix,United Kingdom,linda.martinez1464@example.com,"$64,390.66",210.67,Gold
 CUST-02578 ,Michael Anderson,FEMALE,47.0,2021-06-01,Philadelphia,Canada,michael.anderson2578@example.com,"$72,263.58",175.15,BRONZE
CUST-01652,Elizabeth Jones,M,52.0,01/22/2023,Dallas,United Kingdom,elizabeth.jones1652@example.com,"$58,973.92",212.8,bronze
1508,Jennifer Davis,Other,49.0,"December 25, 2024",LOS ANGELES,USA,jennifer.davis1508@example.com,"$112,681.05",109.15,GOLD
CUST-02339,Matthew Thomas,,29.0,05/02/2021,New York,Canada,matthew.thomas2339@example.com,"$88,462.97",235.7,Bronze
CUST-00555,Sarah Martinez,Male,33.0,"December 23, 2023",New York,Canada,sarah.martinez555@example.com,"$46,548.31",177.87,bronze
CUST-02781,John Taylor,F,,2023-02-23,phoenix,Australia,john.taylor2781@example.com,"$72,099.16",192.78,BRONZE
CUST-01175,Robert Moore,female,33.0,2022-12-31,Austin,USA,robert.moore1175@example.com,"$56,253.77",50.85,Gold
CUST-01671,Jessica Smith,f ,24.0,10/05/2023,Philadelphia,United Kingdom,jessica.smith1671@example.com,"$48,539.81",274.61,Silver
CUST-00067,Jessica Moore,Other,53.0,"March 16, 2024",new york,Australia,jessica.moore67@example.com,"$80,855.92",206.93,Gold
CUST-02769,Michael Miller, Female,64.0,2022-05-07,Dallas,United Kingdom,michael.miller2769@example.com,"$49,281.90",87.76,
 CUST-01012 ,Charles Thomas,F,41.0,09/04/2023,Phoenix,Canada,charles.thomas1012@example.com,"$79,454.37",130.1,Bronze
CUST-01918,Jessica Martin,female,53.0,09/29/2022,Austin,Canada,jessica.martin1918@example.com,"$83,628.29",330.41,Bronze
CUST-02631,Jennifer Jones,Other,27.0,20-Sep-2022,Chicago,Australia,jennifer.jones2631@example.com,"$76,334.47",205.42,Silver
CUST-00533,Jennifer Moore,m ,61.0,2023-06-08,Chicago,United Kingdom,jennifer.moore533@example.com,"$29,375.79",30.32,Bronze
CUST-00274,Thomas Thomas,Female,34.0,,Chicago,Australia,thomas.thomas274@example.com,"$75,881.56",163.76,bronze
CUST-01465,James Jones,m ,67.0,2022-03-29,Philadelphia,United Kingdom,james.jones1465@example.com,"$89,783.46",107.94,
CUST-00431,Betty Brown,F,32.0,04/29/2021,Los Angeles,Canada,betty.brown431@example.com,"$84,138.04",112.42,SILVER
CUST-01868,Charles Hernandez,male,48.0,28-Apr-2024,Phoenix,Australia,,"$92,067.57",43.77,
CUST-02964,Charles Gonzalez,m ,43.0,2024-07-14,Houston,USA,charles.gonzalez2964@example.com,"$43,639.31",74.24,Gold
CUST-02515,Charles Martinez,Other,49.0,2021-09-30,Austin,United Kingdom,charles.martinez2515@example.com,"$68,279.09",169.13,Gold
CUST-02482,Daniel Johnson,MALE,52.0,05/15/2022,Austin,United Kingdom,daniel.johnson2482@example.com,"$47,983.09",179.84,Silver
CUST-01449,John Smith,other,31.0,01/07/2021,San Diego,United Kingdom,,"$47,400.59",205.52,Gold
CUST-00183,Jennifer Martin,f ,48.0,2021-12-10,San Diego,USA,jennifer.martin183@example.com,"$48,705.45",117.38,GOLD
CUST-00256,Karen Martinez, Female,57.0,2022-08-31,San Antonio,USA,karen.martinez256@example.com,"$43,517.56",92.97,bronze
1005,Linda Jackson,O,49.0,07/05/2022,San Antonio,USA,linda.jackson1005@example.com,"$85,343.11",3.76,Gold
CUST-02467,Daniel Thomas,female,43.0,2023-06-08,Chicago,Canada,daniel.thomas2467@example.com,"$30,176.30",197.76,bronze
 CUST-02391 ,Sarah Thomas,male,50.0,2022-07-01,PHILADELPHIA,USA,sarah.thomas2391@example.com,"$39,816.57",,Bronze
CUST-01229,Daniel Davis,male,53.0,11-Jun-2021,DALLAS,Canada,daniel.davis1229@example.com,"$45,005.89",29.68,bronze
CUST-01506,David Brown,male,51.0,28/09/2021,Phoenix,Canada,david.brown1506@example.com,"$93,546.14",113.18,silver
CUST-00494,Daniel Gonzalez,Male,43.0,"July 22, 2022",philadelphia,United Kingdom,daniel.gonzalez494@example.com,"$59,313.79",10.82,gold
CUST-01946,Elizabeth Brown,FEMALE,36.0,12/24/2024,Los Angeles,Canada,elizabeth.brown1946@example.com,"$68,200.39",51.35,Silver
CUST-02004,William Thomas,M,69.0,2024-03-20,Los Angeles,Australia,william.thomas2004@example.com,"$52,368.10",115.38,gold
CUST-00742,Daniel Garcia,m ,42.0,"May 23, 2024",houston,Canada,daniel.garcia742@example.com,"$39,910.85",108.55,BRONZE
CUST-02485,William Martinez,,40.0,2022-10-23,san diego,Australia,william.martinez2485@example.com,"$77,580.09",16.86,gold
 CUST-01585 ,John Anderson,f ,47.0,2024-02-23,PHOENIX,Australia,john.anderson1585@example.com,"$84,579.43",240.34,gold
CUST-01329,Michael Martinez,Female,,27-Dec-2023,  Austin  ,Canada,michael.martinez1329@example.com,"$21,188.23",289.85,Bronze
CUST-00309,Matthew Garcia,F,34.0,2023-12-20,San Antonio,United Kingdom,matthew.garcia309@example.com,,96.31,Bronze
CUST-01619,Linda Martin,m ,24.0,31/07/2021,  Philadelphia  ,USA,linda.martin1619@example.com,"$29,361.25",112.2,silver
CUST-00611,Thomas Wilson,MALE,41.0,23-Sep-2024,PHOENIX,Canada,thomas.wilson611@example.com,"$92,398.44",361.36,silver
 CUST-02612 ,Michael Rodriguez, Male,,2022-07-10,  San Diego  ,United Kingdom,michael.rodriguez2612@example.com,,,gold
1658,Robert Miller,M,31.0,2021-01-13,austin,Canada,robert.miller1658@example.com,"$104,233.43",197.97,bronze
CUST-02168,Michael Smith,female,,"February 05, 2023",Los Angeles,Australia,,"$88,164.47",116.42,bronze
2075,Lisa Davis,female,24.0,"December 01, 2024",Dallas,Australia,lisa.davis2075@example.com,"$73,708.09",147.51,Gold
 CUST-01309 ,Betty Johnson,FEMALE,18.0,"October 15, 2024",  Chicago  ,Canada,betty.johnson1309@example.com,"$47,954.85",231.53,bronze
CUST-02688,David Jackson, Male,41.0,10/09/2024,New York,Canada,david.jackson2688@example.com,"$29,174.88",257.56,BRONZE
CUST-01349,Richard Thomas,Female,38.0,2021-04-23,new york,USA,richard.thomas1349@example.com,"$97,380.00",250.34,BRONZE
 CUST-02074 ,Jessica Williams,male,16.0,08/10/2024,Philadelphia,Canada,jessica.williams2074@example.com,"$61,497.89",280.94,
CUST-01539,James Jones,MALE,57.0,21-Dec-2022,SAN ANTONIO,Australia,james.jones1539@example.com,"$60,660.57",17.49,GOLD
 CUST-00911 ,David Miller,female,48.0,"December 25, 2021",SAN ANTONIO,Australia,david.miller911@example.com,"$87,684.66",195.38,SILVER
CUST-01701,Betty Wilson,f ,41.0,"January 13, 2024",Los Angeles,United Kingdom,betty.wilson1701@example.com,"$43,614.24",72.05,silver
CUST-00165,Betty Martinez,O,51.0,28/02/2024,Dallas,USA,betty.martinez165@example.com,"$50,601.23",186.75,silver
CUST-00106,Jennifer Wilson, Male,57.0,04/06/2024,New York,United Kingdom,jennifer.wilson106@example.com,"$65,693.55",198.71,SILVER
CUST-02664,Patricia Miller, Female,30.0,2024-11-21,austin,USA,patricia.miller2664@example.com,"$63,941.72",266.55,silver
 CUST-02020 ,Elizabeth Martinez,MALE,25.0,08/12/2022,  Dallas  ,Australia,elizabeth.martinez2020@example.com,"$76,445.02",71.96,GOLD
CUST-01019,John Brown,m ,42.0,09/06/2023,Houston,Australia,john.brown1019@example.com,"$70,881.06",200.57,bronze
 CUST-01197 ,Mary Smith,male,-1.0,14-Jan-2022,Philadelphia,Australia,mary.smith1197@example.com,"$71,921.54",130.07,
 CUST-02656 ,Sarah Brown,female,40.0,2024-12-19,Austin,USA,,"$110,052.42",69.5,Gold
CUST-00203,David Lopez,MALE,24.0,2022-12-21,Chicago,Canada,david.lopez203@example.com,"$68,633.50",,BRONZE
CUST-00509,Daniel Hernandez,FEMALE,39.0,02/02/2024,CHICAGO,Canada,daniel.hernandez@@example..com,"$48,426.84",32.61,BRONZE
765,Lisa Rodriguez,M,64.0,"February 20, 2021",DALLAS,USA,lisa.rodriguez765@example.com,"$47,110.66",122.0,BRONZE
2680,Mary Martin,f ,,15-Aug-2024,San Antonio,United Kingdom,mary.martin2680@example.com,"$75,788.38",344.68,SILVER
CUST-01305,Susan Thomas,F,33.0,"August 02, 2024",New York,United Kingdom,susan.thomas1305@example.com,"$68,982.33",210.44,Gold
CUST-00122,Betty Rodriguez,FEMALE,42.0,05/13/2023,philadelphia,Canada,betty.rodriguez122@example.com,"$72,865.38",69.79,gold
2894,Lisa Williams,MALE,22.0,"January 15, 2021",  San Antonio  ,United Kingdom,lisa.williams2894@example.com,"$67,438.19",99.15,silver
CUST-02250,Charles Anderson,M,60.0,2023-04-13,  Dallas  ,United Kingdom,charles.anderson2250@example.com,"$42,294.97",245.02,Gold
 CUST-00504 ,Jennifer Smith,Male,28.0,2023-05-14,New York,Canada,jennifer.smith504@example.com,"$60,403.40",177.51,bronze
CUST-00924,Sarah Taylor,Female,76.0,"November 01, 2022",Los Angeles,Canada,sarah.taylor924@example.com,"$88,417.09",41.34,gold
 CUST-00270 ,Jennifer Hernandez,f ,46.0,17/04/2023,austin,United Kingdom,,"$108,233.38",112.77,bronze
CUST-02507,Nancy Martin,F,59.0,07/08/2022,San Diego,USA,,"$69,787.60",18.85,BRONZE
2140,Richard Jackson,m ,46.0,09-Mar-2024,SAN ANTONIO,Canada,,"$93,307.96",89.56,GOLD
CUST-01241,Karen Williams, Male,16.0,29-Oct-2022,Austin,United Kingdom,karen.williams1241@example.com,"$77,421.81",0.98,Bronze
CUST-00373,Richard Davis,M,42.0,30-Mar-2024,NEW YORK,United Kingdom,richard.davis@@example..com,"$36,586.30",225.86,Gold
 CUST-01474 ,Patricia Martin, Male,52.0,"December 02, 2023",  Los Angeles  ,USA,patricia.martin1474@example.com,"$73,807.38",161.82,BRONZE
CUST-00852,Michael Thomas,m ,52.0,2021-04-14,Austin,Australia,michael.thomas852@example.com,"$78,394.59",284.07,BRONZE
362,Daniel Martinez,M,41.0,"January 15, 2023",PHOENIX,Canada,daniel.martinez362@example.com,"$64,042.57",243.65,bronze
 CUST-01297 ,Thomas Thomas,male,56.0,11/05/2023,  San Diego  ,USA,thomas.thomas1297@example.com,"$40,796.49",16.13,Silver
2943,Joseph Martinez,Female,16.0,07-Dec-2023,  Los Angeles  ,United Kingdom,joseph.martinez2943@example.com,"$5,000,000.00",166.65,Silver
CUST-00726,Nancy Moore,Male,39.0,"August 13, 2023",Dallas,Canada,nancy.moore726@example.com,"$49,703.03",198.41,SILVER
CUST-01159,Daniel Rodriguez,MALE,33.0,"October 04, 2022",New York,United Kingdom,daniel.rodriguez1159@example.com,,79.83,silver
 CUST-02169 ,Sarah Gonzalez, Male,36.0,27-Apr-2023,Chicago,Canada,sarah.gonzalez2169@example.com,"$76,167.23",73.25,bronze
CUST-01172,William Hernandez,male,50.0,03-Nov-2021,san antonio,Canada,william.hernandez1172@example.com,"$70,359.51",275.44,bronze
CUST-00904,Linda Anderson,male,42.0,05/05/2021,San Diego,United Kingdom,linda.anderson904@example.com,"$41,157.61",233.71,
CUST-01015,Karen Williams,female,51.0,,Philadelphia,Canada,karen.williams1015@example.com,"$51,364.70",11.99,SILVER
1845,Michael Williams,,59.0,2021-05-11,San Diego,USA,michael.williams1845@example.com,"$62,936.35",252.44,Bronze
CUST-02498,John Lopez,O,44.0,2024-04-11,Los Angeles,Canada,john.lopez2498@example.com,"$95,669.35",150.49,
2497,Jennifer Gonzalez,F,64.0,"April 25, 2023",Austin,Australia,jennifer.gonzalez2497@example.com,"$85,245.51",254.67,GOLD
CUST-00984,Mary Smith,m ,28.0,2022-04-05,Los Angeles,Australia,mary.smith984@example.com,"$62,691.60",220.5,Silver
CUST-01020,Charles Smith,F,60.0,2023-08-04,Dallas,USA,charles.smith1020@example.com,"$53,235.70",274.66,silver
1124,Charles Williams,Male,48.0,10-Jan-2022,PHILADELPHIA,United Kingdom,charles.williams1124@example.com,"$45,538.80",195.6,silver
CUST-01325,Linda Johnson,m ,58.0,"November 23, 2022",New York,Canada,linda.johnson1325@example.com,"$69,833.73",11.87,gold
CUST-02840,Mary Martin,Female,25.0,"April 04, 2022",  Austin  ,Australia,mary.martin2840@example.com,"$62,451.73",94.94,bronze
CUST-01646,Daniel Hernandez,female,28.0,04/11/2023,Dallas,Australia,daniel.hernandez1646@example.com,"$114,505.49",263.19,gold
CUST-02708,David Williams,Non-binary,57.0,05/19/2021,  Philadelphia  ,Canada,david.williams2708@example.com,"$56,070.10",162.79,Silver
1744,Michael Smith,Female,49.0,18-Jul-2022,Phoenix,Australia,michael.smith1744@example.com,"$34,018.11",221.19,Bronze
CUST-02138,William Lopez,Female,44.0,2021-07-16,Houston,United Kingdom,william.lopez2138@example.com,"$43,044.41",108.41,Bronze
CUST-01630,Nancy Martinez,Male,39.0,15/09/2021,Phoenix,USA,nancy.martinez1630@example.com,"$44,039.49",76.93,BRONZE
 CUST-02376 ,Linda Jackson, Male,46.0,"March 20, 2024",Dallas,USA,linda.jackson2376@example.com,"$12,864.68",173.82,gold
CUST-02855,Robert Brown,female,38.0,08-Sep-2022,  Phoenix  ,Canada,robert.brown2855@example.com,"$81,750.91",316.04,Silver
CUST-01665,Sarah Thomas,m ,65.0,"January 31, 2024",  New York  ,Australia,sarah.thomas1665@example.com,"$75,041.51",62.54,Bronze
 CUST-01961 ,Nancy Jackson,Non-binary,16.0,04-Apr-2023,Chicago,Canada,nancy.jackson1961@example.com,"$54,002.86",247.38,gold
CUST-01457,Jennifer Lopez,Female,34.0,29-Nov-2024,Austin,Australia,jennifer.lopez1457@example.com,"$64,229.22",91.1,GOLD
CUST-02393,John Hernandez,Male,20.0,2024-09-09,New York,Australia,john.hernandez2393@example.com,"$47,245.71",119.57,gold
CUST-02154,Nancy Jones,f ,60.0,11-Oct-2022,CHICAGO,United Kingdom,nancy.jones2154@example.com,"$70,723.12",174.1,Bronze
CUST-00358,Thomas Martin,Male,35.0,26/08/2022,Los Angeles,Australia,,"$36,233.16",177.66,
CUST-00290,Robert Smith,M,52.0,2024-05-10,New York,Canada,,"$48,386.21",158.92,GOLD
CUST-00753,Michael Martinez,F,58.0,04-Oct-2023,san antonio,Australia,michael.martinez753@example.com,"$75,447.61",291.99,gold
CUST-00223,Elizabeth Wilson,Male,37.0,27-Feb-2022,austin,United Kingdom,elizabeth.wilson223@example.com,"$84,430.55",6.02,gold
CUST-02006,Susan Johnson,MALE,41.0,11/05/2022,San Diego,USA,susan.johnson@@example..com,"$77,353.55",147.59,
CUST-01354,Jennifer Gonzalez,MALE,59.0,10/07/2022,San Antonio,USA,jennifer.gonzalez1354@example.com,"$105,155.71",,BRONZE
 CUST-01103 ,Betty Johnson, Male,47.0,07/11/2024,  San Antonio  ,Australia,,,253.29,gold
 CUST-01447 ,Jennifer Brown, Female,55.0,"August 15, 2024",PHILADELPHIA,Australia,jennifer.brown1447@example.com,"$42,875.00",269.78,gold
CUST-01892,Nancy Moore,FEMALE,48.0,"October 17, 2022",New York,Canada,nancy.moore1892@example.com,"$69,320.49",19.62,Bronze
CUST-01161,Elizabeth Garcia,m ,25.0,2022-11-05,phoenix,Canada,elizabeth.garcia1161@example.com,"$92,171.08",236.4,silver
2998,Joseph Garcia,female,53.0,"March 04, 2024",San Antonio,Australia,joseph.garcia2998@example.com,"$65,571.55",175.23,SILVER
1628,Betty Anderson,MALE,49.0,"December 16, 2021",  New York  ,United Kingdom,betty.anderson1628@example.com,"$87,501.33",237.91,Silver
CUST-01059,Elizabeth Gonzalez,m ,61.0,2024-01-03,AUSTIN,USA,elizabeth.gonzalez1059@example.com,"$47,602.33",18.11,bronze
CUST-02584,Susan Moore,Male,47.0,2024-05-02,LOS ANGELES,Australia,susan.moore2584@example.com,"$45,380.00",161.21,Bronze
CUST-02525,Joseph Smith, Female,57.0,19-May-2023,San Antonio,Australia,joseph.smith2525@example.com,"$81,478.81",113.43,Gold
 CUST-00447 ,Lisa Smith,M,16.0,27/12/2024,Dallas,USA,lisa.smith447@example.com,"$89,041.68",160.01,bronze
 CUST-01267 ,Karen Rodriguez,Male,23.0,25-Feb-2022,Phoenix,Canada,karen.rodriguez1267@example.com,"$88,782.20",39.26,Gold
CUST-01176,Jennifer Martinez,f ,16.0,17-Nov-2022,San Diego,Canada,,"$81,659.95",-85.73,Silver
CUST-00766,Linda Thomas,F,25.0,15-Sep-2022,San Diego,Canada,linda.thomas766@example.com,"$68,357.23",251.01,bronze
 CUST-02386 ,Linda Smith, Female,24.0,"February 24, 2024",Philadelphia,USA,linda.smith2386@example.com,"$75,417.42",80.03,silver
CUST-01436,James Martinez,Male,35.0,2023-10-17,San Diego,Canada,james.martinez1436@example.com,"$58,051.01",59.9,Silver
 CUST-00115 ,William Rodriguez,f ,27.0,"February 26, 2022",Austin,Canada,william.rodriguez115@example.com,"$53,373.15",256.38,
CUST-01437,Sarah Wilson, Female,46.0,2023-06-02,Austin,Australia,sarah.wilson1437@example.com,"$-15,000.00",118.45,gold
CUST-02358,Lisa Taylor,F,25.0,"November 18, 2022",New York,Canada,lisa.taylor2358@example.com,"$41,322.27",104.54,
770,Matthew Wilson,FEMALE,38.0,11-Dec-2021,AUSTIN,United Kingdom,matthew.wilson770@example.com,"$90,754.49",3.27,
CUST-01568,Susan Miller,m ,16.0,14-Sep-2021,Phoenix,USA,susan.miller1568@example.com,"$53,389.20",87.26,silver
CUST-00057,Joseph Miller, Male,24.0,2021-02-17,San Antonio,United Kingdom,joseph.miller57@example.com,"$87,288.02",110.46,GOLD
1042,Elizabeth Brown, Female,39.0,"June 02, 2021",Los Angeles,USA,elizabeth.brown1042@example.com,"$68,410.41",194.41,BRONZE
CUST-02319,Matthew Brown,male,35.0,16/10/2021,Dallas,Canada,matthew.brown2319@example.com,"$63,974.56",119.01,SILVER
 CUST-02242 ,John Garcia,female,17.0,22/11/2024,Philadelphia,United Kingdom,john.garcia2242@example.com,"$58,432.59",164.23,SILVER
1106,Jennifer Anderson,Male,37.0,2024-07-28,PHILADELPHIA,United Kingdom,jennifer.anderson1106@example.com,"$89,558.24",59.34,GOLD
CUST-00135,Daniel Wilson,Female,50.0,"August 06, 2022",Dallas,United Kingdom,daniel.wilson135@example.com,"$106,620.07",283.7,SILVER
CUST-02374,Mary Johnson,F,66.0,02/13/2022,Los Angeles,Canada,mary.johnson2374@example.com,"$53,260.66",130.96,Silver
 CUST-01101 ,Karen Taylor,F,26.0,06/10/2024,Houston,Australia,,"$60,384.28",224.72,
CUST-02831,Patricia Gonzalez,m ,43.0,28-Jan-2024,Chicago,United Kingdom,patricia.gonzalez2831@example.com,"$78,797.63",77.71,GOLD
2239,Susan Johnson,F,25.0,"November 16, 2023",PHILADELPHIA,USA,susan.johnson2239@example.com,"$65,765.26",247.25,Bronze
CUST-02975,Karen Garcia,f ,70.0,"June 20, 2021",chicago,USA,karen.garcia2975@example.com,"$76,242.15",162.53,SILVER
54,James Thomas,f ,46.0,2021-04-26,Chicago,Canada,james.thomas54@example.com,"$66,894.76",121.79,bronze
CUST-02925,Karen Taylor,female,20.0,"July 17, 2023",CHICAGO,United Kingdom,karen.taylor2925@example.com,,147.32,Bronze
484,Betty Gonzalez,male,60.0,04-Feb-2021,New York,USA,betty.gonzalez484@example.com,"$57,644.08",162.86,SILVER
CUST-00395,Jennifer Miller,m ,42.0,09/29/2021,Philadelphia,United Kingdom,,"$68,853.49",72.59,bronze
CUST-02964,Charles Gonzalez,m ,43.0,2024-07-14,Houston,USA,charles.gonzalez2964@example.com,"$43,639.31",74.24,Gold
1606,Betty Miller,male,,"March 21, 2024",Chicago,USA,betty.miller1606@example.com,"$77,358.70",222.74,
CUST-01332,Linda Williams,Non-binary,-5.0,2022-06-29,houston,Australia,linda.williams1332@example.com,"$62,789.51",,bronze
1043,Linda Hernandez,female,37.0,25/03/2024,New York,Canada,linda.hernandez1043@example.com,"$67,720.27",,GOLD
 CUST-00227 ,Nancy Jones,male,200.0,17/06/2024,dallas,USA,nancy.jones227@example.com,"$67,090.28",145.01,
CUST-00875,Susan Miller,f ,49.0,"April 11, 2024",  San Antonio  ,United Kingdom,susan.miller875@example.com,"$72,044.91",48.81,bronze
CUST-01146,Jennifer Johnson,other,36.0,21-Apr-2023,Phoenix,United Kingdom,jennifer.johnson1146@example.com,"$65,916.94",236.75,bronze
 CUST-01330 ,Charles Jackson,Male,72.0,2021-10-21,Houston,Australia,charles.jackson1330@example.com,"$66,360.65",94.64,bronze
2874,Sarah Johnson,Female,49.0,10/18/2022,  Chicago  ,Canada,sarah.johnson2874@example.com,"$57,280.30",122.55,Silver
CUST-02054,Joseph Jackson,m ,36.0,23/03/2021,philadelphia,Canada,joseph.jackson2054@example.com,"$42,787.79",244.62,
CUST-00839,William Wilson,m ,30.0,03/08/2021,PHOENIX,Canada,william.wilson839@example.com,"$57,549.69",69.47,GOLD
 CUST-01981 ,Linda Gonzalez,F,43.0,23/03/2023,New York,Australia,linda.gonzalez1981@example.com,"$58,424.22",249.87,Silver
440,Nancy Williams,MALE,60.0,2023-10-09,Chicago,United Kingdom,nancy.williams440@example.com,"$78,038.85",189.22,Silver
1810,Thomas Hernandez,Other,34.0,14/05/2024,HOUSTON,USA,thomas.hernandez@@example..com,"$61,262.87",60.64,bronze
CUST-01953,David Smith,MALE,46.0,08-Apr-2021,Austin,United Kingdom,david.smith1953@example.com,"$37,907.91",121.04,Gold
1993,Michael Smith,male,42.0,2021-09-22,HOUSTON,Australia,michael.smith1993@example.com,"$107,577.33",84.02,gold
472,Robert Brown,MALE,32.0,19/09/2021,SAN DIEGO,Australia,robert.brown472@example.com,"$85,783.15",76.58,gold
CUST-01253,Robert Garcia,f ,47.0,09-Jan-2024,Los Angeles,Australia,robert.garcia1253@example.com,"$36,818.69",2.0,silver
1592,Thomas Martin,female,36.0,16-Mar-2023,LOS ANGELES,Australia,thomas.martin1592@example.com,"$106,874.12",106.84,Bronze
 CUST-00645 ,Charles Moore,M,32.0,25-Apr-2022,new york,Australia,charles.moore645@example.com,"$52,913.71",302.5,SILVER
CUST-00125,Robert Wilson,f ,51.0,"June 01, 2024",San Diego,Australia,robert.wilson125@example.com,"$82,716.84",169.37,GOLD
 CUST-00196 ,Lisa Lopez,,41.0,10/07/2021,Austin,Canada,lisa.lopez196@example.com,"$38,851.48",117.97,Bronze
 CUST-01415 ,Matthew Anderson, Female,33.0,22-Aug-2023,Chicago,United Kingdom,matthew.anderson1415@example.com,"$35,642.51",213.79,SILVER
CUST-01316,Charles Rodriguez,other,43.0,"July 19, 2024",Phoenix,Australia,charles.rodriguez1316@example.com,"$59,060.07",190.39,Bronze
297,Robert Lopez,Female,43.0,"August 05, 2021",Phoenix,Canada,robert.lopez297@example.com,,250.42,BRONZE
CUST-00335,Patricia Martinez,Female,37.0,06-Nov-2024,Los Angeles,Australia,patricia.martinez335@example.com,,113.94,Silver
CUST-00619,David Wilson,Male,43.0,11/10/2023,Dallas,Australia,david.wilson619@example.com,"$49,294.49",107.43,Gold
CUST-00132,Betty Jackson,F,21.0,16/07/2023,DALLAS,Canada,betty.jackson132@example.com,"$61,504.45",124.79,BRONZE
1758,David Williams,F,49.0,13/05/2024,DALLAS,Canada,david.williams1758@example.com,"$40,732.54",123.96,Silver
CUST-00056,Matthew Davis,Male,26.0,20/01/2023,san antonio,Canada,matthew.davis56@example.com,,33.95,GOLD
CUST-00457,Matthew Davis,Male,36.0,2022-12-24,dallas,United Kingdom,matthew.davis457@example.com,"$30,535.46",173.06,GOLD
 CUST-02476 ,Mary Smith, Male,24.0,2021-09-11,HOUSTON,Australia,mary.smith2476@example.com,"$66,279.52",216.07,bronze
CUST-00107,Richard Johnson,f ,22.0,22-Oct-2022,  Los Angeles  ,Canada,richard.johnson107@example.com,"$51,448.41",96.67,bronze
 CUST-01601 ,Thomas Martinez,other,57.0,05-May-2023,PHILADELPHIA,Australia,thomas.martinez1601@example.com,"$35,102.58",68.31,BRONZE
2903,Richard Garcia,Male,44.0,2022-06-18,austin,Australia,richard.garcia2903@example.com,"$54,316.02",101.54,GOLD
CUST-01787,James Anderson, Female,38.0,09/26/2022,New York,Canada,james.anderson1787@example.com,"$62,247.52",78.08,silver
CUST-00338,Joseph Rodriguez,O,76.0,2023-10-18,Austin,Canada,joseph.rodriguez338@example.com,"$91,208.59",223.47,Gold
CUST-02078,Linda Martinez,other,72.0,"April 13, 2021",New York,USA,linda.martinez2078@example.com,"$68,899.94",89.0,silver
 CUST-02053 ,Susan Moore,m ,43.0,2022-08-17,DALLAS,USA,susan.moore2053@example.com,"$61,689.85",170.25,Gold
2398,David Thomas,female,51.0,"February 18, 2021",New York,Canada,david.thomas2398@example.com,"$57,345.39",189.71,SILVER
CUST-00905,David Brown,F,39.0,04/12/2024,chicago,United Kingdom,david.brown905@example.com,,167.02,Silver
CUST-02229,Jennifer Lopez, Female,32.0,06-Dec-2023,Austin,Australia,jennifer.lopez2229@example.com,"$31,469.89",162.65,gold
233,Daniel Johnson,O,70.0,"August 07, 2022",Austin,Canada,daniel.johnson233@example.com,,66.02,silver
CUST-00935,Daniel Gonzalez,F,57.0,19-Mar-2024,Dallas,Canada,daniel.gonzalez935@example.com,"$81,968.18",6.64,
 CUST-02191 ,Susan Rodriguez,F,78.0,03/13/2023,  Dallas  ,Australia,susan.rodriguez2191@example.com,"$79,768.88",150.3,bronze
CUST-00602,Patricia Rodriguez,M,31.0,12/12/2024,Philadelphia,United Kingdom,,"$34,466.41",169.18,SILVER
CUST-01548,Patricia Miller,M,32.0,2022-12-04,Los Angeles,USA,patricia.miller1548@example.com,"$77,587.02",58.85,Silver
2151,Daniel Smith, Female,60.0,17-Jan-2022,los angeles,USA,daniel.smith2151@example.com,"$70,284.62",152.61,bronze
CUST-00212,Elizabeth Miller,female,16.0,06/24/2022,phoenix,USA,elizabeth.miller212@example.com,"$77,756.40",175.06,Bronze
CUST-01291,Michael Jackson,male,46.0,,Los Angeles,Australia,michael.jackson1291@example.com,"$91,537.92",125.26,SILVER
CUST-01481,Richard Martinez,Male,32.0,05/30/2021,  San Diego  ,Canada,richard.martinez1481@example.com,"$49,689.66",143.53,silver
CUST-01678,Jessica Gonzalez,Male,41.0,"June 25, 2022",PHILADELPHIA,Australia,jessica.gonzalez1678@example.com,"$84,569.00",288.85,BRONZE
CUST-02181,Nancy Gonzalez,male,38.0,20/01/2024,New York,United Kingdom,nancy.gonzalez2181@example.com,"$66,865.68",167.07,Gold
CUST-00904,Linda Anderson,male,42.0,05/05/2021,San Diego,United Kingdom,linda.anderson904@example.com,"$41,157.61",233.71,
 CUST-02942 ,Jennifer Brown,female,56.0,06-May-2022,Houston,Canada,jennifer.brown2942@example.com,"$86,740.68",171.66,Gold
 CUST-00359 ,Elizabeth Moore, Male,46.0,2021-04-28,  San Antonio  ,Australia,elizabeth.moore359@example.com,"$54,633.67",177.11,GOLD
CUST-00939,Betty Anderson,male,,02-Sep-2022,LOS ANGELES,United Kingdom,betty.anderson939@example.com,"$57,391.42",171.03,
 CUST-01439 ,Thomas Jones,Male,36.0,27-May-2021,New York,Australia,thomas.jones1439@example.com,"$58,804.47",209.33,
CUST-00581,Karen Jones,F,35.0,"May 25, 2021",Philadelphia,USA,karen.jones581@example.com,"$54,291.25",207.9,
CUST-01695,Patricia Moore,female,43.0,2024-10-23,Austin,USA,patricia.moore1695@example.com,"$93,443.55",102.25,SILVER
 CUST-00474 ,Thomas Williams,male,30.0,09/23/2021,new york,Canada,thomas.williams474@example.com,"$58,954.42",128.58,Bronze
1193,Linda Martin,M,32.0,2022-09-14,  Houston  ,United Kingdom,linda.martin1193@example.com,"$62,838.34",165.75,silver
CUST-01126,Jessica Hernandez,Female,37.0,01/20/2021,Chicago,USA,jessica.hernandez1126@example.com,"$96,730.61",56.88,SILVER
CUST-02212,Thomas Anderson, Male,40.0,21/12/2021,DALLAS,Australia,thomas.anderson2212@example.com,"$68,713.98",73.01,GOLD
CUST-00065,Thomas Moore,F,46.0,22-Jan-2023,San Antonio,Canada,thomas.moore65@example.com,"$59,987.91",178.68,silver
 CUST-01980 ,Jessica Jones,male,37.0,"June 27, 2023",chicago,United Kingdom,jessica.jones1980@example.com,"$49,681.46",204.92,Bronze
CUST-02261,Richard Williams,female,22.0,09-Sep-2021,houston,USA,,"$48,782.71",,gold
2292,Sarah Lopez,m ,47.0,2023-04-19,Philadelphia,United Kingdom,sarah.lopez2292@example.com,"$48,173.23",72.71,
CUST-02671,Charles Lopez,M,51.0,12/09/2023,philadelphia,USA,charles.lopez2671@example.com,,131.3,silver
CUST-02910,Betty Martin,m ,27.0,23-Nov-2022,Los Angeles,United Kingdom,betty.martin2910@example.com,"$86,458.88",152.46,BRONZE
CUST-00882,Robert Williams,MALE,44.0,11/19/2024,Dallas,United Kingdom,robert.williams882@example.com,"$61,047.77",48.67,Bronze
CUST-01926,Jessica Rodriguez, Female,43.0,05/02/2021,AUSTIN,United Kingdom,jessica.rodriguez1926@example.com,"$68,417.26",41.03,gold
CUST-00076,Richard Wilson,,0.0,"January 14, 2022",CHICAGO,Canada,richard.wilson76@example.com,"$28,845.49",203.78,BRONZE
 CUST-02827 ,Susan Martinez,F,64.0,10-Dec-2024,Los Angeles,United Kingdom,susan.martinez2827@example.com,"$76,168.75",280.1,SILVER
 CUST-02474 ,Betty Miller,Male,39.0,07/12/2022,Phoenix,Australia,betty.miller2474@example.com,"$83,843.46",379.91,GOLD
CUST-00934,Thomas Williams,Male,16.0,21-Jul-2021,SAN DIEGO,Australia,thomas.williams934@example.com,"$86,640.00",210.16,
CUST-00804,Jessica Martin,O,26.0,29/03/2021,Houston,Canada,jessica.martin804@example.com,"$75,865.28",146.61,GOLD
CUST-02401,Jennifer Martinez,M,33.0,15-Oct-2021,San Antonio,Canada,jennifer.martinez2401@example.com,"$72,895.97",0.85,Gold
CUST-02842,Patricia Thomas,M,19.0,07/01/2023,Dallas,USA,patricia.thomas2842@example.com,"$97,157.77",221.39,bronze
CUST-00521,Richard Lopez,m ,33.0,24-Jul-2023,san diego,Australia,,"$111,509.87",48.58,
 CUST-01489 ,Richard Martinez,female,54.0,16-Aug-2021,NEW YORK,Australia,richard.martinez1489@example.com,"$58,496.22",86.4,silver
 CUST-02299 ,Elizabeth Hernandez,F,21.0,03/16/2024,San Antonio,USA,elizabeth.hernandez2299@example.com,"$66,291.97",275.77,silver
 CUST-00996 ,Thomas Williams,M,26.0,03/23/2024,new york,Canada,thomas.williams996@example.com,"$42,272.92",35.2,Silver
CUST-02511,Karen Miller,M,67.0,2021-08-17,  Philadelphia  ,Australia,karen.miller2511@example.com,"$40,617.97",19.02,silver
CUST-00318,Linda Garcia, Female,56.0,08/25/2024,Los Angeles,USA,linda.garcia318@example.com,"$87,379.45",175.05,SILVER
CUST-01873,Elizabeth Jones,female,42.0,2021-07-12,San Antonio,USA,elizabeth.jones1873@example.com,"$30,944.85",263.03,gold
CUST-02700,Nancy Anderson, Female,20.0,11/25/2021,San Diego,United Kingdom,nancy.anderson2700@example.com,"$75,773.80",171.67,Gold
CUST-01246,Elizabeth Miller,Female,39.0,27/08/2023,Philadelphia,Australia,elizabeth.miller1246@example.com,"$78,561.89",102.41,SILVER
 CUST-02224 ,David Williams,,36.0,01-Aug-2021,PHILADELPHIA,Canada,david.williams2224@example.com,"$52,035.18",119.85,gold
CUST-01811,Richard Brown,Male,40.0,11/08/2024,  Phoenix  ,Australia,richard.brown1811@example.com,,124.88,Gold
757,Sarah Martin, Female,68.0,"April 20, 2023",Philadelphia,United Kingdom,sarah.martin757@example.com,"$76,337.71",145.87,
CUST-00449,Richard Rodriguez,Non-binary,26.0,"September 02, 2023",Austin,Australia,richard.rodriguez449@example.com,"$32,661.05",119.26,Bronze
CUST-00748,Richard Taylor,FEMALE,21.0,01/11/2022,CHICAGO,USA,richard.taylor748@example.com,"$39,062.60",100.76,
 CUST-01487 ,John Martin,M,61.0,20/07/2024,LOS ANGELES,Australia,john.martin1487@example.com,"$999,999,999.00",235.38,BRONZE
 CUST-00910 ,Thomas Jackson,F,,12/29/2021,Philadelphia,Australia,thomas.jackson910@example.com,"$63,175.49",145.03,Gold
2875,Betty Williams,O,45.0,14-May-2022,Los Angeles,Australia,betty.williams2875@example.com,"$65,930.62",263.62,silver
 CUST-00131 ,Susan Smith,M,16.0,07/11/2024,AUSTIN,Australia,susan.smith131@example.com,"$74,704.26",32.33,Bronze
CUST-02375,Charles Thomas,M,48.0,08/24/2022,Houston,United Kingdom,,"$65,182.38",29.76,BRONZE
CUST-01733,David Martinez,F,57.0,03/02/2024,LOS ANGELES,United Kingdom,david.martinez1733@example.com,"$31,328.30",136.06,
CUST-00781,Charles Rodriguez,Female,40.0,16-Apr-2022,Houston,Australia,charles.rodriguez781@example.com,"$53,909.18",190.68,GOLD
CUST-02659,Daniel Hernandez,f ,58.0,22-Oct-2023,Philadelphia,Australia,daniel.hernandez2659@example.com,"$55,420.86",210.05,BRONZE
CUST-01757,Charles Johnson,F,21.0,14/01/2023,  Austin  ,Canada,charles.johnson1757@example.com,"$34,183.09",195.72,GOLD
 CUST-02950 ,Daniel Martin,female,,"September 28, 2024",Chicago,USA,daniel.martin2950@example.com,"$50,022.33",63.5,SILVER
2504,Patricia Moore,Female,22.0,17/12/2024,Houston,USA,patricia.moore2504@example.com,"$28,022.09",180.99,Silver
 CUST-02329 ,Robert Brown,MALE,46.0,09/21/2023,Philadelphia,USA,robert.brown2329@example.com,"$40,150.25",261.67,Silver
CUST-01218,Lisa Gonzalez,Female,40.0,17-Dec-2022,San Diego,United Kingdom,lisa.gonzalez1218@example.com,"$51,132.26",91.16,Silver
 CUST-00764 ,James Jackson,f ,39.0,09/01/2021,philadelphia,Canada,james.jackson764@example.com,"$20,840.44",106.06,gold
1102,Jennifer Thomas,Female,50.0,"January 28, 2021",Phoenix,Australia,jennifer.thomas1102@example.com,,209.13,silver
CUST-01351,Linda Moore,FEMALE,43.0,"April 24, 2023",Los Angeles,United Kingdom,,"$65,467.23",230.95,GOLD
319,William Rodriguez,Female,65.0,05/18/2022,New York,United Kingdom,william.rodriguez319@example.com,"$44,188.99",93.55,bronze
CUST-00635,Betty Williams,other,,06/03/2024,San Antonio,United Kingdom,betty.williams635@example.com,"$61,565.18",208.46,
 CUST-02253 ,David Martinez,female,26.0,09/30/2023,  Chicago  ,USA,david.martinez2253@example.com,"$55,099.63",121.21,
 CUST-01116 ,Betty Martinez,Female,47.0,29-Sep-2021,  New York  ,Canada,betty.martinez1116@example.com,"$31,107.91",,Bronze
 CUST-02663 ,Daniel Gonzalez,female,32.0,12/25/2024,New York,USA,daniel.gonzalez2663@example.com,"$41,895.13",166.81,silver
CUST-00217,Karen Rodriguez, Female,17.0,12/23/2023,Phoenix,Australia,karen.rodriguez217@example.com,"$61,099.96",3.62,gold
CUST-00365,Mary Garcia,f ,53.0,31/07/2024,  Dallas  ,United Kingdom,mary.garcia365@example.com,"$23,754.76",245.5,GOLD
CUST-00232,David Martin,other,31.0,2022-10-30,Chicago,Australia,david.martin232@example.com,"$74,690.41",301.44,SILVER
 CUST-01007 ,David Gonzalez,f ,19.0,14/02/2022,New York,Australia,david.gonzalez1007@example.com,"$75,923.58",186.32,Bronze
CUST-00677,Joseph Martin,FEMALE,32.0,2022-08-28,San Diego,Australia,,"$37,803.14",166.05,Bronze
2882,Charles Williams,male,40.0,02/19/2021,San Antonio,Canada,charles.williams2882@example.com,"$35,291.34",132.6,Bronze
CUST-00088,Michael Martin,F,22.0,2022-01-30,NEW YORK,Canada,michael.martin88@example.com,"$14,591.68",330.57,Gold
2951,Susan Williams,female,200.0,"November 10, 2023",Houston,USA,susan.williams2951@example.com,"$34,110.65",149.55,Bronze
2635,Betty Martin,m ,39.0,03/22/2022,Houston,USA,betty.martin2635@example.com,"$38,257.62",154.81,silver
CUST-00928,David Jackson,male,27.0,"July 13, 2022",LOS ANGELES,USA,david.jackson928@example.com,"$57,260.40",191.11,SILVER
CUST-01497,Susan Thomas,male,58.0,10/06/2021,LOS ANGELES,Australia,susan.thomas1497@example.com,"$68,422.44",114.38,GOLD
 CUST-01912 ,Matthew Brown, Male,21.0,"December 28, 2023",Chicago,Australia,matthew.brown1912@example.com,"$64,216.39",110.96,gold
CUST-00975,Richard Williams,MALE,16.0,"May 29, 2021",Philadelphia,United Kingdom,richard.williams975@example.com,"$62,788.76",319.85,Bronze
801,Jessica Jackson,m ,56.0,15/09/2022,San Antonio,Australia,jessica.jackson801@example.com,"$38,590.46",,
CUST-02655,James Garcia,female,37.0,2023-12-01,New York,United Kingdom,james.garcia2655@example.com,"$71,306.15",155.22,GOLD
 CUST-00347 ,Susan Jones,m ,37.0,03/06/2024,Los Angeles,USA,susan.jones347@example.com,"$77,118.01",85.93,
CUST-00877,Patricia Gonzalez,,40.0,"August 08, 2024",San Diego,United Kingdom,patricia.gonzalez877@example.com,"$64,148.12",80.04,bronze
CUST-01891,John Miller,Male,57.0,12/14/2023,Los Angeles,Australia,john.miller1891@example.com,"$64,246.30",270.94,Gold
 CUST-00235 ,Jessica Lopez,female,16.0,11/05/2021,Dallas,Canada,jessica.lopez235@example.com,"$66,721.66",276.41,GOLD
 CUST-01471 ,Linda Anderson,male,42.0,2023-11-29,  San Diego  ,Canada,linda.anderson1471@example.com,"$53,607.23",72.74,Silver
737,Jennifer Martin,female,17.0,"June 06, 2023",phoenix,United Kingdom,jennifer.martin737@example.com,"$96,236.80",267.17,silver
CUST-02569,Jessica Taylor,F,36.0,2021-09-18,  San Antonio  ,Canada,jessica.taylor2569@example.com,"$66,113.21",166.91,Silver
CUST-02861,Jessica Jackson,female,55.0,15/02/2022,phoenix,USA,jessica.jackson2861@example.com,"$66,305.69",86.93,SILVER
CUST-01323,Sarah Martinez, Female,37.0,"September 11, 2021",  Austin  ,Canada,sarah.martinez1323@example.com,"$60,584.86",73.33,BRONZE
 CUST-02276 ,Lisa Jackson,M,32.0,23/09/2021,  Philadelphia  ,Australia,lisa.jackson2276@example.com,,65.58,Silver
CUST-01704,Linda Moore,MALE,16.0,"August 25, 2022",Houston,Canada,linda.moore1704@example.com,"$42,849.94",139.16,GOLD
CUST-00895,Matthew Wilson,Female,42.0,01/11/2021,CHICAGO,Canada,matthew.wilson895@example.com,"$70,153.10",240.15,bronze
CUST-02934,Jessica Johnson,F,26.0,2024-01-26,Chicago,USA,,"$83,498.98",164.77,GOLD
CUST-01156,Thomas Lopez, Male,40.0,2021-10-11,DALLAS,USA,thomas.lopez1156@example.com,"$41,990.99",150.27,silver
CUST-01381,John Wilson,f ,36.0,2023-02-08,NEW YORK,United Kingdom,john.wilson1381@example.com,"$73,580.19",126.38,Silver
2764,Michael Miller,MALE,46.0,"April 02, 2022",philadelphia,United Kingdom,,,70.47,silver
CUST-00920,Elizabeth Rodriguez,,52.0,"December 18, 2022",Philadelphia,United Kingdom,elizabeth.rodriguez920@example.com,"$49,818.92",73.69,
CUST-02962,Jennifer Williams,O,36.0,2022-12-01,Phoenix,USA,jennifer.williams2962@example.com,"$42,002.57",114.91,bronze
CUST-02069,Patricia Martin, Female,43.0,22/11/2023,Dallas,Australia,patricia.martin2069@example.com,"$61,143.00",158.98,GOLD
CUST-02453,Mary Taylor,m ,43.0,04/10/2022,HOUSTON,United Kingdom,mary.taylor2453@example.com,"$89,221.24",135.69,SILVER
 CUST-01795 ,Matthew Taylor,FEMALE,45.0,20/01/2024,San Diego,Australia,,"$91,780.48",187.92,Gold
 CUST-02720 ,Betty Thomas,m ,41.0,26/03/2024,new york,USA,betty.thomas2720@example.com,"$77,704.03",311.61,bronze
CUST-02137,Betty Anderson,M,50.0,"March 20, 2023",Philadelphia,Canada,betty.anderson2137@example.com,"$52,853.21",197.92,
762,Michael Anderson,Female,45.0,24/06/2023,chicago,United Kingdom,michael.anderson762@example.com,"$59,387.97",201.35,silver
 CUST-02395 ,Mary Wilson,Female,52.0,"May 26, 2021",phoenix,USA,,"$47,541.26",18.91,gold
CUST-01328,Nancy Hernandez,M,57.0,"August 12, 2024",austin,Canada,nancy.hernandez1328@example.com,"$46,200.21",169.4,Silver
CUST-00078,Betty Lopez,male,44.0,21-Jun-2024,Austin,United Kingdom,betty.lopez78@example.com,"$52,984.52",207.66,
1509,Michael Anderson,m ,67.0,18/08/2022,PHOENIX,Canada,michael.anderson1509@example.com,"$32,917.63",184.63,
CUST-02852,Linda Thomas,F,25.0,2023-11-23,phoenix,United Kingdom,linda.thomas2852@example.com,"$77,786.21",124.43,GOLD
 CUST-02633 ,Karen Jones,f ,16.0,28/01/2023,Houston,Canada,karen.jones2633@example.com,"$102,158.39",102.91,SILVER
CUST-00248,Thomas Lopez,female,59.0,2023-09-22,Phoenix,United Kingdom,thomas.lopez248@example.com,"$51,382.84",75.81,silver
CUST-00038,Patricia Rodriguez,MALE,49.0,01-Nov-2022,  San Antonio  ,Australia,patricia.rodriguez38@example.com,"$42,370.58",161.6,GOLD
CUST-01816,Joseph Johnson,FEMALE,29.0,15-May-2023,philadelphia,United Kingdom,joseph.johnson1816@example.com,"$51,404.16",157.86,Bronze
 CUST-01590 ,Sarah Davis,Female,36.0,21/05/2022,HOUSTON,Australia,sarah.davis1590@example.com,"$81,869.89",208.82,silver
CUST-02272,Susan Hernandez,f ,51.0,17-Aug-2021,Philadelphia,United Kingdom,susan.hernandez2272@example.com,"$79,677.45",107.82,Bronze
CUST-02983,Susan Hernandez,F,59.0,,san diego,USA,susan.hernandez2983@example.com,"$5,000,000.00",227.55,silver
CUST-00950,Nancy Williams,Female,43.0,01/19/2024,Phoenix,USA,nancy.williams950@example.com,"$30,150.46",212.83,gold
 CUST-01908 ,John Garcia, Female,36.0,2023-06-17,San Diego,United Kingdom,john.garcia1908@example.com,"$44,115.79",284.18,BRONZE
 CUST-00343 ,Daniel Jones,MALE,64.0,2022-03-28,Philadelphia,Canada,daniel.jones343@example.com,"$82,660.60",2.61,bronze
CUST-02154,Nancy Jones,f ,60.0,11-Oct-2022,Chicago,United Kingdom,nancy.jones2154@example.com,"$70,723.12",174.1,Bronze
CUST-01924,Elizabeth Hernandez, Female,52.0,01/05/2024,NEW YORK,USA,elizabeth.hernandez1924@example.com,"$68,472.69",84.35,GOLD
CUST-02442,Karen Rodriguez,M,44.0,28/08/2023,PHILADELPHIA,Canada,karen.rodriguez2442@example.com,"$75,877.28",21.22,bronze
CUST-00774,Jennifer Thomas,Male,26.0,21/02/2024,New York,Canada,jennifer.thomas774@example.com,"$44,970.55",129.12,silver
CUST-00692,Joseph Gonzalez,Male,39.0,2021-09-07,Phoenix,USA,joseph.gonzalez692@example.com,"$56,701.87",187.36,Bronze
CUST-00441,Jennifer Martinez,Female,37.0,22-Aug-2024,Phoenix,United Kingdom,jennifer.martinez441@example.com,"$91,396.66",212.5,gold
CUST-00439,Richard Miller,Male,38.0,2023-09-25,Houston,Australia,,"$61,643.03",98.13,GOLD
CUST-00562,Charles Williams,female,54.0,2024-07-07,SAN ANTONIO,United Kingdom,charles.williams562@example.com,"$32,063.74",,Silver
CUST-02514,Michael Lopez, Male,50.0,04/02/2024,NEW YORK,USA,michael.lopez2514@example.com,"$70,716.66",181.44,SILVER
CUST-02991,Jennifer Taylor,f ,26.0,04/14/2022,  New York  ,Australia,,"$62,228.40",206.03,SILVER
 CUST-01252 ,Lisa Smith,f ,62.0,08/06/2022,NEW YORK,USA,,"$36,944.73",217.0,Bronze
 CUST-02549 ,Patricia Hernandez, Male,68.0,"March 27, 2024",PHILADELPHIA,USA,patricia.hernandez2549@example.com,"$47,125.64",329.21,Silver
 CUST-01371 ,John Lopez,FEMALE,17.0,2024-12-28,Chicago,Canada,john.lopez1371@example.com,"$57,685.70",73.44,gold
CUST-00392,Elizabeth Taylor,female,28.0,2024-07-12,philadelphia,Canada,elizabeth.taylor392@example.com,,311.56,SILVER
 CUST-00208 ,Thomas Brown,,72.0,"August 02, 2023",Houston,United Kingdom,,"$75,571.77",16.82,Silver
CUST-01055,Linda Davis,f ,27.0,2021-09-01,Phoenix,Australia,linda.davis1055@example.com,"$83,524.26",289.71,GOLD
CUST-01388,Charles Jackson,M,33.0,"February 14, 2021",San Diego,USA,charles.jackson1388@example.com,"$104,519.70",124.16,gold
 CUST-01135 ,Susan Rodriguez,FEMALE,57.0,2022-01-16,Chicago,Canada,susan.rodriguez1135@example.com,"$67,356.65",189.88,SILVER
CUST-02806,William Jones,F,45.0,06/27/2023,PHOENIX,Australia,william.jones2806@example.com,"$69,366.05",190.31,bronze
CUST-00259,Mary Lopez,M,53.0,11-Jun-2022,  Austin  ,United Kingdom,mary.lopez259@example.com,"$58,949.18",65.54,silver
155,Karen Johnson,male,37.0,"January 22, 2023",Chicago,USA,karen.johnson155@example.com,"$25,579.31",3.34,Bronze
 CUST-01653 ,Karen Anderson,Female,54.0,26/04/2024,New York,Canada,karen.anderson1653@example.com,"$58,084.69",293.95,Gold
2009,Elizabeth Gonzalez,M,55.0,"June 25, 2022",Houston,United Kingdom,elizabeth.gonzalez2009@example.com,"$63,525.24",21.34,Gold
CUST-00152,Lisa Davis,Male,37.0,12/02/2023,Philadelphia,Australia,lisa.davis152@example.com,"$51,557.85",49.78,Silver
846,Sarah Wilson,male,33.0,"October 27, 2023",New York,Canada,sarah.wilson846@example.com,,48.32,SILVER
2148,Daniel Jones,FEMALE,30.0,"August 29, 2022",Dallas,USA,daniel.jones2148@example.com,"$53,948.89",92.72,GOLD
CUST-00516,Linda Moore,Female,59.0,26-Dec-2024,houston,United Kingdom,linda.moore516@example.com,"$47,089.56",156.56,
CUST-00020,Robert Williams,other,24.0,"June 24, 2024",Houston,USA,robert.williams20@example.com,"$75,349.76",149.06,SILVER
787,Karen Rodriguez,F,33.0,2022-02-06,PHILADELPHIA,Australia,karen.rodriguez787@example.com,"$76,720.38",51.22,BRONZE
CUST-01705,David Brown,FEMALE,,,Phoenix,Australia,david.brown1705@example.com,"$57,017.34",14.36,silver
CUST-01024,Richard Martin,f ,56.0,06-Jul-2023,Chicago,USA,richard.martin1024@example.com,,146.49,bronze
1368,Richard Anderson, Female,41.0,05/05/2023,Houston,Canada,richard.anderson1368@example.com,"$59,161.19",16.13,Gold
CUST-00584,Susan Williams,Other,44.0,2024-02-18,San Antonio,USA,susan.williams584@example.com,"$70,037.89",140.82,SILVER
1171,Jessica Hernandez,male,22.0,17-Sep-2024,  Los Angeles  ,Australia,jessica.hernandez1171@example.com,"$97,949.06",3.11,GOLD
CUST-02641,Jennifer Jackson,male,43.0,04/18/2021,san antonio,United Kingdom,jennifer.jackson2641@example.com,"$24,532.67",150.33,SILVER
2371,Mary Brown, Female,66.0,03/03/2021,Philadelphia,United Kingdom,mary.brown2371@example.com,"$76,715.65",79.37,BRONZE
CUST-00823,Susan Davis,female,37.0,06/05/2023,San Antonio,USA,susan.davis823@example.com,"$110,208.79",136.09,GOLD
 CUST-02126 ,Joseph Wilson,female,22.0,04/11/2021,LOS ANGELES,Canada,joseph.wilson2126@example.com,"$77,253.54",13.29,
CUST-01282,Robert Garcia,F,74.0,2021-12-10,New York,Canada,robert.garcia1282@example.com,"$5,000,000.00",288.48,Silver
CUST-00216,Jennifer Brown,m ,42.0,25/05/2022,houston,Australia,jennifer.brown216@example.com,"$24,655.40",125.55,
CUST-01231,Mary Davis,Female,48.0,08/29/2023,Dallas,Canada,mary.davis1231@example.com,"$63,542.76",194.48,bronze
CUST-01906,Elizabeth Williams,MALE,51.0,28/05/2022,San Diego,USA,elizabeth.williams1906@example.com,"$55,569.51",109.7,bronze
CUST-02565,Nancy Gonzalez,Female,45.0,06/01/2024,Los Angeles,USA,nancy.gonzalez2565@example.com,"$60,504.07",194.3,gold
2686,Michael Martin,O,53.0,"March 10, 2023",chicago,Australia,,"$62,009.92",285.24,gold
CUST-00230,Matthew Martin,male,46.0,24-Oct-2024,  Phoenix  ,USA,matthew.martin230@example.com,"$54,054.49",356.12,SILVER
2180,Richard Taylor,,50.0,2022-02-20,New York,Canada,richard.taylor2180@example.com,"$72,153.76",64.14,silver
2613,Elizabeth Jones,male,16.0,"April 08, 2023",Philadelphia,Canada,elizabeth.jones2613@example.com,"$79,867.32",11.83,
 CUST-02702 ,Jessica Williams,Female,23.0,31-Dec-2021,San Antonio,Canada,jessica.williams2702@example.com,"$62,313.18",112.72,gold
1375,Robert Rodriguez,female,18.0,"July 02, 2022",los angeles,Canada,robert.rodriguez1375@example.com,"$41,227.00",300.6,gold
CUST-02768,Michael Rodriguez,f ,27.0,20/12/2024,Houston,United Kingdom,michael.rodriguez2768@example.com,"$93,884.02",225.91,Silver
CUST-01928,Patricia Garcia, Female,36.0,"May 26, 2022",Austin,Australia,patricia.garcia1928@example.com,"$71,025.74",228.12,GOLD
CUST-00141,Joseph Moore, Male,44.0,2021-12-06,  Dallas  ,United Kingdom,joseph.moore141@example.com,"$45,823.42",147.27,gold
 CUST-01670 ,Susan Johnson,F,54.0,2024-06-30,  Los Angeles  ,Canada,susan.johnson1670@example.com,"$45,712.78",87.61,Gold
CUST-01268,Matthew Smith,male,42.0,"February 18, 2023",Dallas,USA,matthew.smith1268@example.com,"$14,010.98",83.7,GOLD
 CUST-00481 ,James Gonzalez,Other,,28/03/2021,SAN DIEGO,USA,james.gonzalez481@example.com,"$48,300.48",174.54,Gold
CUST-02625,Joseph Brown, Female,39.0,04/04/2021,  Los Angeles  ,USA,joseph.brown2625@example.com,"$82,834.81",128.4,SILVER
CUST-00778,Linda Miller,female,52.0,22/09/2022,san diego,United Kingdom,linda.miller778@example.com,"$60,265.34",242.02,Bronze
 CUST-01028 ,William Thomas,Non-binary,37.0,12/03/2022,LOS ANGELES,USA,william.thomas1028@example.com,"$37,194.31",96.13,Gold
2833,Jessica Moore,m ,39.0,28-Oct-2024,Los Angeles,United Kingdom,jessica.moore2833@example.com,"$72,041.23",44.18,
413,Elizabeth Smith,FEMALE,16.0,2021-12-12,CHICAGO,Canada,elizabeth.smith413@example.com,"$69,955.99",26.33,gold
 CUST-02338 ,Robert Hernandez,M,37.0,11/15/2022,DALLAS,USA,robert.hernandez2338@example.com,"$67,744.40",79.18,GOLD
CUST-00156,John Jones,Other,21.0,04-Apr-2024,PHOENIX,USA,john.jones156@example.com,"$65,727.69",280.54,GOLD
CUST-00237,Joseph Thomas, Female,23.0,12/16/2023,  San Diego  ,Canada,joseph.thomas237@example.com,"$64,137.88",329.42,SILVER
 CUST-02957 ,Sarah Hernandez,MALE,68.0,10/02/2021,San Antonio,USA,sarah.hernandez2957@example.com,"$74,316.13",129.47,bronze
CUST-01935,Daniel Jackson,female,67.0,18-Dec-2021,Philadelphia,Canada,daniel.jackson1935@example.com,"$58,520.04",,bronze
 CUST-01699 ,Joseph Rodriguez, Female,28.0,06/07/2021,PHOENIX,USA,joseph.rodriguez1699@example.com,"$43,654.85",58.04,Gold
 CUST-01074 ,Susan Smith, Female,27.0,20/03/2022,LOS ANGELES,United Kingdom,,"$29,615.02",243.59,silver
CUST-00665,William Jackson,FEMALE,58.0,03/16/2024,Philadelphia,United Kingdom,william.jackson665@example.com,"$69,697.69",,BRONZE
CUST-01360,Sarah Jones,M,21.0,"December 19, 2023",houston,United Kingdom,,"$85,440.74",205.83,GOLD
CUST-01097,Mary Lopez,F,19.0,12/28/2022,chicago,United Kingdom,mary.lopez1097@example.com,"$80,305.11",96.66,bronze
 CUST-00698 ,Mary Taylor,Male,53.0,27/06/2022,Los Angeles,United Kingdom,mary.taylor698@example.com,"$73,972.93",141.34,
CUST-02447,Mary Hernandez,male,34.0,2022-11-24,Phoenix,United Kingdom,,"$65,404.36",163.5,
CUST-00267,James Davis,m ,23.0,16/12/2022,Dallas,USA,james.davis267@example.com,,156.27,BRONZE
 CUST-02377 ,Elizabeth Lopez,female,43.0,15/08/2021,Los Angeles,USA,elizabeth.lopez2377@example.com,"$59,310.84",,Bronze
 CUST-02733 ,Thomas Jones,F,77.0,12/11/2021,Chicago,USA,thomas.jones2733@example.com,"$84,276.49",216.32,GOLD
1772,David Jones,Male,34.0,"July 30, 2021",  Houston  ,USA,david.jones1772@example.com,"$52,985.26",126.08,silver
 CUST-01237 ,Matthew Jackson, Female,49.0,09/06/2024,PHOENIX,United Kingdom,matthew.jackson1237@example.com,"$65,431.90",136.16,silver
 CUST-02773 ,Nancy Anderson,Male,24.0,2022-11-22,Dallas,Canada,nancy.anderson2773@example.com,"$33,602.32",129.65,Silver
 CUST-02227 ,Charles Anderson,male,37.0,04/30/2023,DALLAS,Australia,charles.anderson2227@example.com,"$51,410.94",179.92,gold
828,Sarah Johnson, Male,31.0,,LOS ANGELES,Canada,sarah.johnson828@example.com,"$59,392.32",188.85,gold
CUST-02270,Thomas Lopez, Female,36.0,07/28/2024,Chicago,United Kingdom,thomas.lopez2270@example.com,"$43,016.81",220.81,GOLD
 CUST-01280 ,Lisa Moore, Female,31.0,"March 07, 2022",Dallas,USA,,"$69,450.69",30.24,bronze
 CUST-00172 ,David Wilson,m ,200.0,2021-09-19,San Antonio,United Kingdom,david.wilson172@example.com,"$36,496.52",92.87,Bronze
1573,Nancy Garcia,MALE,,2022-05-04,Los Angeles,Australia,nancy.garcia1573@example.com,"$22,604.23",55.43,Silver
CUST-00706,Michael Moore,MALE,25.0,2021-05-17,SAN DIEGO,USA,michael.moore706@example.com,"$83,883.61",189.78,GOLD
CUST-00142,James Brown,FEMALE,38.0,04/05/2021,  Chicago  ,Canada,james.brown142@example.com,"$57,697.17",204.33,BRONZE
CUST-00357,John Brown, Female,25.0,16/03/2024,Chicago,United Kingdom,john.brown357@example.com,"$78,871.73",173.96,
2035,Lisa Jackson,male,53.0,"December 22, 2021",Dallas,Australia,lisa.jackson2035@example.com,"$38,008.53",224.04,bronze
198,John Brown,f ,36.0,"May 11, 2023",San Diego,USA,,"$83,141.64",214.25,bronze
CUST-01974,Karen Brown, Female,77.0,2021-10-13,austin,Australia,karen.brown1974@example.com,"$77,575.82",48.44,SILVER
CUST-01365,Patricia Davis,FEMALE,36.0,"March 18, 2022",new york,USA,patricia.davis1365@example.com,"$89,470.31",200.86,Silver
 CUST-01165 ,Daniel Williams,f ,37.0,23-Feb-2021,phoenix,USA,daniel.williams1165@example.com,"$68,643.88",309.53,SILVER
CUST-02837,Thomas Moore,MALE,52.0,26-Nov-2021,Los Angeles,Canada,thomas.moore2837@example.com,"$57,176.25",200.63,SILVER
18,Nancy Jackson,Male,20.0,2024-11-18,Chicago,Canada,nancy.jackson18@example.com,"$53,250.41",229.68,bronze
CUST-02765,Sarah Garcia,m ,,02-Aug-2021,AUSTIN,USA,sarah.garcia2765@example.com,"$36,644.13",,Silver
 CUST-00249 ,Nancy Miller,female,54.0,2021-06-28,  New York  ,Australia,nancy.miller249@example.com,"$80,652.00",107.3,BRONZE
2583,Michael Taylor,Male,38.0,"October 21, 2022",San Diego,USA,michael.taylor2583@example.com,"$95,210.64",78.05,gold
CUST-00405,Susan Martinez,M,29.0,12/26/2021,  New York  ,USA,susan.martinez405@example.com,"$82,223.04",1.86,Gold
CUST-02023,Susan Garcia, Female,31.0,2022-12-11,Philadelphia,Australia,susan.garcia2023@example.com,"$68,013.99",48.8,gold
2057,Mary Lopez,female,50.0,25-Jul-2024,Philadelphia,United Kingdom,mary.lopez2057@example.com,"$42,256.86",102.8,GOLD
 CUST-02550 ,Nancy Garcia,FEMALE,51.0,11/14/2024,Philadelphia,Canada,nancy.garcia2550@example.com,"$84,528.52",275.65,Gold
CUST-01925,John Davis,m ,59.0,06/06/2021,Philadelphia,Australia,john.davis1925@example.com,"$102,556.05",131.94,Bronze
 CUST-00918 ,Thomas Martinez,O,38.0,04/11/2024,Chicago,USA,thomas.martinez918@example.com,"$59,828.15",266.73,gold
CUST-00007,Elizabeth Thomas,Male,44.0,2024-11-30,San Diego,United Kingdom,elizabeth.thomas7@example.com,"$70,845.42",171.74,GOLD
CUST-00328,Matthew Hernandez, Female,80.0,01-Aug-2022,Austin,Canada,matthew.hernandez328@example.com,"$90,397.82",184.42,BRONZE
CUST-02895,Daniel Taylor,MALE,16.0,09/04/2021,  Chicago  ,Canada,daniel.taylor2895@example.com,"$52,627.73",111.87,Bronze
 CUST-00593 ,Daniel Williams,MALE,42.0,07/17/2022,San Diego,Canada,daniel.williams593@example.com,"$45,135.23",231.17,GOLD
CUST-02619,Lisa Garcia,male,16.0,07/21/2021,Dallas,United Kingdom,lisa.garcia2619@example.com,"$54,767.41",14.35,Gold
CUST-01003,Robert Davis,Female,24.0,08/31/2022,New York,United Kingdom,,"$76,589.16",136.1,Bronze
CUST-00273,Robert Brown, Female,27.0,,Phoenix,USA,robert.brown273@example.com,"$67,244.04",37.33,bronze
 CUST-00204 ,Daniel Davis,other,52.0,2022-08-10,Los Angeles,United Kingdom,daniel.davis204@example.com,"$61,944.52",243.83,gold
 CUST-02347 ,Patricia Martinez, Female,41.0,13-Oct-2024,Philadelphia,Canada,patricia.martinez2347@example.com,"$52,164.35",93.24,Bronze
CUST-00933,Patricia Brown,f ,65.0,11/07/2023,CHICAGO,USA,patricia.brown933@example.com,"$92,359.34",67.22,BRONZE
CUST-00917,Mary Martinez,other,47.0,"July 25, 2022",NEW YORK,Australia,mary.martinez917@example.com,"$58,254.57",202.56,bronze
CUST-01119,Lisa Garcia,MALE,200.0,"February 06, 2022",Phoenix,United Kingdom,lisa.garcia1119@example.com,"$73,149.79",232.83,Gold
 CUST-02501 ,Robert Jones,f ,50.0,23/01/2021,Houston,USA,robert.jones2501@example.com,"$52,217.54",89.1,Bronze
1084,Michael Miller,M,34.0,"November 05, 2022",San Diego,USA,michael.miller1084@example.com,"$41,845.00",,bronze
CUST-01369,Elizabeth Jackson,f ,23.0,"June 27, 2023",Dallas,Australia,elizabeth.jackson1369@example.com,"$58,474.35",74.02,BRONZE
CUST-00471,Daniel Moore,MALE,37.0,07/03/2021,San Antonio,Canada,daniel.moore471@example.com,"$46,943.89",293.45,silver
 CUST-02173 ,Patricia Miller,Female,41.0,17-Feb-2022,Philadelphia,Canada,patricia.miller2173@example.com,"$76,626.07",249.28,GOLD
CUST-02859,Daniel Rodriguez,M,40.0,"November 13, 2023",Houston,Canada,,"$81,487.24",92.08,Gold
CUST-02595,Joseph Thomas,Female,16.0,17-Mar-2023,Chicago,United Kingdom,joseph.thomas2595@example.com,"$78,251.78",27.96,bronze
CUST-00126,James Williams,F,58.0,04/23/2024,Austin,USA,james.williams126@example.com,"$84,965.68",50.57,gold
 CUST-02958 ,Matthew Wilson,F,18.0,29/09/2023,Dallas,USA,,"$50,604.72",178.69,silver
 CUST-02864 ,Charles Martin,M,52.0,10/29/2022,Chicago,Australia,,"$65,318.68",121.07,bronze
 CUST-02441 ,Joseph Gonzalez,m ,43.0,2021-04-18,chicago,USA,joseph.gonzalez2441@example.com,"$49,291.44",54.91,BRONZE
CUST-01391,David Miller,F,49.0,,Dallas,Canada,david.miller1391@example.com,"$56,158.77",348.5,GOLD
 CUST-01086 ,Michael Brown,female,22.0,"February 12, 2024",Los Angeles,Canada,michael.brown1086@example.com,"$64,713.43",186.9,gold
CUST-01327,David Davis,male,23.0,25-Apr-2021,San Antonio,Australia,david.davis1327@example.com,"$67,073.19",215.27,BRONZE
 CUST-00746 ,Jennifer Moore,m ,35.0,"April 06, 2024",  Houston  ,United Kingdom,,"$70,985.15",38.8,Silver
CUST-01532,Thomas Anderson,F,42.0,"November 15, 2024",  Houston  ,Canada,thomas.anderson@@example..com,"$39,150.27",200.85,Gold
CUST-00363,Robert Wilson,MALE,62.0,,San Antonio,United Kingdom,robert.wilson363@example.com,"$51,928.25",,SILVER
2000,Thomas Hernandez,f ,42.0,03/04/2022,Chicago,Australia,,"$51,011.54",223.34,silver
1801,Daniel Martinez,male,25.0,2022-02-23,Chicago,Australia,,"$88,893.96",-179.24,silver
CUST-02795,Betty Martinez,MALE,51.0,11/12/2023,Houston,United Kingdom,betty.martinez2795@example.com,"$62,903.07",162.31,silver
CUST-02927,Nancy Jackson,Female,55.0,01/03/2021,  New York  ,Australia,nancy.jackson@@example..com,,33.2,Gold
CUST-00881,Daniel Martinez,Female,42.0,26-Dec-2022,Los Angeles,USA,daniel.martinez881@example.com,"$79,215.73",50.13,BRONZE
CUST-01903,Patricia Anderson,FEMALE,35.0,27-Feb-2022,San Diego,Canada,patricia.anderson1903@example.com,"$50,541.99",26.41,silver
CUST-00123,Nancy Hernandez,O,38.0,"January 25, 2021",Chicago,Australia,nancy.hernandez123@example.com,"$66,798.73",,SILVER
CUST-02520,James Martinez,female,48.0,"February 19, 2022",Chicago,Canada,james.martinez2520@example.com,"$65,861.82",56.28,gold
CUST-02030,Daniel Anderson, Male,45.0,03-Apr-2021,Dallas,United Kingdom,daniel.anderson2030@example.com,"$119,743.15",219.91,Silver
 CUST-02134 ,Charles Davis,male,18.0,25/08/2022,San Antonio,Australia,charles.davis2134@example.com,"$45,689.65",164.49,Bronze
CUST-01499,John Moore,M,29.0,04/02/2021,chicago,USA,john.moore1499@example.com,"$60,187.33",131.83,silver
CUST-00074,Nancy Thomas,Male,33.0,05/12/2024,Austin,USA,nancy.thomas74@example.com,"$37,443.17",197.42,gold
CUST-01933,John Davis,m ,23.0,30-Jul-2022,AUSTIN,United Kingdom,john.davis1933@example.com,"$69,844.08",243.92,gold
CUST-02397,Jessica Rodriguez,f ,57.0,"March 12, 2023",philadelphia,Canada,jessica.rodriguez2397@example.com,,8.57,SILVER
CUST-00008,Karen Williams, Female,39.0,24-Dec-2021,  Philadelphia  ,Canada,karen.williams8@example.com,"$31,766.36",192.72,BRONZE
 CUST-00443 ,Charles Jackson,,18.0,31/01/2023,San Antonio,Australia,charles.jackson443@example.com,"$65,938.36",225.13,GOLD
 CUST-00625 ,Joseph Garcia, Female,52.0,30/11/2021,AUSTIN,Canada,joseph.garcia625@example.com,"$71,041.70",167.37,gold
CUST-00926,Lisa Moore,Male,29.0,"July 26, 2024",Houston,USA,lisa.moore926@example.com,"$90,497.50",249.02,BRONZE
660,Thomas Thomas,m ,44.0,24/07/2024,Chicago,United Kingdom,thomas.thomas660@example.com,"$42,427.20",260.37,Gold
1311,David Martinez,MALE,50.0,2023-09-19,Phoenix,USA,david.martinez1311@example.com,"$33,297.65",178.15,bronze
CUST-00538,Matthew Garcia,FEMALE,49.0,08/11/2021,new york,Canada,matthew.garcia538@example.com,"$56,010.22",23.91,gold
 CUST-00157 ,Matthew Anderson,Female,34.0,"October 02, 2024",Dallas,United Kingdom,matthew.anderson157@example.com,"$50,649.04",134.7,Bronze
CUST-00590,David Jones,FEMALE,57.0,,Los Angeles,USA,david.jones590@example.com,"$73,171.88",253.72,gold
 CUST-02217 ,Jessica Davis,f ,50.0,31/05/2023,san antonio,United Kingdom,jessica.davis2217@example.com,"$91,036.90",161.11,gold
CUST-01733,David Martinez,F,57.0,03/02/2024,LOS ANGELES,United Kingdom,david.martinez1733@example.com,"$31,328.30",136.06,
541,David Thomas,Female,29.0,2021-12-12,SAN ANTONIO,Australia,david.thomas541@example.com,"$29,588.97",330.35,SILVER
CUST-02743,Patricia Anderson, Male,33.0,16-Jun-2021,Chicago,USA,patricia.anderson2743@example.com,"$63,529.96",96.03,bronze
CUST-00144,Richard Wilson,m ,59.0,14-Aug-2023,Phoenix,USA,richard.wilson144@example.com,"$50,562.74",79.17,silver
CUST-00736,Robert Gonzalez,female,48.0,2023-12-11,philadelphia,United Kingdom,robert.gonzalez736@example.com,"$20,923.03",53.17,Gold
 CUST-00438 ,Richard Moore,Male,57.0,26-Jul-2023,CHICAGO,USA,richard.moore438@example.com,"$52,792.44",286.53,Gold
 CUST-01052 ,Elizabeth Gonzalez,Male,17.0,"May 06, 2021",SAN ANTONIO,Canada,elizabeth.gonzalez1052@example.com,"$28,472.04",193.38,
 CUST-01978 ,Betty Brown,female,47.0,26-May-2024,Phoenix,USA,betty.brown1978@example.com,"$84,667.37",211.33,Bronze
CUST-02544,Nancy Anderson, Male,39.0,20-Mar-2022,Dallas,United Kingdom,nancy.anderson2544@example.com,"$75,932.13",106.86,silver
CUST-02100,Charles Lopez,Female,17.0,"January 17, 2022",SAN DIEGO,Australia,charles.lopez2100@example.com,"$52,007.70",,BRONZE
CUST-02350,John Rodriguez,MALE,38.0,11-Oct-2024,New York,Australia,john.rodriguez2350@example.com,"$68,879.64",155.07,SILVER
 CUST-00327 ,Michael Moore, Male,38.0,27/11/2023,SAN ANTONIO,USA,michael.moore327@example.com,"$81,743.20",193.95,bronze
 CUST-01271 ,Sarah Martinez,female,,01/03/2022,HOUSTON,Australia,sarah.martinez1271@example.com,"$39,723.10",132.54,Silver
 CUST-00908 ,Sarah Smith, Female,55.0,29/07/2023,austin,Australia,sarah.smith908@example.com,"$51,322.15",116.11,
 CUST-00890 ,Charles Martin,FEMALE,44.0,03/12/2022,  San Antonio  ,Australia,charles.martin890@example.com,"$38,063.25",142.9,Bronze
CUST-00624,James Miller, Male,63.0,28/12/2024,Chicago,Australia,james.miller624@example.com,"$81,116.97",46.15,gold
 CUST-00944 ,David Smith,F,35.0,23-Apr-2023,AUSTIN,Canada,david.smith944@example.com,"$40,908.60",170.18,Bronze
 CUST-00503 ,Lisa Gonzalez,female,-1.0,10-Dec-2022,Austin,Canada,lisa.gonzalez503@example.com,"$60,676.36",227.07,Bronze
CUST-01429,Susan Hernandez,Male,,03/04/2021,Chicago,USA,susan.hernandez1429@example.com,"$56,337.46",41.54,Bronze
 CUST-01021 ,Joseph Thomas,M,50.0,"December 28, 2024",Austin,Canada,joseph.thomas1021@example.com,"$79,692.02",,SILVER
CUST-00976,David Williams,male,62.0,"August 26, 2022",philadelphia,United Kingdom,david.williams976@example.com,"$99,399.44",174.07,SILVER
 CUST-00971 ,Karen Johnson,O,42.0,11/21/2021,Philadelphia,USA,karen.johnson971@example.com,"$43,599.13",201.28,Bronze
 CUST-02667 ,Betty Rodriguez,F,35.0,"January 18, 2024",CHICAGO,Canada,betty.rodriguez2667@example.com,"$25,214.58",209.01,BRONZE
CUST-00655,David Davis, Female,28.0,30/08/2023,  Phoenix  ,USA,david.davis655@example.com,"$77,908.64",5.99,GOLD
CUST-01320,Daniel Miller,Female,24.0,29-Jan-2022,Dallas,United Kingdom,daniel.miller1320@example.com,"$76,126.29",194.19,GOLD
CUST-01996,David Taylor,male,55.0,"December 08, 2023",Phoenix,Australia,david.taylor1996@example.com,"$37,568.14",234.68,GOLD
 CUST-00146 ,James Jackson,MALE,25.0,2024-02-09,philadelphia,USA,james.jackson146@example.com,"$89,019.00",47.25,Gold
CUST-00075,Nancy Rodriguez, Female,40.0,06/16/2021,Dallas,Australia,,"$47,494.13",134.1,Gold
816,Joseph Davis,female,52.0,"July 13, 2023",chicago,United Kingdom,joseph.davis816@example.com,"$76,271.02",58.6,silver
 CUST-01804 ,Jessica Lopez,MALE,24.0,2023-02-11,LOS ANGELES,Canada,jessica.lopez1804@example.com,"$63,349.66",97.14,bronze
CUST-02117,Mary Lopez,Male,24.0,"July 09, 2021",Houston,United Kingdom,mary.lopez2117@example.com,"$88,633.66",94.54,gold
1558,Susan Martin, Female,71.0,"August 18, 2024",Houston,United Kingdom,susan.martin1558@example.com,"$80,591.78",56.28,gold
CUST-01931,Mary Gonzalez,,64.0,06-Apr-2023,Houston,Canada,mary.gonzalez1931@example.com,"$91,083.98",116.69,silver
838,Daniel Wilson,m ,28.0,"November 26, 2023",Chicago,USA,daniel.wilson838@example.com,"$30,849.66",-188.56,bronze
 CUST-01296 ,Joseph Gonzalez,Female,20.0,2022-07-29,Houston,USA,joseph.gonzalez1296@example.com,"$27,421.64",16.47,Silver
CUST-01850,Matthew Garcia,female,36.0,02/09/2021,Chicago,USA,matthew.garcia1850@example.com,"$56,919.35",224.46,gold
2010,Patricia Taylor,m ,50.0,27-Oct-2022,austin,Canada,patricia.taylor2010@example.com,"$37,154.03",206.08,BRONZE
CUST-00999,Karen Moore,MALE,65.0,2021-07-07,San Diego,Australia,karen.moore999@example.com,"$82,247.98",156.51,Bronze
CUST-00304,Michael Garcia,M,16.0,2023-03-29,CHICAGO,Canada,,"$60,275.32",183.92,GOLD
CUST-00733,Michael Lopez,FEMALE,52.0,2023-09-03,Chicago,USA,michael.lopez733@example.com,"$73,638.41",157.41,silver
936,Linda Lopez,Male,73.0,11/08/2021,New York,Canada,linda.lopez936@example.com,,33.21,bronze
CUST-02800,Jessica Thomas,f ,54.0,2022-06-18,Los Angeles,United Kingdom,jessica.thomas2800@example.com,"$66,649.04",194.38,Bronze
CUST-00203,David Lopez,MALE,24.0,2022-12-21,Chicago,Canada,david.lopez203@example.com,"$68,633.50",,BRONZE
CUST-01201,John Davis,f ,59.0,05/31/2022,SAN DIEGO,United Kingdom,john.davis1201@example.com,"$50,325.28",,Bronze
CUST-01407,Jessica Martinez,F,61.0,25/12/2024,Chicago,United Kingdom,jessica.martinez1407@example.com,"$52,047.71",102.11,Silver
CUST-00872,Karen Anderson,m ,49.0,2021-03-12,Phoenix,Canada,karen.anderson872@example.com,"$79,024.15",146.04,Gold
CUST-00978,Jennifer Anderson,other,39.0,16-Jan-2023,Chicago,United Kingdom,jennifer.anderson978@example.com,"$39,615.35",63.7,Silver
CUST-02048,Robert Brown, Male,35.0,29-Oct-2023,San Antonio,United Kingdom,robert.brown2048@example.com,"$5,000,000.00",14.92,gold
CUST-01618,Matthew Johnson,Female,57.0,"June 28, 2022",Los Angeles,Canada,matthew.johnson1618@example.com,"$73,949.54",142.85,SILVER
 CUST-02819 ,Daniel Moore,Male,59.0,03/11/2021,  San Antonio  ,United Kingdom,daniel.moore2819@example.com,"$48,124.94",58.64,
2536,Betty Johnson, Female,28.0,10-May-2024,new york,USA,betty.johnson2536@example.com,"$57,205.28",,silver
 CUST-01493 ,Charles Brown, Female,50.0,01/01/2022,DALLAS,United Kingdom,charles.brown1493@example.com,"$68,128.47",345.95,gold
1072,Jessica Moore,Female,43.0,"November 20, 2023",DALLAS,United Kingdom,jessica.moore1072@example.com,"$62,095.33",99.01,GOLD
988,John Anderson, Female,16.0,10/08/2024,DALLAS,United Kingdom,john.anderson988@example.com,,133.52,
CUST-01940,Daniel Brown, Male,34.0,26/05/2022,AUSTIN,Canada,daniel.brown1940@example.com,"$75,231.48",80.21,BRONZE
317,Sarah Moore,FEMALE,45.0,2022-12-26,Chicago,Australia,sarah.moore317@example.com,"$75,690.53",168.65,Gold
CUST-01717,Matthew Miller,f ,27.0,2024-12-17,new york,United Kingdom,matthew.miller1717@example.com,"$61,216.26",231.75,GOLD
 CUST-00149 ,Elizabeth Moore,,53.0,06/11/2022,Phoenix,Australia,elizabeth.moore149@example.com,"$46,942.65",8.88,bronze
2848,Nancy Martin,Other,45.0,2023-10-10,Dallas,United Kingdom,nancy.martin2848@example.com,"$88,463.83",132.8,Silver
 CUST-01720 ,Patricia Davis,male,41.0,20/01/2021,NEW YORK,Canada,patricia.davis1720@example.com,"$53,230.45",93.11,bronze
 CUST-00871 ,Jessica Johnson,other,70.0,2024-10-18,Austin,USA,jessica.johnson871@example.com,"$39,084.57",272.59,silver
CUST-02076,Richard Gonzalez,M,52.0,28-Jan-2022,san antonio,Canada,richard.gonzalez2076@example.com,"$89,972.52",194.77,
CUST-00632,David Davis,F,,,LOS ANGELES,United Kingdom,david.davis632@example.com,"$91,483.14",196.74,Bronze
CUST-01794,John Anderson,Female,50.0,"December 10, 2023",SAN DIEGO,Australia,john.anderson1794@example.com,"$65,219.85",236.91,Silver
2213,Mary Williams, Male,39.0,07/26/2024,  New York  ,Australia,mary.williams2213@example.com,"$56,128.00",103.11,Gold
CUST-02824,Nancy Miller,Non-binary,35.0,2021-05-30,Phoenix,Australia,nancy.miller2824@example.com,"$58,263.74",149.5,gold
 CUST-00858 ,Jennifer Martinez,other,51.0,2023-08-04,Austin,Canada,jennifer.martinez858@example.com,"$20,849.92",89.3,SILVER
 CUST-02579 ,Lisa Gonzalez,F,49.0,04/05/2022,  San Antonio  ,Australia,lisa.gonzalez2579@example.com,"$999,999,999.00",268.68,BRONZE
CUST-02592,Charles Lopez,Male,57.0,02/03/2022,Austin,USA,charles.lopez2592@example.com,"$72,815.80",288.79,GOLD
CUST-01185,Robert Rodriguez,male,28.0,02/06/2021,Chicago,USA,robert.rodriguez1185@example.com,"$37,289.04",112.71,silver
CUST-02014,Daniel Rodriguez,Female,31.0,2024-06-07,new york,Canada,daniel.rodriguez2014@example.com,"$13,749.40",292.74,BRONZE
CUST-02464,Lisa Rodriguez,f ,16.0,"March 29, 2022",los angeles,Canada,lisa.rodriguez2464@example.com,"$65,731.69",222.09,Silver
CUST-00003,Elizabeth Jones,Male,37.0,"January 22, 2021",New York,Australia,elizabeth.jones3@example.com,"$57,653.91",176.29,silver
CUST-01986,Nancy Garcia,f ,16.0,11/29/2023,New York,Canada,nancy.garcia1986@example.com,"$20,391.43",251.68,BRONZE
CUST-02370,James Anderson,FEMALE,21.0,05/09/2023,San Antonio,USA,james.anderson2370@example.com,"$26,760.86",90.37,Gold
CUST-00479,Betty Davis,MALE,20.0,10/07/2024,AUSTIN,Australia,betty.davis479@example.com,"$74,635.83",53.53,Bronze
2813,James Rodriguez,MALE,17.0,06/09/2024,  San Diego  ,United Kingdom,james.rodriguez2813@example.com,"$38,420.55",202.98,gold
CUST-00747,Charles Anderson,M,36.0,2021-08-07,Phoenix,USA,charles.anderson747@example.com,"$64,555.07",38.94,SILVER
CUST-00108,Betty Thomas,F,200.0,06/03/2024,New York,USA,betty.thomas108@example.com,"$52,407.02",146.02,SILVER
CUST-01050,Jessica Miller,male,200.0,"April 30, 2022",austin,Australia,jessica.miller1050@example.com,"$54,204.50",106.5,Silver
CUST-02651,Patricia Davis,female,51.0,11/02/2021,DALLAS,Canada,,"$51,559.23",112.78,GOLD
1507,Lisa Hernandez,F,57.0,"August 01, 2024",Phoenix,Canada,lisa.hernandez1507@example.com,"$70,510.23",217.72,silver
CUST-02607,John Jones,O,67.0,04-Aug-2021,San Diego,USA,john.jones2607@example.com,"$70,135.09",167.59,BRONZE
 CUST-01191 ,Mary Garcia,f ,28.0,05/26/2022,Los Angeles,Australia,mary.garcia1191@example.com,"$32,281.93",226.86,
 CUST-02893 ,Joseph Gonzalez,male,40.0,"May 24, 2023",Austin,United Kingdom,joseph.gonzalez2893@example.com,"$61,867.16",228.23,bronze
CUST-01792,John Wilson,male,,15-Apr-2024,Dallas,United Kingdom,john.wilson1792@example.com,"$72,929.78",49.69,SILVER
CUST-00526,Daniel Miller,Male,41.0,2021-10-27,Houston,United Kingdom,daniel.miller526@example.com,"$42,094.42",101.12,BRONZE
 CUST-02287 ,Michael Jackson,f ,41.0,09/12/2023,Houston,Canada,michael.jackson2287@example.com,"$54,349.74",152.58,silver
 CUST-00164 ,James Miller,m ,49.0,06/07/2023,Phoenix,Australia,james.miller164@example.com,"$89,240.45",94.95,gold
CUST-00104,Thomas Martinez,FEMALE,60.0,25-Jun-2023,Dallas,United Kingdom,thomas.martinez104@example.com,"$67,061.18",177.77,BRONZE
 CUST-00782 ,Michael Taylor,other,52.0,26-Dec-2024,LOS ANGELES,USA,michael.taylor782@example.com,"$86,075.50",151.38,Gold
CUST-01597,Thomas Brown,Female,48.0,2024-05-29,  Dallas  ,United Kingdom,thomas.brown1597@example.com,"$76,952.63",143.79,Bronze
CUST-02825,Karen Miller,M,59.0,2022-10-05,CHICAGO,United Kingdom,karen.miller2825@example.com,"$46,687.50",55.34,GOLD
CUST-00847,Matthew Martin,male,30.0,13/10/2023,  Austin  ,United Kingdom,matthew.martin847@example.com,"$79,012.38",242.62,BRONZE
 CUST-01840 ,Matthew Davis, Female,46.0,20/01/2024,SAN DIEGO,United Kingdom,matthew.davis1840@example.com,"$75,996.56",200.95,gold
CUST-02780,David Moore,m ,16.0,09/21/2023,Phoenix,United Kingdom,david.moore2780@example.com,"$63,212.41",282.58,silver
CUST-02666,William Smith,other,50.0,06/25/2024,  Houston  ,Canada,william.smith2666@example.com,"$45,582.54",105.47,Silver
CUST-02145,Joseph Thomas, Female,42.0,30/03/2021,san antonio,Canada,joseph.thomas2145@example.com,"$51,625.50",185.72,gold
 CUST-01686 ,Susan Anderson,m ,20.0,11/06/2024,  San Diego  ,Canada,susan.anderson1686@example.com,"$32,339.49",112.09,
CUST-00530,Matthew Garcia,Other,37.0,12/03/2023,Houston,Australia,matthew.garcia530@example.com,"$76,420.02",66.57,Bronze
 CUST-00558 ,Elizabeth Martinez,M,41.0,05/08/2024,Los Angeles,Canada,elizabeth.martinez558@example.com,"$38,355.55",123.46,BRONZE
 CUST-02689 ,Jennifer Martinez,f ,32.0,2022-01-15,Chicago,Australia,jennifer.martinez2689@example.com,"$41,909.73",81.13,bronze
CUST-00894,Richard Martinez, Male,55.0,2024-10-17,los angeles,Australia,richard.martinez894@example.com,"$81,771.00",168.23,Bronze
CUST-02871,Susan Rodriguez,Male,31.0,15/08/2022,San Antonio,United Kingdom,susan.rodriguez2871@example.com,"$38,781.04",222.49,Bronze
CUST-02345,Patricia Moore, Male,46.0,2022-03-11,PHILADELPHIA,USA,patricia.moore2345@example.com,"$71,649.06",200.65,BRONZE
 CUST-00806 ,Joseph Williams,MALE,31.0,"March 24, 2022",new york,Australia,joseph.williams806@example.com,"$57,198.90",124.69,silver
CUST-02756,Richard Johnson,Female,29.0,2022-09-02,NEW YORK,Canada,richard.johnson2756@example.com,"$48,275.04",27.37,Silver
CUST-02754,James Brown,Male,31.0,09-Apr-2024,dallas,United Kingdom,james.brown2754@example.com,"$75,587.54",387.14,SILVER
 CUST-02750 ,Robert Rodriguez,Female,57.0,23/08/2023,San Antonio,Australia,robert.rodriguez2750@example.com,"$57,872.33",368.62,GOLD
1500,Lisa Martin,male,20.0,2023-12-16,PHILADELPHIA,Australia,lisa.martin@@example..com,"$51,667.10",125.71,GOLD
CUST-00330,John Rodriguez,Female,45.0,28-Apr-2022,Philadelphia,United Kingdom,,"$57,629.03",109.81,silver
CUST-02535,Susan Johnson,f ,42.0,28/04/2024,DALLAS,USA,susan.johnson2535@example.com,"$51,749.19",113.98,
1440,Daniel Gonzalez, Male,65.0,16/07/2022,Dallas,United Kingdom,daniel.gonzalez1440@example.com,"$69,775.21",134.11,bronze
CUST-02652,Jennifer Garcia,female,52.0,27-Jun-2022,  Austin  ,Canada,jennifer.garcia2652@example.com,"$100,792.04",96.82,BRONZE
CUST-02734,Michael Anderson,f ,48.0,14/06/2022,chicago,USA,michael.anderson2734@example.com,"$56,324.87",331.87,silver
576,Robert Martin, Female,59.0,03-Sep-2021,  LOS ANGELES  ,United Kingdom,robert.martin576@example.com,"$65,358.92",53.91,SILVER
CUST-00394,Patricia Davis,female,31.0,04/28/2024,HOUSTON,United Kingdom,patricia.davis394@example.com,"$50,222.88",261.82,Gold
CUST-02114,Joseph Hernandez, Male,45.0,24-Jun-2021,  Phoenix  ,USA,joseph.hernandez2114@example.com,"$101,178.99",174.97,BRONZE
 CUST-01370 ,Richard Rodriguez,female,200.0,10/14/2024,PHOENIX,United Kingdom,richard.rodriguez1370@example.com,"$49,622.92",129.29,Gold
CUST-00671,Robert Gonzalez, Female,32.0,02/06/2021,  San Diego  ,Canada,robert.gonzalez671@example.com,"$70,670.02",47.24,Gold
749,Matthew Davis, Female,27.0,22-Jan-2021,Houston,USA,matthew.davis749@example.com,"$83,287.63",270.66,Gold
1572,Sarah Lopez,male,35.0,12/16/2023,Dallas,USA,sarah.lopez1572@example.com,"$90,062.34",,
CUST-00622,William Johnson, Female,150.0,04/01/2021,los angeles,Canada,william.johnson622@example.com,"$35,252.77",95.22,SILVER
1736,William Martinez,female,33.0,2023-10-17,houston,United Kingdom,william.martinez1736@example.com,"$36,057.68",225.78,Silver
475,Karen Rodriguez, Female,36.0,"May 29, 2022",PHILADELPHIA,United Kingdom,karen.rodriguez475@example.com,"$34,257.13",78.63,SILVER
70,William Davis,FEMALE,39.0,05/10/2023,Chicago,United Kingdom,,"$999,999,999.00",21.12,silver
 CUST-01921 ,James Smith, Male,33.0,,Houston,Australia,james.smith@@example..com,"$57,844.19",135.81,Gold
 CUST-02684 ,Susan Martinez, Male,43.0,19/10/2021,Houston,United Kingdom,susan.martinez2684@example.com,"$89,854.05",105.64,Bronze
CUST-00384,Karen Garcia,f ,33.0,15-Oct-2021,Houston,USA,karen.garcia384@example.com,"$89,608.37",300.87,silver
CUST-00867,Joseph Martin, Male,47.0,"November 19, 2022",Dallas,Canada,joseph.martin867@example.com,"$97,780.44",43.78,Bronze
CUST-02326,Sarah Thomas,male,53.0,04/23/2021,Phoenix,Australia,,"$76,512.43",12.52,GOLD
1198,Patricia Garcia,female,20.0,09/19/2023,San Antonio,USA,patricia.garcia1198@example.com,"$31,024.87",81.97,bronze
CUST-01422,Jessica Lopez, Male,25.0,14/12/2024,San Diego,United Kingdom,jessica.lopez1422@example.com,"$33,323.15",52.22,SILVER
2428,David Miller,male,43.0,"August 30, 2021",NEW YORK,Australia,david.miller2428@example.com,"$61,407.91",23.85,Gold
529,Matthew Brown,FEMALE,22.0,"March 17, 2023",San Antonio,USA,matthew.brown529@example.com,"$45,685.44",316.13,BRONZE
CUST-00613,Karen Brown,m ,62.0,2024-03-09,Chicago,Australia,karen.brown613@example.com,"$76,080.84",274.51,gold
CUST-02103,Betty Taylor,male,46.0,"November 17, 2023",Los Angeles,Australia,betty.taylor2103@example.com,"$76,494.25",185.92,Silver
 CUST-02918 ,John Williams,Female,49.0,"November 04, 2021",  San Diego  ,United Kingdom,john.williams2918@example.com,"$109,714.54",211.18,GOLD
CUST-01855,Joseph Hernandez,Female,51.0,30/04/2022,  San Antonio  ,United Kingdom,joseph.hernandez1855@example.com,"$76,487.55",44.46,Bronze
 CUST-01061 ,Elizabeth Lopez,Male,35.0,"August 20, 2022",los angeles,USA,elizabeth.lopez1061@example.com,"$16,447.73",244.95,Gold
CUST-00517,James Davis,M,44.0,24-Oct-2021,Phoenix,USA,james.davis517@example.com,"$76,490.06",152.29,Gold
CUST-00221,Joseph Rodriguez,Female,34.0,2022-12-15,Los Angeles,Canada,joseph.rodriguez221@example.com,"$54,176.93",109.39,SILVER
CUST-00722,Elizabeth Anderson,other,42.0,26/11/2023,San Diego,USA,elizabeth.anderson722@example.com,"$46,366.80",248.49,BRONZE
CUST-02034,John Martinez,MALE,29.0,"June 13, 2021",PHILADELPHIA,United Kingdom,john.martinez2034@example.com,"$999,999,999.00",307.43,
 CUST-01205 ,Richard Thomas,M,16.0,10/06/2023,los angeles,United Kingdom,richard.thomas1205@example.com,"$36,304.03",194.7,BRONZE
 CUST-00713 ,Betty Rodriguez,FEMALE,29.0,2022-01-15,Houston,Australia,betty.rodriguez713@example.com,"$47,387.63",149.56,
2593,William Gonzalez,MALE,38.0,2022-08-28,Austin,United Kingdom,william.gonzalez2593@example.com,"$5,000,000.00",99.9,Silver
 CUST-01803 ,Michael Hernandez,Male,48.0,"May 04, 2024",philadelphia,USA,,"$39,348.21",175.61,gold
 CUST-01022 ,Charles Anderson,MALE,58.0,2022-09-15,Philadelphia,United Kingdom,charles.anderson1022@example.com,"$89,746.23",206.29,
CUST-01315,Robert Davis,f ,53.0,2023-05-22,Chicago,Australia,robert.davis1315@example.com,"$36,535.66",277.7,GOLD
 CUST-02860 ,William Garcia,f ,45.0,2024-10-09,Houston,United Kingdom,william.garcia2860@example.com,"$61,906.95",62.63,silver
2083,Thomas Thomas,Male,51.0,2024-07-27,austin,USA,thomas.thomas2083@example.com,"$57,924.25",249.64,gold
CUST-01100,William Miller,MALE,40.0,13-Nov-2023,San Diego,United Kingdom,william.miller1100@example.com,"$40,117.87",172.15,
1230,Elizabeth Miller,FEMALE,57.0,2022-03-02,  Los Angeles  ,Canada,,"$111,991.09",75.1,gold
 CUST-01812 ,Charles Anderson, Female,30.0,03/07/2023,San Antonio,United Kingdom,charles.anderson1812@example.com,"$113,155.67",172.53,silver
 CUST-01016 ,Lisa Taylor,MALE,38.0,03/08/2021,San Antonio,United Kingdom,lisa.taylor1016@example.com,"$36,688.22",35.46,BRONZE
CUST-01963,Richard Martinez,F,40.0,24-Oct-2022,philadelphia,Canada,richard.martinez1963@example.com,"$66,155.79",154.69,bronze
CUST-00110,Jessica Anderson,Other,38.0,07/23/2023,New York,United Kingdom,jessica.anderson110@example.com,"$41,222.47",49.11,BRONZE
CUST-02926,John Williams,female,30.0,08/07/2021,  San Diego  ,USA,john.williams2926@example.com,"$66,940.48",317.82,SILVER
CUST-02488,Karen Johnson,male,,03/08/2024,Houston,Australia,karen.johnson@@example..com,"$50,263.07",308.33,Bronze
CUST-01377,John Johnson,m ,43.0,02/03/2024,Houston,Canada,john.johnson1377@example.com,"$38,797.93",82.92,Silver
CUST-00892,Thomas Moore,f ,44.0,02/05/2023,SAN DIEGO,United Kingdom,thomas.moore892@example.com,"$61,836.29",130.18,silver
CUST-00880,Karen Miller,MALE,48.0,2024-02-27,  Phoenix  ,Australia,karen.miller880@example.com,"$36,513.06",58.2,Gold
CUST-02206,Daniel Williams,male,43.0,19-Dec-2021,New York,Canada,daniel.williams2206@example.com,"$66,936.11",,bronze
CUST-01975,Michael Davis,Other,40.0,10/21/2023,PHOENIX,Australia,michael.davis1975@example.com,"$74,693.22",98.51,BRONZE
 CUST-02285 ,Mary Taylor,FEMALE,16.0,2022-10-05,Chicago,Australia,mary.taylor2285@example.com,"$45,847.51",135.16,Silver
 CUST-01389 ,Richard Rodriguez, Female,55.0,04/11/2024,Houston,Australia,richard.rodriguez1389@example.com,"$102,605.96",130.18,BRONZE
CUST-02288,Patricia Jones,f ,39.0,29/07/2024,phoenix,USA,patricia.jones2288@example.com,"$59,991.79",119.62,Silver
 CUST-02591 ,Thomas Johnson,Male,39.0,22/10/2023,  New York  ,Australia,thomas.johnson2591@example.com,"$50,213.19",200.28,bronze
 CUST-01284 ,Robert Gonzalez,F,60.0,08/05/2021,Los Angeles,United Kingdom,robert.gonzalez1284@example.com,"$75,758.93",155.93,silver
CUST-00505,James Thomas,Female,42.0,"October 24, 2024",New York,United Kingdom,james.thomas505@example.com,"$47,802.83",24.07,GOLD
CUST-01947,Nancy Jones,F,23.0,"January 29, 2023",Austin,United Kingdom,nancy.jones1947@example.com,"$31,071.89",156.98,Silver
CUST-02188,Linda Johnson,Female,16.0,19/08/2023,Dallas,USA,linda.johnson2188@example.com,"$38,654.30",,GOLD
CUST-00592,Jennifer Thomas,FEMALE,35.0,21-Dec-2024,phoenix,Australia,jennifer.thomas592@example.com,,166.92,Bronze
 CUST-00496 ,John Jackson,M,,"May 12, 2024",NEW YORK,United Kingdom,john.jackson496@example.com,"$117,080.24",189.01,gold
CUST-01288,Nancy Wilson,f ,150.0,"December 14, 2024",  Los Angeles  ,USA,nancy.wilson1288@example.com,"$42,172.64",252.75,
1382,Mary Martinez,,63.0,,Houston,United Kingdom,,"$38,002.23",180.74,Gold
CUST-02617,Lisa Williams,female,-5.0,04-Oct-2024,austin,Australia,,"$85,328.36",,BRONZE
CUST-02694,Linda Williams,FEMALE,43.0,16-Oct-2024,San Diego,Australia,linda.williams2694@example.com,"$73,301.76",12.06,silver
CUST-01642,Betty Taylor,MALE,33.0,25-Nov-2021,Philadelphia,United Kingdom,betty.taylor1642@example.com,"$59,438.61",210.26,SILVER
CUST-02449,Karen Jones,female,56.0,27/06/2022,chicago,USA,karen.jones2449@example.com,"$55,111.72",274.84,silver
1880,Karen Davis,F,42.0,2024-02-03,San Diego,USA,karen.davis1880@example.com,"$40,330.50",152.48,bronze
 CUST-01495 ,Robert Thomas, Female,18.0,"October 26, 2024",NEW YORK,Australia,robert.thomas1495@example.com,"$65,768.52",118.36,Bronze
 CUST-00048 ,Thomas Thomas, Male,56.0,05-Nov-2023,Austin,Australia,thomas.thomas48@example.com,"$80,099.62",217.68,GOLD
CUST-02621,John Martinez,m ,56.0,"January 19, 2024",Philadelphia,Australia,john.martinez2621@example.com,"$31,664.31",288.97,BRONZE
CUST-01643,Susan Brown,Male,31.0,08/12/2023,San Diego,USA,susan.brown1643@example.com,"$70,245.53",53.09,bronze
CUST-00324,David Johnson,M,47.0,08/21/2024,Phoenix,USA,david.johnson324@example.com,"$55,611.13",149.86,GOLD
480,Robert Jackson,female,,11/18/2021,New York,Australia,robert.jackson480@example.com,"$85,624.03",35.72,silver
1967,Mary Johnson, Female,0.0,"August 17, 2024",Austin,United Kingdom,mary.johnson1967@example.com,"$84,251.96",164.49,Bronze
 CUST-01046 ,Sarah Johnson,male,22.0,23-Jul-2024,dallas,USA,sarah.johnson1046@example.com,"$73,892.81",141.63,SILVER
CUST-00326,Robert Williams, Female,37.0,05/09/2024,Dallas,United Kingdom,robert.williams326@example.com,"$77,603.83",154.95,gold
 CUST-00293 ,Nancy Martin,M,69.0,05-Dec-2024,Houston,United Kingdom,nancy.martin293@example.com,"$25,037.65",182.71,Gold
CUST-00674,Charles Jones, Female,45.0,2022-06-27,Austin,Canada,charles.jones@@example..com,"$69,070.11",69.89,gold
CUST-00436,Elizabeth Thomas,f ,35.0,12/07/2023,PHILADELPHIA,Australia,elizabeth.thomas436@example.com,"$49,686.01",99.94,bronze
CUST-02330,Jennifer Anderson,F,40.0,23/05/2023,  Los Angeles  ,Australia,jennifer.anderson2330@example.com,"$46,856.24",216.29,BRONZE
CUST-02445,Betty Williams,female,79.0,21-Jan-2021,San Antonio,United Kingdom,betty.williams2445@example.com,"$74,983.39",152.6,Gold
CUST-02175,John Martin,m ,29.0,2022-02-07,san diego,USA,john.martin2175@example.com,,111.01,SILVER
564,James Rodriguez,other,52.0,07-Sep-2021,dallas,Canada,james.rodriguez564@example.com,"$82,499.89",130.54,
CUST-01951,Patricia Smith,MALE,41.0,2024-06-26,Los Angeles,USA,patricia.smith1951@example.com,"$82,792.46",96.21,
 CUST-02380 ,Jennifer Williams,F,62.0,,dallas,USA,jennifer.williams2380@example.com,"$77,985.77",177.82,Bronze
2064,Robert Moore,FEMALE,41.0,2023-01-25,San Diego,Australia,robert.moore2064@example.com,"$25,154.13",136.55,SILVER
CUST-01156,Thomas Lopez, Male,40.0,2021-10-11,DALLAS,USA,thomas.lopez1156@example.com,"$41,990.99",150.27,silver
1270,Elizabeth Williams,F,38.0,2024-11-10,Los Angeles,Australia,elizabeth.williams1270@example.com,"$55,171.53",111.6,silver
CUST-02627,Richard Williams,MALE,16.0,2023-11-08,Philadelphia,United Kingdom,richard.williams2627@example.com,"$91,499.20",30.46,gold
728,Sarah Miller, Female,62.0,2021-03-26,san antonio,Australia,sarah.miller@@example..com,"$72,305.15",196.17,
CUST-02784,Susan Jackson,Female,,12/27/2022,new york,United Kingdom,susan.jackson2784@example.com,,114.95,Gold
CUST-00675,Elizabeth Martin,female,20.0,24-Mar-2021,los angeles,United Kingdom,elizabeth.martin675@example.com,,245.2,SILVER
1621,Nancy Rodriguez,female,53.0,2022-04-07,Los Angeles,Australia,nancy.rodriguez1621@example.com,"$25,025.20",3.32,Bronze
35,Betty Jones,F,23.0,19-Apr-2022,Los Angeles,Australia,betty.jones35@example.com,"$68,704.45",239.52,Gold
CUST-00655,David Davis, Female,28.0,30/08/2023,  Phoenix  ,USA,david.davis655@example.com,"$77,908.64",5.99,GOLD
CUST-01983,Thomas Wilson,F,44.0,"August 13, 2024",Philadelphia,Canada,thomas.wilson1983@example.com,"$57,415.82",53.93,bronze
CUST-01576,Mary Wilson,M,36.0,07/11/2023,  Philadelphia  ,USA,mary.wilson1576@example.com,"$88,519.45",12.45,bronze
 CUST-00010 ,Elizabeth Gonzalez,Male,52.0,2021-12-05,New York,Canada,elizabeth.gonzalez10@example.com,"$83,356.82",82.15,Bronze
CUST-02757,John Johnson,f ,33.0,21-Mar-2022,San Antonio,Canada,john.johnson2757@example.com,"$20,672.43",26.98,Silver
 CUST-00743 ,Nancy Hernandez,Male,27.0,11/08/2021,  Austin  ,United Kingdom,nancy.hernandez743@example.com,"$62,066.29",16.52,Gold
CUST-01466,Daniel Martin,female,0.0,31/03/2023,phoenix,USA,daniel.martin1466@example.com,"$76,693.74",21.29,BRONZE
2002,Daniel Johnson,female,66.0,2022-08-30,PHILADELPHIA,Canada,daniel.johnson2002@example.com,"$39,765.63",92.07,SILVER
CUST-01221,Thomas Martin,Male,39.0,04/18/2023,Houston,Canada,thomas.martin1221@example.com,"$89,007.96",146.36,GOLD
CUST-01798,William Garcia,Female,34.0,12/13/2024,Phoenix,Australia,william.garcia1798@example.com,"$73,711.06",172.18,GOLD
 CUST-00313 ,Jessica Gonzalez,m ,48.0,12/20/2024,San Antonio,USA,jessica.gonzalez313@example.com,"$36,217.93",148.32,BRONZE
CUST-02704,Michael Rodriguez,Male,46.0,"February 06, 2024",PHILADELPHIA,USA,michael.rodriguez2704@example.com,"$58,808.09",-129.6,BRONZE
CUST-01614,Joseph Garcia,m ,16.0,04/02/2024,Houston,Canada,joseph.garcia1614@example.com,"$89,584.46",214.53,GOLD
CUST-02778,Lisa Williams,Other,76.0,01/10/2024,San Antonio,Australia,lisa.williams2778@example.com,"$48,628.14",155.56,GOLD
 CUST-00040 ,Elizabeth Martin,Female,56.0,21/07/2024,NEW YORK,Canada,elizabeth.martin40@example.com,"$61,803.20",188.42,SILVER
 CUST-01362 ,Richard Rodriguez,Female,34.0,"November 22, 2021",Chicago,United Kingdom,richard.rodriguez1362@example.com,"$95,129.72",182.08,gold
 CUST-00784 ,Charles Anderson,M,41.0,10/17/2022,San Diego,Canada,charles.anderson784@example.com,"$21,287.59",24.57,bronze
CUST-00515,Lisa Jones, Female,35.0,16-Sep-2024,NEW YORK,Australia,lisa.jones515@example.com,"$51,984.70",70.24,silver
CUST-00446,Charles Gonzalez,other,35.0,22-Jan-2021,phoenix,USA,charles.gonzalez446@example.com,"$74,280.30",227.94,gold
510,Lisa Garcia,FEMALE,27.0,21-Jan-2024,Austin,United Kingdom,lisa.garcia510@example.com,"$20,458.35",144.99,Bronze
CUST-00760,Jennifer Smith,male,37.0,03/27/2022,Chicago,Canada,jennifer.smith760@example.com,"$20,849.46",106.56,gold
CUST-02111,Mary Hernandez,F,46.0,05-May-2022,San Antonio,USA,mary.hernandez2111@example.com,"$41,450.13",323.94,silver
CUST-02899,Linda Moore,Male,29.0,2021-06-05,Philadelphia,Canada,linda.moore2899@example.com,"$56,884.48",29.09,bronze
 CUST-01583 ,Susan Smith,f ,59.0,"October 03, 2022",Houston,Canada,susan.smith1583@example.com,"$28,508.50",231.27,BRONZE
CUST-00612,Nancy Jackson,Male,37.0,11/12/2024,Philadelphia,USA,nancy.jackson612@example.com,"$63,758.51",83.15,Bronze
 CUST-01434 ,Linda Moore,,52.0,02/08/2023,Los Angeles,Canada,linda.moore1434@example.com,"$69,006.04",141.72,gold
CUST-02230,Matthew Hernandez,male,26.0,20/03/2022,San Antonio,USA,matthew.hernandez2230@example.com,"$65,561.61",30.57,bronze
CUST-02089,John Moore,male,33.0,05-Nov-2021,PHILADELPHIA,USA,,"$48,661.66",111.05,Gold
CUST-00218,Linda Jackson,m ,29.0,17/08/2023,phoenix,USA,linda.jackson218@example.com,"$85,583.21",112.47,Silver
CUST-01312,William Williams,male,39.0,,Phoenix,Canada,william.williams1312@example.com,"$72,763.79",186.81,silver
CUST-01780,Jennifer Davis, Male,60.0,03/12/2024,  Chicago  ,Australia,jennifer.davis@@example..com,,76.82,Gold
 CUST-01680 ,John Gonzalez,female,48.0,19-Jul-2021,new york,Canada,john.gonzalez1680@example.com,"$76,481.21",162.7,gold
CUST-02109,Linda Martinez,female,43.0,2023-12-25,San Diego,Canada,linda.martinez2109@example.com,"$66,637.62",153.65,
CUST-01530,Michael Hernandez,f ,50.0,"December 31, 2021",Chicago,United Kingdom,michael.hernandez1530@example.com,"$76,215.50",242.92,gold
 CUST-00600 ,Robert Taylor,m ,41.0,"October 24, 2023",AUSTIN,Australia,robert.taylor600@example.com,"$78,979.68",52.95,
CUST-02528,Joseph Brown, Male,26.0,"November 14, 2024",Philadelphia,Canada,joseph.brown2528@example.com,"$70,310.67",159.65,GOLD
CUST-00195,Linda Moore,M,40.0,04/08/2022,Houston,USA,linda.moore195@example.com,"$74,388.41",145.42,BRONZE
CUST-01716,Richard Jackson,f ,31.0,2022-07-22,New York,Canada,,"$79,426.87",125.62,gold
CUST-00709,Michael Moore,FEMALE,55.0,2021-10-13,Philadelphia,Canada,michael.moore709@example.com,"$47,563.80",158.08,Bronze
CUST-01149,Robert Gonzalez,MALE,29.0,"January 30, 2023",Houston,USA,robert.gonzalez1149@example.com,"$35,406.49",98.2,bronze
CUST-02154,Nancy Jones,f ,60.0,11-Oct-2022,Chicago,United Kingdom,nancy.jones2154@example.com,"$70,723.12",174.1,Bronze
CUST-02685,Susan Moore,M,44.0,30/01/2021,SAN ANTONIO,United Kingdom,susan.moore2685@example.com,"$110,020.57",294.82,Silver
CUST-02661,Karen Rodriguez,f ,46.0,"February 17, 2022",NEW YORK,Australia,karen.rodriguez2661@example.com,"$84,941.97",102.43,bronze
2886,Sarah Davis,Female,49.0,08/30/2023,Chicago,Australia,sarah.davis2886@example.com,"$56,775.61",209.23,Bronze
CUST-01898,Mary Miller,m ,33.0,"July 28, 2024",  San Antonio  ,USA,mary.miller1898@example.com,"$71,970.26",20.02,Silver
 CUST-01308 ,Michael Jackson,f ,50.0,06/06/2022,Philadelphia,United Kingdom,michael.jackson1308@example.com,"$43,563.84",,
561,Sarah Rodriguez,f ,37.0,05/07/2022,PHOENIX,Australia,sarah.rodriguez561@example.com,"$47,504.55",185.52,GOLD
CUST-01741,Betty Hernandez,MALE,38.0,31/05/2023,houston,USA,betty.hernandez1741@example.com,"$77,283.17",47.18,
CUST-00650,Jessica Brown,MALE,45.0,"July 17, 2023",San Diego,USA,jessica.brown650@example.com,"$66,461.33",41.75,bronze
 CUST-01482 ,Michael Lopez,MALE,31.0,"June 25, 2022",Austin,USA,michael.lopez1482@example.com,"$69,558.57",134.83,Gold
1244,Elizabeth Moore,f ,36.0,2023-12-03,  Austin  ,Australia,elizabeth.moore1244@example.com,"$49,290.10",157.76,bronze
CUST-00629,Susan Anderson,m ,64.0,18-Aug-2022,austin,Canada,susan.anderson629@example.com,"$41,442.94",22.68,Silver
CUST-02594,Joseph Gonzalez,M,37.0,08/21/2022,HOUSTON,Canada,,"$65,453.24",202.29,gold
 CUST-02257 ,Daniel Smith,Male,41.0,12/02/2024,Chicago,USA,daniel.smith2257@example.com,"$68,415.26",250.19,SILVER
1121,Lisa Moore, Male,58.0,2024-03-26,san diego,Australia,lisa.moore1121@example.com,"$35,580.01",203.95,GOLD
CUST-02318,Richard Gonzalez, Female,56.0,28-Mar-2024,Los Angeles,Canada,richard.gonzalez2318@example.com,"$88,522.87",266.86,Gold
CUST-02794,Matthew Moore,MALE,39.0,04/10/2022,New York,United Kingdom,matthew.moore2794@example.com,"$56,460.02",198.36,BRONZE
CUST-02826,John Rodriguez,Male,46.0,"December 16, 2022",Dallas,USA,john.rodriguez2826@example.com,"$64,883.61",154.94,Gold
CUST-01187,Joseph Anderson,Female,52.0,2022-12-06,new york,Canada,joseph.anderson1187@example.com,"$25,980.09",132.1,bronze
CUST-02728,David Lopez,Female,16.0,"July 07, 2023",SAN DIEGO,United Kingdom,david.lopez2728@example.com,"$76,551.89",295.49,gold
 CUST-01122 ,Nancy Hernandez,f ,40.0,"September 01, 2021",DALLAS,United Kingdom,nancy.hernandez1122@example.com,"$72,229.93",199.16,Gold
1461,Joseph Jackson,male,27.0,21/09/2023,Dallas,United Kingdom,,,278.12,Bronze
CUST-01071,Michael Rodriguez,MALE,34.0,"May 13, 2024",Dallas,United Kingdom,michael.rodriguez1071@example.com,"$66,181.00",169.16,
 CUST-01108 ,Matthew Brown, Female,43.0,03/05/2023,San Diego,Canada,matthew.brown1108@example.com,"$71,259.92",204.54,Gold
CUST-00810,Robert Rodriguez,Male,18.0,02/26/2024,Los Angeles,United Kingdom,robert.rodriguez810@example.com,"$62,471.01",178.87,
CUST-01739,Charles Wilson,F,34.0,2024-11-21,Chicago,USA,charles.wilson1739@example.com,"$75,627.77",42.6,bronze
CUST-02373,Karen Jackson,MALE,67.0,2024-06-20,Phoenix,Australia,karen.jackson2373@example.com,"$51,486.59",222.71,Silver
1543,Elizabeth Jackson,,23.0,2022-10-14,dallas,USA,elizabeth.jackson1543@example.com,,51.74,Bronze
CUST-00734,Jennifer Johnson,male,67.0,"October 05, 2021",philadelphia,Australia,jennifer.johnson734@example.com,"$86,511.80",63.64,SILVER
CUST-01243,Michael Wilson,FEMALE,38.0,2024-11-06,Los Angeles,Australia,michael.wilson1243@example.com,"$55,573.38",169.1,gold
CUST-02157,Susan Martinez,F,31.0,07/08/2021,San Antonio,Canada,susan.martinez2157@example.com,"$51,912.65",103.64,Bronze
898,Matthew Jones,O,43.0,08/05/2024,Phoenix,United Kingdom,matthew.jones898@example.com,"$39,700.79",153.18,
CUST-01376,Elizabeth Hernandez, Male,42.0,28-Aug-2024,Philadelphia,Canada,elizabeth.hernandez1376@example.com,"$57,611.59",162.67,bronze
CUST-01730,Patricia Smith,Non-binary,18.0,"March 09, 2021",Philadelphia,USA,patricia.smith1730@example.com,"$83,494.27",253.01,gold
CUST-02529,Richard Johnson,Female,44.0,05-Sep-2021,PHILADELPHIA,Australia,richard.johnson2529@example.com,"$70,311.27",121.39,GOLD
CUST-02753,Joseph Taylor,Female,40.0,20-Jan-2023,Phoenix,United Kingdom,joseph.taylor2753@example.com,,40.56,BRONZE
CUST-01154,James Martin,F,39.0,25-Apr-2022,houston,Canada,james.martin1154@example.com,"$113,019.78",144.19,silver
CUST-02856,John Smith,f ,63.0,24-Jun-2021,New York,United Kingdom,john.smith2856@example.com,"$49,675.89",115.28,
CUST-01245,Joseph Smith,MALE,37.0,"January 23, 2024",Chicago,USA,joseph.smith1245@example.com,"$30,447.99",231.37,GOLD
CUST-00268,Karen Hernandez,O,54.0,26-Feb-2024,Los Angeles,USA,karen.hernandez268@example.com,,82.22,GOLD
 CUST-02363 ,Linda Lopez, Female,32.0,2023-01-09,Houston,Australia,linda.lopez2363@example.com,"$24,836.94",7.35,BRONZE
CUST-00809,William Smith,O,65.0,04/07/2021,Dallas,Canada,william.smith809@example.com,"$81,454.39",215.64,Gold
2399,Linda Jackson, Male,44.0,01-Apr-2023,new york,Canada,linda.jackson2399@example.com,,277.65,Gold
 CUST-01281 ,Charles Lopez,male,35.0,04/09/2022,Dallas,United Kingdom,charles.lopez1281@example.com,"$100,557.78",57.54,gold
CUST-01222,Michael Hernandez,f ,32.0,14-Aug-2022,Philadelphia,United Kingdom,michael.hernandez1222@example.com,"$74,358.16",37.71,GOLD
CUST-00055,Susan Moore, Male,59.0,"December 29, 2022",Dallas,Canada,susan.moore55@example.com,"$43,107.24",43.56,bronze
 CUST-02868 ,Joseph Jackson,Female,19.0,12-Aug-2023,CHICAGO,Australia,joseph.jackson2868@example.com,"$33,459.76",92.19,Gold
CUST-00498,Sarah Martinez,FEMALE,46.0,12/12/2023,LOS ANGELES,USA,sarah.martinez498@example.com,"$45,709.35",8.13,
CUST-01722,Jennifer Martinez,male,41.0,2023-03-17,Houston,Canada,jennifer.martinez1722@example.com,"$66,337.17",188.59,gold
 CUST-01992 ,Elizabeth Wilson,Male,41.0,25/03/2023,  Phoenix  ,USA,elizabeth.wilson1992@example.com,,210.5,GOLD
792,James Davis,M,70.0,"November 24, 2023",Dallas,Australia,james.davis792@example.com,"$38,898.32",224.47,gold
CUST-01843,John Johnson,Non-binary,53.0,04/17/2023,Austin,Canada,john.johnson1843@example.com,,45.57,Silver
CUST-00835,Patricia Thomas,Male,63.0,"May 06, 2022",chicago,Australia,patricia.thomas835@example.com,"$69,337.87",292.93,Gold
 CUST-01067 ,James Martin,male,54.0,"February 06, 2022",phoenix,Australia,james.martin1067@example.com,"$55,839.89",229.48,silver
CUST-01166,Michael Garcia,O,24.0,03/21/2023,New York,Canada,michael.garcia1166@example.com,"$93,231.10",85.11,
CUST-01435,Daniel Brown,male,35.0,2022-06-14,new york,Canada,daniel.brown1435@example.com,"$98,246.80",3.57,BRONZE
CUST-02715,Richard Johnson,FEMALE,,"April 29, 2023",Philadelphia,Canada,richard.johnson2715@example.com,"$86,443.69",319.93,GOLD
CUST-01944,Jennifer Gonzalez,m ,150.0,12/06/2023,AUSTIN,United Kingdom,jennifer.gonzalez1944@example.com,"$53,936.48",99.05,silver
 CUST-02454 ,William Taylor,Male,41.0,25-Jan-2021,Houston,United Kingdom,william.taylor2454@example.com,"$61,863.99",279.81,gold
CUST-01049,Michael Jackson,M,54.0,"February 18, 2022",New York,Canada,michael.jackson1049@example.com,,,Bronze
CUST-01743,Matthew Anderson,m ,48.0,19-Mar-2021,chicago,USA,matthew.anderson1743@example.com,"$102,787.22",16.52,GOLD
 CUST-02566 ,Joseph Rodriguez,other,43.0,26/01/2023,philadelphia,United Kingdom,joseph.rodriguez2566@example.com,"$39,233.52",339.9,gold
 CUST-02956 ,Daniel Jones,Other,42.0,2023-12-12,Phoenix,United Kingdom,daniel.jones2956@example.com,"$68,595.69",38.32,BRONZE
CUST-00533,Jennifer Moore,m ,61.0,2023-06-08,Chicago,United Kingdom,jennifer.moore533@example.com,"$29,375.79",30.32,Bronze
CUST-00879,Elizabeth Jackson,Female,61.0,,San Antonio,United Kingdom,elizabeth.jackson879@example.com,"$89,403.59",81.64,bronze
CUST-02079,Robert Brown,f ,27.0,2022-05-16,Dallas,Canada,robert.brown2079@example.com,"$77,104.40",46.75,gold
CUST-01674,Sarah Hernandez,Female,30.0,30-Dec-2023,LOS ANGELES,USA,sarah.hernandez1674@example.com,"$67,485.69",37.91,BRONZE
CUST-01041,Lisa Anderson,M,27.0,"July 05, 2022",New York,Canada,lisa.anderson1041@example.com,"$45,220.32",223.36,BRONZE
 CUST-00464 ,Joseph Rodriguez, Male,31.0,07/22/2023,New York,United Kingdom,joseph.rodriguez464@example.com,"$94,265.45",310.64,BRONZE
 CUST-02581 ,Robert Johnson,F,34.0,"September 01, 2021",Houston,USA,robert.johnson2581@example.com,"$35,366.34",270.09,GOLD
CUST-01483,Jessica Taylor,Female,55.0,14-Mar-2021,San Antonio,Australia,,"$999,999,999.00",146.18,Gold
 CUST-02808 ,Patricia Taylor,MALE,54.0,06/17/2024,Houston,Canada,patricia.taylor2808@example.com,"$63,324.46",194.53,
CUST-01648,Matthew Davis,FEMALE,39.0,05/02/2024,San Diego,United Kingdom,matthew.davis1648@example.com,"$67,011.06",412.56,SILVER
CUST-01753,Lisa Martin,Female,69.0,"July 10, 2023",Los Angeles,Canada,lisa.martin1753@example.com,"$90,665.88",292.48,Bronze
CUST-01405,Matthew Moore, Female,62.0,"February 02, 2023",Philadelphia,Australia,matthew.moore1405@example.com,"$67,038.53",208.77,SILVER
CUST-02267,Lisa Lopez,male,46.0,02/02/2023,austin,Canada,lisa.lopez2267@example.com,"$54,434.68",184.74,
CUST-01815,John Garcia,M,42.0,2022-04-21,Phoenix,Canada,john.garcia1815@example.com,"$51,709.22",151.72,
CUST-01664,Sarah Miller,Female,39.0,28-Oct-2022,Los Angeles,Canada,,"$22,687.43",40.64,SILVER
 CUST-01565 ,Michael Martin,f ,32.0,,austin,Australia,michael.martin1565@example.com,"$83,855.26",206.29,
 CUST-02945 ,Susan Davis,m ,,"June 13, 2022",Chicago,United Kingdom,susan.davis2945@example.com,,10.51,silver
CUST-01973,Joseph Thomas,F,51.0,23-Aug-2022,new york,Australia,joseph.thomas1973@example.com,"$50,927.37",62.95,silver
 CUST-00647 ,Nancy Johnson,Female,33.0,21-Aug-2024,Phoenix,Canada,nancy.johnson647@example.com,"$55,572.79",103.42,Gold
CUST-01456,Mary Williams,Female,32.0,31/03/2023,philadelphia,Australia,mary.williams1456@example.com,"$52,570.94",35.34,Silver
 CUST-00082 ,Charles Lopez,M,39.0,2024-03-01,DALLAS,United Kingdom,charles.lopez82@example.com,"$56,079.51",101.54,BRONZE
2597,Jennifer Wilson,f ,54.0,27-Jun-2023,new york,United Kingdom,jennifer.wilson2597@example.com,"$49,688.24",175.2,Bronze
707,Nancy Martin,m ,36.0,2021-03-21,houston,Canada,nancy.martin707@example.com,"$62,791.01",317.78,Gold
CUST-02093,Karen Jackson,male,44.0,"March 27, 2021",Dallas,United Kingdom,karen.jackson2093@example.com,"$56,014.20",280.03,BRONZE
1911,William Martinez,Non-binary,43.0,16-Sep-2022,dallas,Australia,william.martinez1911@example.com,"$-15,000.00",297.2,
CUST-00427,Sarah Johnson,MALE,23.0,2022-04-09,San Antonio,Canada,sarah.johnson427@example.com,"$58,386.87",266.55,Silver
 CUST-00572 ,Daniel Johnson,M,31.0,2024-05-01,NEW YORK,Canada,daniel.johnson572@example.com,"$68,413.46",70.15,bronze
CUST-02890,Jennifer Rodriguez,F,62.0,2021-06-24,Los Angeles,Australia,jennifer.rodriguez2890@example.com,"$24,865.19",7.87,gold
2937,John Martin,Female,200.0,05/22/2021,Austin,USA,john.martin2937@example.com,"$71,236.29",175.59,GOLD
 CUST-02041 ,Susan Taylor,Male,41.0,"December 09, 2023",San Antonio,Canada,susan.taylor2041@example.com,"$45,324.12",15.72,BRONZE
 CUST-02364 ,Nancy Martin,Non-binary,58.0,13-Jan-2023,Phoenix,United Kingdom,nancy.martin2364@example.com,"$17,483.74",167.41,Silver
 CUST-01141 ,David Gonzalez,M,48.0,"December 29, 2023",Philadelphia,Australia,david.gonzalez1141@example.com,"$96,218.27",66.84,gold
CUST-00604,David Jackson,Female,,01/18/2024,PHOENIX,Australia,david.jackson604@example.com,"$44,796.01",161.84,SILVER
CUST-01027,Betty Rodriguez,FEMALE,38.0,21/12/2021,Dallas,Australia,betty.rodriguez1027@example.com,"$81,961.81",116.14,GOLD
CUST-02065,Karen Rodriguez,Female,48.0,03-Nov-2021,HOUSTON,United Kingdom,karen.rodriguez2065@example.com,"$39,803.82",101.15,gold
CUST-01885,Jessica Jackson,MALE,43.0,03/08/2022,Phoenix,Canada,jessica.jackson1885@example.com,"$999,999,999.00",133.6,gold
 CUST-00354 ,Charles Anderson,male,33.0,"December 06, 2022",Los Angeles,Australia,charles.anderson354@example.com,"$46,733.51",215.53,Gold
CUST-02345,Patricia Moore, Male,46.0,2022-03-11,Philadelphia,USA,patricia.moore2345@example.com,"$71,649.06",200.65,BRONZE
CUST-00888,John Lopez,female,22.0,"December 14, 2023",Philadelphia,USA,john.lopez888@example.com,"$59,231.39",199.82,gold
CUST-02433,John Moore,Female,37.0,01/01/2022,Austin,United Kingdom,john.moore2433@example.com,"$45,711.10",126.69,gold
 CUST-01404 ,Susan Brown,MALE,33.0,2022-05-05,New York,United Kingdom,susan.brown1404@example.com,"$53,568.35",109.36,bronze
CUST-01712,Jennifer Wilson,Male,19.0,23-Jan-2021,philadelphia,United Kingdom,,"$45,356.59",11.12,Bronze
CUST-01952,Lisa Taylor,M,,23-Feb-2022,philadelphia,USA,lisa.taylor1952@example.com,"$60,214.76",177.59,gold
CUST-01023,Lisa Davis,F,69.0,2024-12-11,San Antonio,USA,lisa.davis1023@example.com,"$49,357.65",95.81,BRONZE
1676,Charles Wilson,FEMALE,24.0,03/02/2021,Philadelphia,Australia,charles.wilson1676@example.com,"$82,702.15",110.02,Silver
CUST-00161,Lisa Williams,F,22.0,2021-05-31,Chicago,USA,lisa.williams161@example.com,"$49,500.31",428.2,
CUST-00783,Patricia Williams,Male,25.0,"October 30, 2021",new york,Canada,patricia.williams783@example.com,"$53,108.70",207.12,bronze
CUST-02629,Daniel Jackson,MALE,56.0,18-Jun-2021,Chicago,Australia,daniel.jackson2629@example.com,"$38,782.49",98.32,SILVER
2690,William Miller,FEMALE,36.0,2023-11-13,Chicago,USA,william.miller2690@example.com,"$47,610.80",58.33,bronze
 CUST-01505 ,Mary Wilson,f ,34.0,19-Jan-2024,AUSTIN,USA,mary.wilson1505@example.com,,171.29,SILVER
CUST-02412,James Hernandez,female,55.0,01/06/2023,Austin,Canada,james.hernandez2412@example.com,"$84,015.06",8.99,bronze
CUST-02119,Jessica Jones, Female,35.0,30-Apr-2023,Houston,Canada,jessica.jones2119@example.com,"$14,478.89",102.68,gold
CUST-01587,Matthew Taylor, Female,51.0,"October 03, 2024",San Antonio,USA,matthew.taylor1587@example.com,"$54,157.09",,SILVER
CUST-01486,Thomas Williams,FEMALE,36.0,09/18/2022,  Houston  ,Australia,thomas.williams1486@example.com,"$71,320.38",25.37,silver
CUST-01283,Robert Williams,female,40.0,,Chicago,United Kingdom,robert.williams1283@example.com,"$88,182.44",233.09,GOLD
1830,Elizabeth Brown,f ,52.0,01/02/2021,HOUSTON,USA,,"$8,000.00",190.69,Silver
CUST-02605,Charles Wilson, Female,47.0,07/12/2021,  Los Angeles  ,USA,charles.wilson2605@example.com,"$32,816.57",110.3,GOLD
CUST-01781,Mary Martin, Female,18.0,2021-01-02,Phoenix,Australia,,"$46,007.52",28.69,bronze
CUST-02965,Nancy Johnson,MALE,34.0,10/02/2021,Philadelphia,Canada,nancy.johnson2965@example.com,"$26,895.84",83.55,
1151,Thomas Jackson,Female,42.0,03/11/2021,Austin,Canada,thomas.jackson1151@example.com,"$61,984.72",185.12,Gold
257,Robert Gonzalez,F,28.0,2022-01-04,San Antonio,Australia,robert.gonzalez257@example.com,"$59,891.36",180.97,gold
CUST-01607,Daniel Lopez,female,33.0,2023-07-19,san antonio,United Kingdom,daniel.lopez1607@example.com,"$60,903.66",194.52,Gold
CUST-01167,William Rodriguez, Male,16.0,2022-07-30,  Dallas  ,Canada,william.rodriguez1167@example.com,"$54,698.93",66.36,Bronze
 CUST-00697 ,Sarah Anderson,FEMALE,16.0,2022-09-14,San Diego,United Kingdom,,"$60,147.10",190.45,
2984,John Williams,FEMALE,26.0,2024-11-21,Austin,USA,john.williams2984@example.com,"$75,968.23",141.79,GOLD
 CUST-00133 ,Charles Garcia,female,26.0,2023-09-16,san diego,United Kingdom,,"$70,854.58",162.54,Silver
CUST-00214,Sarah Johnson,male,53.0,2022-05-31,dallas,United Kingdom,sarah.johnson214@example.com,"$68,219.73",,
CUST-02601,Betty Smith, Male,53.0,01-Aug-2024,san antonio,Australia,betty.smith2601@example.com,"$77,102.08",212.53,Bronze
 CUST-02275 ,Susan Davis,male,,06/06/2022,  Los Angeles  ,United Kingdom,susan.davis2275@example.com,"$99,502.61",208.14,Gold
60,Thomas Williams,Male,42.0,30/06/2022,  Philadelphia  ,Australia,thomas.williams60@example.com,"$67,457.56",321.14,silver
CUST-02365,Betty Garcia,Male,51.0,"June 19, 2021",  Dallas  ,Australia,betty.garcia2365@example.com,"$107,205.24",94.0,silver
CUST-02545,Michael Brown,F,18.0,01/15/2024,Dallas,USA,michael.brown2545@example.com,"$78,770.64",286.97,GOLD
 CUST-00825 ,Patricia Thomas,M,-1.0,28/08/2024,SAN DIEGO,Australia,patricia.thomas825@example.com,"$69,461.05",221.41,Gold
 CUST-01785 ,Robert Lopez,Male,34.0,05/03/2021,chicago,Australia,robert.lopez1785@example.com,"$46,695.14",9.9,Bronze
CUST-00430,Linda Jones, Male,69.0,03/22/2022,san diego,United Kingdom,linda.jones430@example.com,"$80,201.93",164.68,bronze
CUST-02582,Patricia Thomas,MALE,16.0,2024-04-24,San Antonio,Canada,patricia.thomas2582@example.com,"$58,410.02",1.8,bronze
 CUST-02936 ,John Brown,Female,16.0,07/12/2023,NEW YORK,Australia,john.brown2936@example.com,"$31,703.04",198.5,SILVER
CUST-00556,James Wilson,m ,52.0,26/04/2021,Phoenix,United Kingdom,james.wilson556@example.com,"$41,295.77",23.71,gold
CUST-00627,Sarah Jones,F,40.0,2024-06-01,Houston,United Kingdom,sarah.jones627@example.com,"$126,289.29",,gold
763,Joseph Martinez,Other,27.0,"April 26, 2022",Dallas,Australia,joseph.martinez763@example.com,"$46,013.92",37.08,SILVER
CUST-01248,Daniel Rodriguez,Female,43.0,19/01/2024,dallas,USA,daniel.rodriguez1248@example.com,"$52,255.57",136.94,SILVER
CUST-00617,John Johnson,male,23.0,09-Jan-2021,Los Angeles,Australia,john.johnson617@example.com,"$37,278.20",40.54,Gold
CUST-01789,Robert Jones,MALE,39.0,"July 22, 2023",PHILADELPHIA,Canada,robert.jones1789@example.com,"$100,712.62",261.48,SILVER
1504,Sarah Moore,FEMALE,42.0,13/10/2022,Phoenix,Canada,sarah.moore1504@example.com,"$78,474.79",121.09,
 CUST-02702 ,Jessica Williams,Female,23.0,31-Dec-2021,San Antonio,Canada,jessica.williams2702@example.com,"$62,313.18",112.72,gold
795,Sarah Williams,O,60.0,08/30/2023,Austin,USA,sarah.williams795@example.com,"$76,853.93",195.88,silver
 CUST-01752 ,David Thomas,f ,28.0,"August 14, 2023",San Diego,USA,david.thomas1752@example.com,"$70,231.60",136.13,Silver
CUST-01713,Michael Williams,male,-5.0,08/05/2024,NEW YORK,Canada,michael.williams1713@example.com,"$41,650.19",197.7,Bronze
434,William Williams,Female,26.0,09/04/2022,NEW YORK,USA,william.williams434@example.com,"$58,329.51",207.35,GOLD
 CUST-01869 ,Betty Martin, Female,55.0,"June 29, 2022",Phoenix,United Kingdom,betty.martin1869@example.com,,228.27,Silver
 CUST-02348 ,Susan Garcia,F,16.0,2021-09-04,phoenix,United Kingdom,susan.garcia2348@example.com,"$61,235.85",63.52,SILVER
CUST-00636,Sarah Williams, Male,50.0,28-Oct-2022,New York,Australia,sarah.williams636@example.com,"$45,306.74",212.74,silver
 CUST-01997 ,William Gonzalez,M,40.0,07/09/2021,Austin,Australia,,"$36,650.50",88.51,bronze
 CUST-01037 ,Daniel Rodriguez,Male,57.0,05/11/2021,los angeles,USA,daniel.rodriguez1037@example.com,"$59,948.19",95.98,
CUST-02248,Nancy Garcia, Male,30.0,11/01/2021,SAN DIEGO,Canada,nancy.garcia2248@example.com,"$49,316.71",107.73,GOLD
CUST-00136,Robert Hernandez,Male,42.0,30-Mar-2023,Los Angeles,United Kingdom,,"$59,643.11",40.55,Bronze
CUST-00089,Jessica Anderson,F,41.0,04-Mar-2023,san antonio,Canada,jessica.anderson89@example.com,"$67,426.92",191.21,SILVER
CUST-00948,Daniel Davis,f ,56.0,2023-09-14,SAN ANTONIO,USA,daniel.davis948@example.com,,233.52,silver
CUST-02354,John Johnson, Female,31.0,30/10/2022,Phoenix,Australia,john.johnson2354@example.com,"$70,205.93",186.52,Silver
CUST-02513,Karen Jackson,MALE,33.0,2021-05-24,Dallas,Australia,,"$70,966.75",128.36,bronze
 CUST-00588 ,Jennifer Jones,Male,50.0,2022-07-08,Austin,Canada,jennifer.jones588@example.com,"$93,528.33",293.63,Bronze
 CUST-00512 ,Matthew Johnson,Other,36.0,,Dallas,USA,,"$73,654.66",157.86,Bronze
 CUST-00031 ,David Taylor,f ,42.0,03/20/2023,Austin,USA,david.taylor31@example.com,"$100,216.84",100.53,Silver
CUST-00654,William Jones,FEMALE,56.0,2024-11-22,Phoenix,Australia,william.jones654@example.com,"$63,278.00",213.76,Gold
CUST-00769,Nancy Moore, Female,27.0,04-Dec-2024,Philadelphia,United Kingdom,nancy.moore@@example..com,"$49,409.40",37.11,GOLD
2438,Matthew Taylor,female,43.0,2023-04-12,chicago,Canada,matthew.taylor2438@example.com,"$98,296.18",189.35,GOLD
CUST-02381,Michael Davis,Male,35.0,"January 05, 2022",Chicago,USA,michael.davis@@example..com,"$63,578.01",130.07,gold
 CUST-01040 ,Daniel Moore,F,200.0,04/16/2022,PHILADELPHIA,Australia,,"$39,777.72",317.56,Silver
CUST-02068,Nancy Miller,male,53.0,"May 27, 2022",San Diego,United Kingdom,nancy.miller2068@example.com,"$84,133.99",133.68,GOLD
CUST-01155,Michael Johnson,MALE,42.0,2023-10-06,Houston,United Kingdom,michael.johnson1155@example.com,"$69,662.26",298.22,SILVER
 CUST-02510 ,Jennifer Garcia,Female,28.0,02/07/2022,PHOENIX,United Kingdom,jennifer.garcia2510@example.com,"$55,372.29",117.77,SILVER
 CUST-00200 ,Joseph Taylor,FEMALE,47.0,05/03/2024,Philadelphia,Canada,,"$28,141.87",46.86,Bronze
CUST-01709,James Martin,male,42.0,25-Jan-2021,  Philadelphia  ,United Kingdom,james.martin1709@example.com,"$48,211.74",302.98,Silver
CUST-01766,Mary Taylor, Female,31.0,"October 27, 2024",Phoenix,USA,,"$88,292.32",148.33,Bronze
CUST-02771,Charles Williams,male,56.0,15-Feb-2021,Chicago,USA,charles.williams2771@example.com,"$64,720.95",158.34,Bronze
CUST-00661,Betty Taylor,female,24.0,07/11/2023,Houston,Australia,,"$67,747.81",90.03,gold
1220,James Lopez,FEMALE,79.0,18/07/2021,Philadelphia,Canada,james.lopez1220@example.com,"$62,627.99",128.47,SILVER
CUST-00261,Susan Smith,m ,49.0,04/09/2024,  Los Angeles  ,USA,susan.smith261@example.com,"$87,383.91",186.1,BRONZE
CUST-01158,Betty Anderson,male,49.0,"April 22, 2022",San Diego,Canada,betty.anderson1158@example.com,"$72,213.43",194.32,bronze
626,Patricia Lopez,male,52.0,18/01/2022,Houston,USA,patricia.lopez626@example.com,"$39,263.79",76.33,Silver
 CUST-02353 ,James Hernandez, Female,40.0,01/05/2021,LOS ANGELES,USA,james.hernandez2353@example.com,"$39,243.29",20.88,Silver
CUST-00848,Thomas Taylor, Female,40.0,15/05/2022,San Antonio,Australia,thomas.taylor848@example.com,"$82,417.08",135.92,bronze
CUST-00098,Charles Smith,Male,64.0,"September 13, 2022",  Los Angeles  ,Canada,charles.smith98@example.com,"$53,817.11",195.01,bronze
CUST-00177,Matthew Miller,f ,21.0,12/18/2021,AUSTIN,USA,matthew.miller177@example.com,"$68,157.22",259.33,gold
CUST-00876,Susan Smith,M,36.0,24-May-2022,Chicago,Canada,susan.smith876@example.com,"$14,451.44",314.06,Silver
 CUST-00667 ,Jennifer Davis, Female,44.0,2022-01-09,new york,Australia,jennifer.davis667@example.com,"$59,956.00",139.97,SILVER
CUST-00420,Linda Martin,M,57.0,"July 01, 2022",Dallas,United Kingdom,linda.martin420@example.com,"$87,158.46",262.75,BRONZE
 CUST-02356 ,Patricia Wilson,Male,16.0,"May 12, 2021",Austin,Canada,patricia.wilson2356@example.com,"$81,596.97",,BRONZE
CUST-02238,William Garcia,F,40.0,15-Apr-2022,Philadelphia,United Kingdom,william.garcia2238@example.com,"$41,481.09",283.16,bronze
CUST-00859,Robert Lopez, Male,17.0,"November 18, 2024",Los Angeles,USA,robert.lopez859@example.com,"$84,428.25",163.2,bronze
 CUST-00700 ,Thomas Taylor,F,44.0,20-Jul-2022,phoenix,United Kingdom,thomas.taylor700@example.com,"$52,551.50",88.03,Bronze
 CUST-02706 ,Michael Williams,m ,50.0,08/25/2021,NEW YORK,Canada,michael.williams2706@example.com,"$35,330.04",218.65,Silver
CUST-00114,Patricia Taylor,M,16.0,"July 08, 2023",Austin,United Kingdom,patricia.taylor114@example.com,"$39,190.49",305.1,
CUST-01314,Elizabeth Brown,MALE,33.0,"September 12, 2024",San Antonio,USA,elizabeth.brown1314@example.com,"$43,470.56",121.19,silver
CUST-00052,Mary Brown,MALE,38.0,2023-11-28,DALLAS,United Kingdom,,"$82,323.89",253.41,Bronze
CUST-01969,Matthew Gonzalez, Female,27.0,2024-06-07,San Antonio,USA,matthew.gonzalez1969@example.com,"$59,402.15",62.41,SILVER
 CUST-00851 ,Sarah Martinez,,38.0,2023-08-31,san antonio,Canada,sarah.martinez851@example.com,"$61,054.42",14.59,silver
CUST-00595,Thomas Moore,F,44.0,04/17/2024,CHICAGO,United Kingdom,thomas.moore595@example.com,"$89,810.40",210.68,Bronze
CUST-00026,Sarah Martinez,f ,46.0,,Chicago,USA,sarah.martinez26@example.com,"$37,606.20",196.34,Gold
CUST-01555,Patricia Jones,Non-binary,36.0,"April 16, 2021",San Diego,Canada,patricia.jones1555@example.com,"$99,141.67",168.68,Silver
CUST-02197,Joseph Garcia,F,36.0,28/08/2023,Phoenix,Australia,joseph.garcia2197@example.com,"$-15,000.00",229.82,BRONZE
694,Karen Miller, Male,52.0,21-Feb-2024,Philadelphia,USA,karen.miller694@example.com,,214.69,BRONZE
CUST-00188,Mary Jones,FEMALE,67.0,30/06/2022,AUSTIN,USA,mary.jones188@example.com,"$81,949.21",87.91,GOLD
 CUST-02344 ,Thomas Wilson,M,56.0,"January 24, 2022",  New York  ,Australia,thomas.wilson2344@example.com,"$88,012.67",286.11,Bronze
 CUST-01479 ,David Anderson,,50.0,"December 12, 2023",New York,Canada,david.anderson1479@example.com,"$78,221.69",148.32,
 CUST-00633 ,Mary Jackson, Male,25.0,"December 07, 2021",SAN ANTONIO,United Kingdom,mary.jackson@@example..com,"$88,333.58",58.42,Bronze
 CUST-01640 ,David Brown,Other,31.0,18-May-2024,Phoenix,USA,david.brown1640@example.com,"$8,000.00",313.3,Bronze
CUST-00914,Daniel Taylor,F,35.0,03/08/2021,  Phoenix  ,Australia,daniel.taylor914@example.com,"$26,957.66",127.62,Gold
CUST-01889,Mary Garcia,Male,74.0,16/02/2022,New York,United Kingdom,mary.garcia1889@example.com,"$42,655.76",8.04,BRONZE
1715,William Davis,f ,79.0,2021-11-22,Chicago,Australia,william.davis1715@example.com,"$39,829.96",162.4,GOLD
CUST-01979,Patricia Gonzalez,f ,52.0,07/12/2023,San Diego,United Kingdom,patricia.gonzalez@@example..com,"$64,825.61",33.31,BRONZE
CUST-01765,John Williams, Male,,13-Jul-2021,austin,United Kingdom,john.williams1765@example.com,"$72,907.01",152.11,Silver
 CUST-00951 ,Elizabeth Hernandez,,30.0,20/12/2024,San Diego,USA,elizabeth.hernandez951@example.com,"$71,475.72",161.32,gold
CUST-02422,Karen Martinez,m ,46.0,15-Aug-2022,San Diego,Australia,karen.martinez2422@example.com,"$999,999,999.00",157.9,Bronze
CUST-01212,James Taylor,F,16.0,"January 13, 2023",dallas,USA,james.taylor1212@example.com,"$80,136.37",14.58,GOLD
 CUST-02434 ,Joseph Rodriguez, Male,62.0,16-Oct-2023,chicago,Australia,joseph.rodriguez2434@example.com,"$75,772.04",228.83,GOLD
 CUST-02208 ,Betty Smith, Female,42.0,24-Aug-2021,new york,Australia,betty.smith2208@example.com,"$95,630.53",94.93,gold
CUST-02599,Richard Martin,f ,150.0,02/08/2023,san diego,USA,richard.martin2599@example.com,"$59,979.60",69.22,gold
CUST-00455,Daniel Miller, Female,,07/09/2024,PHOENIX,Canada,daniel.miller455@example.com,"$65,645.98",240.88,gold
 CUST-01129 ,Mary Taylor, Female,34.0,2021-12-05,Philadelphia,USA,mary.taylor1129@example.com,"$49,455.43",159.93,
CUST-00500,Susan Wilson,Female,37.0,2024-12-18,new york,United Kingdom,susan.wilson500@example.com,"$102,417.91",176.94,BRONZE
CUST-00923,Karen Williams,Male,40.0,"April 25, 2023",Austin,United Kingdom,karen.williams923@example.com,"$32,625.75",176.05,Gold
CUST-01057,Michael Rodriguez,M,42.0,03/10/2022,  San Diego  ,Canada,michael.rodriguez1057@example.com,"$47,746.01",195.06,SILVER
CUST-02701,Charles Garcia,m ,43.0,03/14/2021,  San Antonio  ,Canada,charles.garcia2701@example.com,"$73,530.54",215.67,GOLD
CUST-01537,Jennifer Wilson,f ,54.0,"December 01, 2021",San Diego,Canada,jennifer.wilson1537@example.com,"$80,903.17",173.41,
2394,Thomas Martinez,Non-binary,33.0,16-Aug-2023,Houston,Australia,thomas.martinez2394@example.com,,220.95,GOLD
 CUST-02426 ,Mary Miller,O,17.0,"January 11, 2023",Phoenix,United Kingdom,mary.miller2426@example.com,"$76,370.97",278.69,
CUST-00735,Michael Thomas,female,30.0,07/18/2023,New York,Australia,michael.thomas735@example.com,"$54,607.32",191.14,Bronze
CUST-01598,Lisa Smith,M,60.0,14/04/2021,Chicago,Australia,lisa.smith1598@example.com,"$111,150.92",168.88,silver
CUST-01841,Susan Miller, Female,39.0,12/07/2023,Dallas,United Kingdom,susan.miller1841@example.com,"$71,489.02",2.27,Gold
CUST-00646,Mary Hernandez,f ,25.0,22/10/2023,San Antonio,USA,mary.hernandez646@example.com,"$67,367.17",217.69,bronze
 CUST-00090 ,Jennifer Brown,,60.0,2023-04-25,  Philadelphia  ,USA,jennifer.brown90@example.com,"$53,834.69",208.0,gold
2190,Patricia Johnson,male,40.0,05/25/2023,Chicago,United Kingdom,,"$47,853.19",220.05,GOLD
CUST-02531,Susan Hernandez,Male,34.0,05/21/2023,  Los Angeles  ,USA,susan.hernandez2531@example.com,"$94,739.78",205.79,BRONZE
 CUST-02328 ,Betty Johnson,F,23.0,"April 01, 2022",  New York  ,Australia,betty.johnson2328@example.com,,136.29,gold
 CUST-02726 ,Betty Moore,M,47.0,18/01/2021,chicago,USA,betty.moore2726@example.com,"$57,982.51",54.57,SILVER
CUST-00102,Jennifer Gonzalez,FEMALE,24.0,10/03/2024,San Diego,USA,jennifer.gonzalez102@example.com,"$86,451.23",5.03,GOLD
 CUST-00569 ,Richard Davis,M,26.0,11/08/2024,Dallas,Canada,richard.davis569@example.com,"$54,411.17",171.02,BRONZE
 CUST-02216 ,Lisa Martinez,m ,58.0,24-Dec-2021,SAN DIEGO,Australia,,"$24,241.69",149.65,Bronze
CUST-02553,David Miller,male,43.0,"December 13, 2024",new york,United Kingdom,david.miller2553@example.com,"$56,801.97",169.21,Bronze
CUST-02051,Lisa Wilson,Female,21.0,11/01/2023,Chicago,USA,lisa.wilson2051@example.com,"$37,311.11",250.91,Silver
CUST-00552,Michael Anderson,Male,48.0,28/12/2022,Houston,USA,michael.anderson552@example.com,"$85,079.62",184.54,gold
CUST-00841,Elizabeth Jackson,Male,,26/07/2021,San Diego,United Kingdom,elizabeth.jackson841@example.com,"$71,726.11",117.92,silver
CUST-01503,Jessica Jackson,M,150.0,2022-02-23,DALLAS,United Kingdom,jessica.jackson1503@example.com,"$62,719.10",41.29,GOLD
CUST-01538,Daniel Moore, Male,53.0,08/21/2022,New York,USA,daniel.moore1538@example.com,"$69,621.97",250.19,GOLD
CUST-01586,Richard Martinez, Female,18.0,18-Jan-2024,Austin,Canada,richard.martinez1586@example.com,"$73,463.32",63.32,bronze
 CUST-00819 ,James Taylor,MALE,41.0,18/11/2024,Chicago,United Kingdom,james.taylor819@example.com,"$55,853.14",123.67,BRONZE
CUST-01837,Robert Anderson,Female,26.0,2021-06-12,San Diego,USA,robert.anderson1837@example.com,"$62,814.66",194.16,silver
1611,Michael Johnson,male,43.0,2021-02-13,CHICAGO,Australia,michael.johnson1611@example.com,"$18,776.36",174.91,
CUST-02135,Linda Martinez,M,39.0,02/22/2024,SAN DIEGO,United Kingdom,linda.martinez2135@example.com,"$44,110.48",61.82,Gold
1292,Elizabeth Anderson, Female,45.0,10/03/2021,New York,Australia,elizabeth.anderson1292@example.com,"$72,412.54",157.7,
CUST-02472,David Moore,male,37.0,"May 08, 2024",Philadelphia,Canada,david.moore2472@example.com,"$34,551.49",222.58,
CUST-01915,Jennifer Jones,female,40.0,28/01/2023,SAN ANTONIO,Australia,jennifer.jones1915@example.com,"$54,775.38",,GOLD
CUST-02351,Linda Brown,FEMALE,50.0,17-Mar-2024,philadelphia,Australia,linda.brown2351@example.com,"$63,714.09",145.97,silver
 CUST-02610 ,Joseph Wilson,F,18.0,09/30/2023,Philadelphia,USA,joseph.wilson2610@example.com,"$80,494.99",20.86,bronze
 CUST-01284 ,Robert Gonzalez,F,60.0,08/05/2021,Los Angeles,United Kingdom,robert.gonzalez1284@example.com,"$75,758.93",155.93,silver
CUST-01488,Patricia Lopez,female,55.0,10-Nov-2023,San Diego,USA,patricia.lopez1488@example.com,"$81,690.66",153.21,Silver
CUST-00530,Matthew Garcia,Other,37.0,12/03/2023,Houston,Australia,matthew.garcia530@example.com,"$76,420.02",66.57,Bronze
 CUST-02297 ,Robert Garcia,M,62.0,"October 14, 2024",  San Diego  ,Canada,robert.garcia2297@example.com,"$62,897.80",35.76,GOLD
 CUST-00870 ,James Martinez,MALE,26.0,08/07/2021,NEW YORK,United Kingdom,james.martinez870@example.com,"$43,376.64",116.42,GOLD
 CUST-02648 ,Susan Hernandez,Non-binary,34.0,25/07/2022,  Los Angeles  ,USA,susan.hernandez2648@example.com,"$31,219.42",299.38,Gold
CUST-01494,Susan Brown,MALE,53.0,"November 25, 2024",LOS ANGELES,USA,susan.brown1494@example.com,"$64,394.90",168.71,SILVER
CUST-00666,Nancy Hernandez, Female,28.0,06/20/2024,Chicago,United Kingdom,nancy.hernandez666@example.com,"$47,694.93",195.63,Bronze
CUST-02627,Richard Williams,MALE,16.0,2023-11-08,Philadelphia,United Kingdom,richard.williams2627@example.com,"$91,499.20",30.46,gold
 CUST-00834 ,Elizabeth Brown,F,54.0,2023-01-28,DALLAS,Canada,elizabeth.brown834@example.com,"$96,201.42",112.96,SILVER
CUST-00372,Daniel Lopez,FEMALE,46.0,2021-02-10,Phoenix,USA,daniel.lopez372@example.com,"$67,239.02",248.76,Silver
CUST-01775,Matthew Rodriguez,f ,33.0,2023-05-18,Philadelphia,United Kingdom,matthew.rodriguez1775@example.com,"$84,003.70",155.62,
 CUST-02038 ,Joseph Jackson,female,41.0,25-Dec-2021,San Antonio,Australia,joseph.jackson2038@example.com,"$62,295.34",200.45,Silver
CUST-00424,Jessica Moore,male,20.0,04-Apr-2024,philadelphia,USA,jessica.moore@@example..com,"$54,999.44",196.53,Silver
CUST-02857,Robert Johnson,M,41.0,"May 13, 2023",Philadelphia,Canada,robert.johnson2857@example.com,"$5,000,000.00",87.01,gold
CUST-01343,William Davis,MALE,34.0,25/06/2023,DALLAS,United Kingdom,william.davis@@example..com,"$61,123.30",,bronze
1581,Linda Brown,MALE,47.0,21/09/2022,San Antonio,United Kingdom,linda.brown1581@example.com,"$63,372.01",117.99,gold
 CUST-01174 ,Mary Davis,m ,29.0,05-May-2021,Dallas,United Kingdom,,"$48,635.83",199.19,bronze
 CUST-00844 ,Karen Johnson,,39.0,2021-10-22,Austin,Australia,karen.johnson844@example.com,"$53,063.31",67.44,BRONZE
CUST-00610,Joseph Anderson,f ,34.0,22/02/2023,Philadelphia,United Kingdom,joseph.anderson610@example.com,"$46,139.59",115.05,Gold
CUST-00301,Daniel Anderson,F,39.0,27-Dec-2021,  Phoenix  ,USA,daniel.anderson301@example.com,"$79,475.09",27.47,SILVER
 CUST-01510 ,Patricia Gonzalez,Female,50.0,02/09/2024,NEW YORK,USA,,,-162.4,
CUST-00459,Elizabeth Gonzalez,F,48.0,01-Apr-2022,Chicago,United Kingdom,elizabeth.gonzalez459@example.com,"$20,859.78",129.9,BRONZE
518,Susan Martinez,MALE,21.0,"August 31, 2022",Chicago,United Kingdom,susan.martinez518@example.com,"$71,231.82",179.52,
 CUST-02517 ,John Gonzalez,M,76.0,,Dallas,Canada,john.gonzalez2517@example.com,"$40,861.55",168.72,BRONZE
CUST-02649,Jessica Johnson,M,56.0,"June 20, 2021",Los Angeles,Australia,jessica.johnson2649@example.com,"$55,633.78",239.54,bronze
CUST-02736,Charles Lopez,Male,28.0,22-Aug-2021,austin,Canada,charles.lopez2736@example.com,"$55,515.17",130.01,GOLD
CUST-02815,Matthew Taylor,female,66.0,10-Mar-2022,dallas,USA,matthew.taylor2815@example.com,"$16,810.15",119.78,GOLD
 CUST-01279 ,Linda Miller,F,22.0,06-Jun-2023,  Phoenix  ,United Kingdom,linda.miller1279@example.com,"$67,370.95",140.6,Gold
CUST-00463,Linda Martin,Female,36.0,08/01/2024,DALLAS,Australia,linda.martin463@example.com,"$53,694.48",58.6,GOLD
 CUST-00320 ,Thomas Lopez,FEMALE,31.0,12/28/2022,dallas,USA,,"$76,099.15",87.57,GOLD
CUST-02420,Sarah Taylor,m ,32.0,06-Nov-2022,San Antonio,Canada,,"$68,243.47",125.54,Silver
CUST-02727,William Lopez,Female,20.0,21-Jan-2021,Los Angeles,Australia,william.lopez2727@example.com,"$78,186.54",139.98,gold
 CUST-01450 ,John Thomas,Male,58.0,12/15/2022,  Los Angeles  ,USA,john.thomas1450@example.com,,116.86,silver
536,David Rodriguez, Male,67.0,02/21/2022,Philadelphia,USA,david.rodriguez536@example.com,"$62,036.80",,gold
CUST-00571,Jessica Garcia,f ,35.0,08/22/2024,Austin,United Kingdom,jessica.garcia571@example.com,"$76,277.17",83.43,
CUST-00372,Daniel Lopez,FEMALE,46.0,2021-02-10,Phoenix,USA,daniel.lopez372@example.com,"$67,239.02",248.76,Silver
 CUST-00344 ,Thomas Hernandez,FEMALE,50.0,"January 18, 2022",New York,Canada,thomas.hernandez344@example.com,"$101,020.03",178.46,Silver
CUST-00511,David Davis,FEMALE,38.0,30-Oct-2021,  New York  ,Canada,,"$62,921.21",211.85,bronze
 CUST-01820 ,James Lopez,m ,50.0,2024-04-02,Austin,Australia,james.lopez1820@example.com,"$21,616.69",188.09,GOLD
CUST-00201,Elizabeth Smith,MALE,38.0,25-Dec-2023,PHOENIX,United Kingdom,,"$101,922.09",216.2,bronze
CUST-00873,Karen Jones,f ,16.0,02/02/2021,PHOENIX,United Kingdom,karen.jones873@example.com,"$102,198.10",3.98,bronze
CUST-02938,John Anderson,Female,44.0,18/09/2023,austin,United Kingdom,john.anderson2938@example.com,"$78,676.64",84.95,Silver
CUST-02067,Karen Jackson,m ,39.0,10-Aug-2023,SAN DIEGO,Canada,karen.jackson2067@example.com,"$69,797.37",116.48,
CUST-00167,Charles Thomas,O,27.0,12/04/2024,San Antonio,USA,charles.thomas167@example.com,"$43,194.27",206.67,Silver
CUST-01272,James Smith,Female,33.0,02-Sep-2023,AUSTIN,Australia,james.smith1272@example.com,"$56,340.41",186.02,gold
CUST-02867,Lisa Martinez, Male,42.0,07/25/2024,phoenix,Australia,lisa.martinez2867@example.com,,281.07,
 CUST-02506 ,James Smith,MALE,25.0,"November 22, 2023",Los Angeles,Australia,,"$67,950.30",-164.28,gold
CUST-01386,William Martinez,female,53.0,2022-11-22,Philadelphia,United Kingdom,william.martinez1386@example.com,"$8,603.17",102.1,bronze
 CUST-00350 ,James Brown,F,41.0,07/09/2024,dallas,USA,james.brown350@example.com,"$55,272.77",194.9,Silver
CUST-02033,Daniel Johnson,F,49.0,"May 11, 2021",austin,Canada,,"$59,339.99",105.54,Gold
CUST-01446,Karen Hernandez,MALE,,30-Jun-2021,Phoenix,United Kingdom,karen.hernandez1446@example.com,"$45,684.73",56.2,SILVER
CUST-00342,Susan Smith, Male,39.0,"July 29, 2021",philadelphia,USA,susan.smith342@example.com,"$60,624.37",110.43,BRONZE
2653,Richard Smith,Female,37.0,06/03/2021,dallas,Australia,richard.smith2653@example.com,"$53,026.47",254.03,
CUST-00337,Daniel Williams,F,32.0,13/06/2021,philadelphia,United Kingdom,daniel.williams337@example.com,"$98,190.86",30.02,BRONZE
 CUST-02490 ,Richard Johnson,male,52.0,"August 18, 2021",Los Angeles,USA,richard.johnson2490@example.com,"$60,922.97",158.12,Gold
CUST-01092,Michael Miller,male,33.0,05/20/2021,AUSTIN,Australia,michael.miller1092@example.com,"$94,389.24",94.52,BRONZE
2590,Robert Anderson, Female,36.0,16/09/2022,San Diego,Australia,robert.anderson2590@example.com,"$77,250.90",115.95,BRONZE
703,Nancy Hernandez,,26.0,29/12/2021,  Phoenix  ,United Kingdom,nancy.hernandez703@example.com,"$47,951.95",169.2,Bronze
CUST-01031,Charles Lopez, Female,35.0,2023-03-26,dallas,Canada,charles.lopez1031@example.com,"$97,099.28",,silver
CUST-01064,Lisa Thomas, Female,16.0,"June 18, 2024",Houston,Australia,lisa.thomas1064@example.com,"$58,825.40",127.7,SILVER
CUST-01697,Thomas Davis,FEMALE,52.0,,Houston,Australia,thomas.davis1697@example.com,"$48,394.84",327.45,Silver
2113,Thomas Smith,male,31.0,2022-03-29,New York,Australia,thomas.smith2113@example.com,"$87,594.27",239.22,GOLD
CUST-02560,Nancy Miller,Male,,"April 09, 2022",PHOENIX,United Kingdom,nancy.miller2560@example.com,"$71,151.35",277.04,Silver
CUST-00915,Michael Johnson,male,30.0,16/07/2022,Austin,Canada,michael.johnson915@example.com,"$22,979.52",170.47,
CUST-01477,Matthew Wilson,F,39.0,25-Dec-2022,Phoenix,USA,matthew.wilson1477@example.com,"$30,242.18",125.05,SILVER
93,Karen Lopez,MALE,63.0,04/25/2021,San Antonio,Canada,karen.lopez93@example.com,"$86,335.20",,
CUST-00554,John Gonzalez,m ,20.0,"March 13, 2023",LOS ANGELES,Australia,john.gonzalez554@example.com,"$36,502.00",210.16,Bronze
 CUST-02505 ,Linda Moore,F,-5.0,2024-11-26,Phoenix,USA,linda.moore2505@example.com,"$77,590.06",41.56,Bronze
81,Karen Jones,male,37.0,12/11/2023,New York,USA,karen.jones81@example.com,"$81,798.53",221.23,Gold
 CUST-00633 ,Mary Jackson, Male,25.0,"December 07, 2021",SAN ANTONIO,United Kingdom,mary.jackson@@example..com,"$88,333.58",58.42,Bronze
CUST-01011,Karen Jackson,male,56.0,15-Nov-2023,new york,United Kingdom,karen.jackson1011@example.com,"$58,718.17",249.78,
CUST-00768,Nancy Rodriguez,MALE,59.0,"March 17, 2024",San Diego,Canada,nancy.rodriguez768@example.com,"$74,323.47",,Bronze
CUST-01850,Matthew Garcia,female,36.0,02/09/2021,Chicago,USA,matthew.garcia1850@example.com,"$56,919.35",224.46,gold
CUST-01834,Betty Rodriguez,FEMALE,34.0,11/24/2022,Dallas,Canada,betty.rodriguez@@example..com,"$59,196.48",160.81,BRONZE
 CUST-02362 ,Susan Smith,F,61.0,,austin,Australia,susan.smith2362@example.com,"$73,662.99",68.13,GOLD
CUST-02106,Michael Lopez, Female,46.0,13-Feb-2021,Phoenix,USA,michael.lopez2106@example.com,"$41,643.01",,GOLD
CUST-02059,Jessica Miller,Male,38.0,06/09/2022,SAN ANTONIO,Canada,jessica.miller2059@example.com,"$68,927.20",12.76,Bronze
CUST-02572,Richard Gonzalez,,53.0,02/13/2022,Philadelphia,United Kingdom,richard.gonzalez2572@example.com,"$64,023.63",133.81,GOLD
CUST-02853,Betty Rodriguez,male,33.0,23-Feb-2024,Chicago,Australia,betty.rodriguez2853@example.com,"$63,460.02",121.78,bronze
CUST-02904,Daniel Brown,,57.0,06/05/2021,Houston,Canada,daniel.brown2904@example.com,"$23,341.67",104.76,GOLD
CUST-02430,Matthew Johnson,F,40.0,2022-08-27,SAN DIEGO,United Kingdom,matthew.johnson2430@example.com,"$47,251.43",311.93,Gold
CUST-00046,Susan Johnson, Female,48.0,2024-01-13,Phoenix,Canada,susan.johnson46@example.com,"$59,845.82",142.52,Gold
CUST-01214,Joseph Martinez,F,16.0,"September 19, 2024",  Los Angeles  ,Canada,joseph.martinez1214@example.com,"$94,104.37",98.07,silver
 CUST-01491 ,Nancy Miller,f ,,"June 01, 2024",San Antonio,United Kingdom,nancy.miller1491@example.com,"$53,270.63",231.06,gold
CUST-00391,Sarah Brown,male,26.0,02/05/2024,austin,USA,,"$50,457.16",258.11,SILVER
 CUST-02719 ,Nancy Gonzalez,Male,46.0,12/15/2023,Dallas,United Kingdom,nancy.gonzalez2719@example.com,"$93,566.90",106.0,Bronze
CUST-01475,Karen Gonzalez,F,16.0,2021-04-14,Philadelphia,Australia,karen.gonzalez1475@example.com,"$57,038.40",190.18,Silver
CUST-00829,David Davis, Female,16.0,"March 10, 2022",CHICAGO,Australia,david.davis829@example.com,,265.45,BRONZE
 CUST-02176 ,Elizabeth Rodriguez,FEMALE,,28-Dec-2024,New York,Australia,elizabeth.rodriguez2176@example.com,"$49,032.19",141.72,BRONZE
 CUST-02019 ,Michael Taylor,F,42.0,2023-07-28,SAN ANTONIO,USA,michael.taylor2019@example.com,"$41,308.13",18.81,bronze
CUST-01339,Linda Williams,female,46.0,2022-08-23,PHILADELPHIA,United Kingdom,linda.williams1339@example.com,"$92,027.15",160.38,silver
CUST-01470,Linda Taylor,male,54.0,15-Oct-2024,  Austin  ,United Kingdom,linda.taylor1470@example.com,"$67,345.89",31.2,Gold
CUST-00451,William Moore,Non-binary,42.0,2022-05-04,Los Angeles,United Kingdom,william.moore451@example.com,"$14,648.89",92.88,Bronze
CUST-01425,William Hernandez,Male,54.0,07/13/2021,new york,Australia,william.hernandez1425@example.com,"$11,351.25",89.36,gold
 CUST-01208 ,Daniel Wilson, Male,53.0,"May 05, 2023",Philadelphia,Canada,daniel.wilson1208@example.com,"$81,691.50",106.6,gold
CUST-02431,Joseph Wilson,female,16.0,"July 30, 2021",Chicago,USA,joseph.wilson2431@example.com,"$59,597.88",225.07,bronze
 CUST-00750 ,Lisa Williams,female,34.0,"July 21, 2024",CHICAGO,Australia,lisa.williams750@example.com,"$95,832.49",280.84,GOLD
CUST-00947,Patricia Jones, Female,37.0,06-Mar-2023,Philadelphia,USA,patricia.jones947@example.com,"$86,212.38",138.74,SILVER
 CUST-00573 ,Lisa Rodriguez, Male,28.0,03-Jun-2022,Dallas,Australia,lisa.rodriguez573@example.com,"$42,050.28",32.02,bronze
CUST-01858,Patricia Rodriguez,male,48.0,2021-12-07,Chicago,USA,patricia.rodriguez1858@example.com,"$64,394.61",167.72,SILVER
 CUST-01094 ,Thomas Wilson,M,21.0,25/09/2022,San Antonio,United Kingdom,thomas.wilson@@example..com,"$79,718.55",53.38,
CUST-00314,Mary Taylor, Female,59.0,16/01/2024,SAN DIEGO,United Kingdom,mary.taylor314@example.com,"$71,234.82",149.94,gold
 CUST-00565 ,Karen Rodriguez,female,53.0,10/05/2023,DALLAS,United Kingdom,karen.rodriguez565@example.com,"$73,429.91",177.14,gold
CUST-02898,Linda Jones,f ,34.0,05/12/2021,Houston,Canada,linda.jones2898@example.com,"$76,276.86",186.29,gold
CUST-01177,Nancy Miller, Male,,10/10/2023,san antonio,United Kingdom,,"$39,093.97",354.13,silver
CUST-01454,Jessica Jackson,f ,59.0,"June 20, 2022",DALLAS,Australia,jessica.jackson1454@example.com,"$-15,000.00",345.49,
CUST-02625,Joseph Brown, Female,39.0,04/04/2021,  Los Angeles  ,USA,joseph.brown2625@example.com,"$82,834.81",128.4,SILVER
490,Daniel Martinez,male,37.0,"April 13, 2021",LOS ANGELES,United Kingdom,,"$55,112.10",151.2,gold
 CUST-00973 ,Mary Gonzalez,m ,24.0,24-Sep-2021,houston,Canada,mary.gonzalez973@example.com,"$72,051.67",85.57,Bronze
 CUST-01225 ,Robert Smith,,16.0,"May 27, 2021",LOS ANGELES,USA,robert.smith1225@example.com,"$90,649.21",71.96,SILVER
CUST-01163,John Brown,FEMALE,31.0,06/16/2021,  New York  ,Australia,john.brown1163@example.com,,59.82,Gold
CUST-00269,Matthew Miller, Female,50.0,14/06/2022,chicago,Canada,matthew.miller@@example..com,"$39,604.88",127.37,Silver
CUST-02403,Michael Johnson,F,29.0,2022-05-03,Dallas,USA,michael.johnson@@example..com,"$79,705.04",203.11,SILVER
 CUST-00138 ,Thomas Hernandez,MALE,16.0,12/04/2023,Philadelphia,United Kingdom,thomas.hernandez138@example.com,"$59,164.80",244.62,GOLD
2940,Charles Anderson,FEMALE,45.0,27/12/2022,  Phoenix  ,Canada,charles.anderson2940@example.com,"$76,376.56",33.32,silver
CUST-00821,Lisa Gonzalez,male,55.0,2024-12-06,los angeles,Canada,lisa.gonzalez821@example.com,"$51,984.20",248.89,
CUST-00954,Jessica Thomas,female,21.0,2021-06-03,Phoenix,United Kingdom,jessica.thomas954@example.com,"$97,633.14",93.91,Gold
CUST-02101,Richard Martinez,f ,32.0,2021-09-14,San Diego,Canada,richard.martinez2101@example.com,"$56,588.28",96.67,BRONZE
 CUST-01673 ,Elizabeth Williams, Female,45.0,03/12/2023,Philadelphia,USA,elizabeth.williams1673@example.com,"$54,942.59",105.5,bronze
 CUST-01453 ,Betty Rodriguez,male,45.0,2022-09-17,phoenix,Canada,betty.rodriguez1453@example.com,"$78,204.69",234.02,SILVER
CUST-00148,Thomas Davis,MALE,57.0,03/28/2023,Phoenix,Australia,thomas.davis148@example.com,"$57,968.48",60.77,Bronze
 CUST-00243 ,Lisa Johnson,M,39.0,05/06/2021,Austin,Canada,lisa.johnson243@example.com,"$67,865.74",36.78,GOLD
CUST-02382,Michael Thomas,Male,200.0,18-Jan-2023,Houston,Canada,michael.thomas@@example..com,"$999,999,999.00",221.9,GOLD
CUST-01392,Sarah Martin,f ,0.0,03-Jan-2024,Philadelphia,Canada,sarah.martin1392@example.com,"$97,266.17",105.75,GOLD
462,Matthew Lopez,Male,41.0,2021-11-23,Chicago,Australia,matthew.lopez462@example.com,"$37,984.63",,Silver
CUST-01263,David Johnson,female,38.0,"November 10, 2022",San Antonio,United Kingdom,david.johnson1263@example.com,"$5,000,000.00",206.5,SILVER
 CUST-00325 ,Jennifer Martin,FEMALE,42.0,2022-08-29,  Austin  ,Australia,jennifer.martin325@example.com,"$40,207.20",283.27,GOLD
773,Susan Brown,Female,18.0,"December 25, 2022",  New York  ,United Kingdom,susan.brown773@example.com,"$78,902.20",251.78,Bronze
 CUST-02179 ,Elizabeth Williams,f ,33.0,05-Feb-2022,los angeles,Canada,elizabeth.williams2179@example.com,,177.92,SILVER
CUST-02664,Patricia Miller, Female,30.0,2024-11-21,austin,USA,patricia.miller2664@example.com,"$63,941.72",266.55,silver
 CUST-02437 ,Robert Miller,female,26.0,21-Jun-2022,los angeles,Australia,robert.miller2437@example.com,"$51,160.32",135.29,Bronze
2891,Karen Brown,M,36.0,12-Jun-2021,Los Angeles,United Kingdom,karen.brown2891@example.com,"$42,029.31",280.57,
CUST-00938,Michael Jackson,M,43.0,19/03/2024,San Diego,United Kingdom,michael.jackson938@example.com,"$38,017.73",154.45,Silver
CUST-00066,John Moore,m ,46.0,29-Jun-2021,AUSTIN,Australia,john.moore66@example.com,"$63,758.31",14.15,Silver
CUST-00247,Michael Rodriguez,f ,45.0,06/12/2022,San Antonio,Canada,michael.rodriguez247@example.com,"$86,647.97",166.88,bronze
CUST-01544,Robert Martinez,female,16.0,08/20/2024,New York,USA,robert.martinez1544@example.com,"$44,157.21",27.54,BRONZE
296,Karen Martinez,Female,37.0,"June 02, 2021",San Diego,USA,karen.martinez296@example.com,"$75,179.36",321.09,Silver
 CUST-00855 ,David Johnson, Female,37.0,2023-09-15,houston,United Kingdom,david.johnson855@example.com,"$93,188.63",219.54,BRONZE
CUST-00550,Daniel Gonzalez,female,17.0,2021-03-02,New York,Canada,daniel.gonzalez550@example.com,"$31,600.65",81.62,bronze
CUST-01458,Susan Jones,F,,"November 13, 2023",  New York  ,USA,susan.jones1458@example.com,"$64,238.13",42.32,Silver
CUST-00638,Nancy Hernandez,,41.0,2021-05-28,CHICAGO,United Kingdom,nancy.hernandez638@example.com,"$68,120.73",188.2,Gold
CUST-02127,Patricia Rodriguez, Female,66.0,2024-10-20,Houston,Australia,patricia.rodriguez2127@example.com,"$103,297.12",134.32,silver
893,Matthew Johnson,FEMALE,56.0,"November 01, 2024",SAN DIEGO,Canada,matthew.johnson893@example.com,"$51,590.53",18.02,Bronze
CUST-00084,Karen Martin,f ,38.0,"July 22, 2022",San Diego,Canada,karen.martin84@example.com,"$50,797.62",193.55,Silver
CUST-00278,John Miller,MALE,60.0,"July 07, 2021",Phoenix,Canada,john.miller278@example.com,"$60,529.58",61.78,SILVER
 CUST-01301 ,James Brown,FEMALE,46.0,18/10/2022,Phoenix,USA,james.brown1301@example.com,"$44,490.92",125.3,silver
 CUST-00758 ,Robert Moore, Male,29.0,2024-10-26,San Antonio,Australia,robert.moore758@example.com,"$65,816.45",18.66,SILVER
966,Linda Williams,Male,,"April 07, 2023",HOUSTON,United Kingdom,linda.williams966@example.com,"$56,415.21",156.02,silver
CUST-00478,Joseph Martin,FEMALE,44.0,06/17/2023,San Antonio,Australia,joseph.martin478@example.com,"$87,819.14",98.89,SILVER
CUST-00127,Elizabeth Thomas, Female,48.0,13-Jul-2022,Phoenix,Canada,elizabeth.thomas127@example.com,"$68,812.00",191.07,Gold
 CUST-02425 ,Patricia Rodriguez,Non-binary,78.0,2024-08-04,San Antonio,Canada,,"$61,679.39",-281.51,Silver
CUST-00460,Nancy Jones, Male,55.0,2022-08-05,San Antonio,Australia,nancy.jones460@example.com,"$83,632.50",342.38,GOLD
1639,Karen Jackson,FEMALE,30.0,22/01/2024,HOUSTON,USA,karen.jackson1639@example.com,"$46,997.44",412.28,silver
CUST-00799,Thomas Smith,f ,30.0,"April 27, 2021",chicago,Canada,thomas.smith799@example.com,"$89,406.55",188.95,Bronze
CUST-01692,Karen Garcia,other,29.0,07/22/2023,San Diego,Canada,karen.garcia1692@example.com,"$-15,000.00",158.64,silver
CUST-00305,Susan Garcia,MALE,62.0,2023-01-27,New York,Australia,susan.garcia305@example.com,"$69,274.90",261.06,gold
CUST-01659,David Gonzalez, Male,35.0,25-Jan-2023,austin,United Kingdom,david.gonzalez1659@example.com,"$85,823.66",275.06,gold
CUST-00225,Linda Garcia,MALE,48.0,"April 18, 2022",San Diego,USA,linda.garcia225@example.com,"$43,804.60",150.8,bronze
CUST-01514,John Taylor,M,40.0,"March 12, 2022",houston,Australia,john.taylor1514@example.com,"$38,586.32",99.46,
CUST-02209,Robert Anderson,f ,48.0,2021-07-05,houston,Canada,robert.anderson2209@example.com,"$74,759.93",159.85,
CUST-00583,William Gonzalez, Male,38.0,29/11/2024,SAN ANTONIO,Australia,william.gonzalez583@example.com,"$47,416.99",258.49,
CUST-02358,Lisa Taylor,F,25.0,"November 18, 2022",NEW YORK,Canada,lisa.taylor2358@example.com,"$41,322.27",104.54,
CUST-02366,Matthew Martin,m ,55.0,"September 27, 2021",Austin,Canada,matthew.martin2366@example.com,"$77,044.73",-122.56,gold
CUST-02256,Betty Lopez, Female,40.0,02-May-2022,Los Angeles,USA,betty.lopez2256@example.com,"$88,251.80",154.23,SILVER
 CUST-00442 ,Sarah Rodriguez,m ,61.0,07-Sep-2021,CHICAGO,United Kingdom,sarah.rodriguez442@example.com,"$52,137.88",80.51,Gold
 CUST-02588 ,Nancy Brown,f ,31.0,"September 11, 2023",Philadelphia,Canada,nancy.brown2588@example.com,"$57,255.39",57.0,Bronze
282,Karen Brown,MALE,58.0,18-Feb-2024,new york,Australia,karen.brown282@example.com,"$56,159.01",149.02,
CUST-00266,Lisa Davis,male,57.0,"February 03, 2021",NEW YORK,Australia,lisa.davis266@example.com,"$69,920.19",133.87,
 CUST-01594 ,Nancy Gonzalez,MALE,40.0,10-Apr-2024,Philadelphia,United Kingdom,nancy.gonzalez1594@example.com,"$72,871.41",,SILVER
CUST-02650,Charles Gonzalez,m ,37.0,01/15/2023,Chicago,Australia,charles.gonzalez2650@example.com,,307.26,
CUST-02662,Betty Thomas,female,29.0,01/08/2024,houston,USA,betty.thomas2662@example.com,"$62,657.40",51.72,GOLD
 CUST-02630 ,Lisa Taylor, Female,21.0,16/10/2021,Houston,Australia,lisa.taylor2630@example.com,"$46,789.70",43.28,
2271,Jessica Jackson,M,27.0,"February 07, 2021",San Diego,Australia,jessica.jackson2271@example.com,"$65,128.53",253.28,SILVER
CUST-01081,Lisa Williams,F,25.0,2024-02-27,San Antonio,USA,lisa.williams1081@example.com,"$73,261.44",165.52,
CUST-00353,Linda Davis,m ,22.0,28/01/2021,San Diego,USA,linda.davis353@example.com,"$81,756.48",237.53,Silver
 CUST-01755 ,Karen Taylor,F,33.0,2023-04-02,phoenix,United Kingdom,karen.taylor1755@example.com,"$35,954.70",31.87,
 CUST-00159 ,Karen Wilson,,54.0,20/06/2022,CHICAGO,United Kingdom,karen.wilson159@example.com,"$44,847.88",104.11,silver
CUST-02444,Linda Hernandez, Male,150.0,30/07/2023,san diego,Australia,linda.hernandez2444@example.com,"$34,035.10",,
CUST-00025,Thomas Rodriguez,male,36.0,06/04/2021,Phoenix,Australia,thomas.rodriguez25@example.com,"$5,000,000.00",329.42,SILVER
1871,Linda Rodriguez,m ,49.0,2021-04-09,  Austin  ,Canada,linda.rodriguez1871@example.com,"$46,856.40",172.26,bronze
CUST-01018,John Anderson, Male,26.0,"February 11, 2022",Austin,United Kingdom,,,151.93,SILVER
1036,Sarah Gonzalez, Female,46.0,"December 12, 2022",  Dallas  ,Australia,sarah.gonzalez1036@example.com,"$50,256.24",218.89,bronze
 CUST-01518 ,Susan Martin,f ,16.0,14/11/2024,Austin,USA,susan.martin1518@example.com,"$96,841.15",96.59,silver
 CUST-01053 ,Mary Thomas,F,21.0,11/22/2024,san antonio,Canada,mary.thomas1053@example.com,"$56,185.45",198.72,gold
 CUST-00725 ,Elizabeth Rodriguez,FEMALE,31.0,12-Dec-2023,HOUSTON,United Kingdom,elizabeth.rodriguez725@example.com,"$48,583.44",4.47,silver
CUST-00861,Richard Miller,FEMALE,43.0,04/06/2023,New York,Canada,richard.miller861@example.com,"$47,155.45",22.92,GOLD
CUST-02439,Matthew Johnson,female,43.0,20-Aug-2021,PHOENIX,United Kingdom,matthew.johnson2439@example.com,,132.92,Bronze
CUST-02823,Daniel Brown,F,40.0,"January 29, 2023",Dallas,Australia,daniel.brown2823@example.com,"$79,699.05",194.72,Bronze
CUST-02841,John Brown,M,,04-Jun-2024,Austin,Canada,john.brown2841@example.com,"$82,034.98",141.5,Gold
678,Nancy Martin,f ,45.0,09/26/2022,AUSTIN,United Kingdom,nancy.martin678@example.com,,196.7,silver
 CUST-00298 ,Sarah Gonzalez,M,47.0,"May 25, 2023",los angeles,Australia,sarah.gonzalez298@example.com,"$68,298.49",372.38,silver
 CUST-02712 ,Karen Brown,MALE,41.0,12/04/2022,San Antonio,Canada,karen.brown2712@example.com,"$75,867.26",37.5,GOLD
CUST-02816,David Lopez, Male,-1.0,21/12/2021,Philadelphia,United Kingdom,david.lopez2816@example.com,"$68,670.67",150.35,silver
2346,Betty Thomas, Female,63.0,07/20/2021,Los Angeles,United Kingdom,betty.thomas2346@example.com,"$64,688.03",32.32,
 CUST-01262 ,Karen Johnson,female,37.0,"August 11, 2022",  Houston  ,Canada,karen.johnson1262@example.com,"$44,546.03",38.58,GOLD
CUST-01242,Richard Gonzalez,Male,53.0,04-Feb-2023,San Antonio,Australia,richard.gonzalez1242@example.com,"$47,352.84",115.93,silver
 CUST-02562 ,Karen Garcia,m ,20.0,2023-08-07,San Diego,Australia,karen.garcia2562@example.com,,226.35,silver
2063,Elizabeth Anderson,M,52.0,"February 18, 2021",HOUSTON,USA,elizabeth.anderson2063@example.com,"$45,269.78",57.42,Silver
CUST-00119,Robert Garcia,m ,27.0,04/07/2021,Philadelphia,Australia,robert.garcia119@example.com,"$18,173.23",264.82,bronze
CUST-02360,Thomas Gonzalez,F,44.0,2022-09-18,AUSTIN,USA,thomas.gonzalez2360@example.com,,77.96,GOLD
CUST-01714,David Wilson,MALE,46.0,2022-11-07,Houston,Canada,david.wilson1714@example.com,"$78,331.98",-239.02,Bronze
348,James Garcia, Female,80.0,"March 22, 2023",PHOENIX,Australia,james.garcia348@example.com,"$38,969.21",183.78,
CUST-00253,Sarah Rodriguez,male,50.0,07/04/2024,San Antonio,Canada,sarah.rodriguez253@example.com,"$57,349.25",220.69,bronze
CUST-01385,Michael Moore,f ,32.0,12/18/2022,new york,Canada,michael.moore1385@example.com,"$80,290.85",178.76,Gold
CUST-02417,Elizabeth Miller, Female,44.0,05/27/2023,los angeles,United Kingdom,elizabeth.miller2417@example.com,"$57,523.62",81.28,gold
 CUST-00542 ,Richard Brown,m ,,16-Jul-2024,new york,USA,,"$56,225.71",91.79,Gold
CUST-00798,Joseph Williams,MALE,16.0,07/01/2024,new york,Canada,joseph.williams798@example.com,"$64,904.88",122.86,bronze
CUST-01148,Betty Gonzalez,O,44.0,23-Sep-2022,Chicago,USA,betty.gonzalez1148@example.com,"$68,666.61",82.37,bronze
CUST-02319,Matthew Brown,male,35.0,16/10/2021,Dallas,Canada,matthew.brown2319@example.com,"$63,974.56",119.01,SILVER
 CUST-02623 ,Nancy Davis, Male,33.0,07/27/2023,San Diego,Canada,nancy.davis2623@example.com,"$48,496.08",133.92,GOLD
260,Lisa Garcia, Female,38.0,11/05/2021,San Antonio,United Kingdom,,"$55,492.42",50.49,
CUST-02233,Matthew Rodriguez,F,-5.0,"August 26, 2023",Austin,USA,matthew.rodriguez2233@example.com,"$43,466.38",288.65,
CUST-00987,John Moore,female,16.0,2023-02-03,HOUSTON,USA,john.moore987@example.com,"$66,533.88",289.69,gold
1106,Jennifer Anderson,Male,37.0,2024-07-28,PHILADELPHIA,United Kingdom,jennifer.anderson1106@example.com,"$89,558.24",59.34,GOLD
CUST-02265,Joseph Martin,FEMALE,45.0,02/05/2023,Los Angeles,Canada,joseph.martin2265@example.com,"$77,102.27",118.29,gold
CUST-01353,Nancy Miller,F,33.0,11/04/2021,Philadelphia,USA,nancy.miller1353@example.com,"$44,775.63",16.43,bronze
 CUST-00952 ,Matthew Smith,FEMALE,69.0,"July 05, 2022",Houston,Canada,matthew.smith952@example.com,,236.23,GOLD
925,Michael Anderson,Other,44.0,06/01/2021,Austin,United Kingdom,,"$-15,000.00",,
 CUST-00955 ,Jessica Wilson,m ,47.0,"August 29, 2021",Chicago,Australia,jessica.wilson955@example.com,"$48,948.09",56.95,gold
CUST-00991,Daniel Martinez,MALE,16.0,20/12/2022,San Antonio,Canada,daniel.martinez991@example.com,"$56,974.40",31.8,BRONZE
 CUST-02639 ,Lisa Garcia,FEMALE,72.0,06/04/2022,Austin,USA,lisa.garcia2639@example.com,"$76,495.17",90.19,Gold
 CUST-02262 ,William Brown,MALE,59.0,"December 14, 2023",San Antonio,Australia,william.brown2262@example.com,"$85,454.55",61.15,Bronze
CUST-02547,Thomas Martinez,male,20.0,23/02/2022,san antonio,United Kingdom,thomas.martinez2547@example.com,"$35,360.69",184.63,BRONZE
1334,Elizabeth Anderson,FEMALE,23.0,"March 07, 2023",los angeles,USA,elizabeth.anderson1334@example.com,"$75,834.86",145.43,Silver
 CUST-01105 ,David Thomas,F,53.0,2023-07-30,  New York  ,Australia,,"$61,815.56",225.81,SILVER
CUST-01998,Susan Martinez,Female,47.0,09/27/2021,Houston,Canada,susan.martinez1998@example.com,,216.99,Silver
CUST-00229,Karen Martinez,MALE,27.0,08/07/2023,  Los Angeles  ,USA,,"$68,643.30",234.96,SILVER
 CUST-00381 ,Jessica Hernandez,f ,40.0,,CHICAGO,USA,jessica.hernandez381@example.com,"$79,257.88",,Gold
CUST-02295,Michael Wilson,m ,38.0,07-Mar-2024,new york,United Kingdom,michael.wilson2295@example.com,"$86,080.82",59.1,Bronze
2443,Susan Gonzalez,Female,56.0,01-Sep-2022,Los Angeles,USA,susan.gonzalez2443@example.com,"$101,899.05",152.29,silver
CUST-02552,Thomas Jackson,F,43.0,06/03/2023,Chicago,Canada,thomas.jackson2552@example.com,"$43,598.48",4.49,Silver
CUST-02037,Karen Williams,female,58.0,"May 14, 2022",New York,Canada,karen.williams2037@example.com,"$44,772.56",163.51,Bronze
CUST-01210,William Martinez,MALE,33.0,2023-06-29,Houston,Australia,william.martinez1210@example.com,"$65,252.54",47.24,Silver
CUST-00094,Betty Garcia,Male,53.0,26-Sep-2022,Phoenix,Australia,betty.garcia94@example.com,"$83,961.13",130.02,
 CUST-01476 ,Lisa Jones,other,27.0,12/08/2024,Philadelphia,Australia,lisa.jones1476@example.com,"$42,810.11",162.6,Silver
 CUST-00702 ,Charles Thomas,Male,58.0,12/11/2023,Chicago,USA,charles.thomas702@example.com,"$56,794.30",122.65,SILVER
CUST-01800,Karen Jones,M,32.0,12/01/2024,HOUSTON,Australia,karen.jones1800@example.com,"$75,290.85",79.12,Silver
CUST-01424,Jessica Moore,f ,16.0,2024-10-23,Los Angeles,Canada,jessica.moore1424@example.com,"$30,080.05",179.74,BRONZE
CUST-00072,James Rodriguez,female,42.0,2022-11-19,NEW YORK,Canada,james.rodriguez72@example.com,"$63,188.23",149.7,Gold
CUST-00608,Charles Hernandez,FEMALE,40.0,12/18/2024,New York,USA,charles.hernandez608@example.com,"$86,336.96",195.55,GOLD
 CUST-00754 ,Betty Moore,female,39.0,15-Jun-2024,Chicago,Australia,betty.moore754@example.com,,203.03,SILVER
CUST-01395,Robert Davis, Male,35.0,,New York,United Kingdom,robert.davis1395@example.com,"$59,677.43",191.22,GOLD
CUST-00323,Robert Jones,O,37.0,,CHICAGO,USA,robert.jones323@example.com,"$73,930.57",275.5,
1751,David Garcia,F,32.0,10/10/2024,San Diego,United Kingdom,david.garcia1751@example.com,"$75,725.67",86.91,bronze
CUST-02045,Nancy Moore, Male,42.0,"February 21, 2024",  New York  ,USA,nancy.moore2045@example.com,"$70,832.06",214.46,Bronze
 CUST-01142 ,Thomas Miller,female,41.0,06-Jun-2021,Chicago,Canada,thomas.miller1142@example.com,"$63,842.33",38.17,Gold
CUST-00896,Jennifer Moore,F,49.0,10/15/2022,Austin,Canada,jennifer.moore896@example.com,"$55,890.00",278.26,Bronze
 CUST-00901 ,John Anderson,m ,52.0,"July 10, 2021",AUSTIN,USA,john.anderson901@example.com,"$24,457.25",120.62,GOLD
CUST-00741,Michael Jones,FEMALE,38.0,20-Apr-2023,  Houston  ,United Kingdom,michael.jones741@example.com,"$65,734.33",94.77,Gold
 CUST-02411 ,Jennifer Anderson,female,61.0,05-Sep-2024,San Antonio,United Kingdom,jennifer.anderson2411@example.com,"$70,802.97",33.23,
CUST-01075,William Moore,M,40.0,09-Nov-2022,new york,United Kingdom,william.moore1075@example.com,"$67,790.46",217.94,GOLD
2548,Richard Rodriguez,M,46.0,,Phoenix,USA,richard.rodriguez2548@example.com,"$105,699.01",13.92,
 CUST-00982 ,Elizabeth Davis, Male,50.0,11-Dec-2022,Los Angeles,Australia,elizabeth.davis982@example.com,"$36,635.20",28.85,Bronze
CUST-02183,Robert Wilson,female,66.0,28-Aug-2023,  Phoenix  ,Canada,robert.wilson2183@example.com,"$48,716.19",78.66,
CUST-01058,David Wilson,M,40.0,"December 02, 2024",Los Angeles,United Kingdom,david.wilson1058@example.com,"$43,301.67",131.44,bronze
CUST-01546,Nancy Anderson,female,23.0,03/12/2022,san diego,USA,,"$65,796.05",220.63,Bronze
2359,Jennifer Gonzalez,female,53.0,22/01/2021,  Austin  ,Canada,jennifer.gonzalez2359@example.com,"$9,016.51",105.13,Bronze
CUST-02961,Robert Martinez, Male,40.0,"June 11, 2024",Los Angeles,United Kingdom,,"$41,974.64",33.29,Gold
1535,Linda Garcia,m ,39.0,2022-11-09,Chicago,Canada,linda.garcia1535@example.com,"$83,611.12",-200.96,bronze
422,David Miller, Male,45.0,2022-01-12,houston,USA,david.miller422@example.com,"$58,747.34",24.38,
CUST-00537,James Johnson,,50.0,16-Apr-2022,San Antonio,United Kingdom,james.johnson537@example.com,"$85,302.40",62.75,silver
CUST-01882,Betty Lopez,m ,37.0,09/01/2023,LOS ANGELES,Canada,betty.lopez1882@example.com,"$67,498.77",168.39,Gold
 CUST-02740 ,Susan Lopez,m ,34.0,"November 09, 2023",NEW YORK,Canada,susan.lopez2740@example.com,"$63,387.76",2.51,SILVER
1219,Lisa Brown, Male,72.0,"February 15, 2022",dallas,Australia,lisa.brown1219@example.com,"$56,899.18",,SILVER
1636,Joseph Miller,Female,49.0,17-Apr-2021,new york,Australia,joseph.miller1636@example.com,"$51,847.68",49.3,Silver
CUST-01886,Elizabeth Davis,M,150.0,09/06/2022,san diego,Canada,elizabeth.davis1886@example.com,"$90,943.09",107.95,Gold
 CUST-02469 ,Charles Thomas,Female,39.0,14-May-2023,  Los Angeles  ,United Kingdom,charles.thomas2469@example.com,"$25,898.31",109.34,BRONZE
CUST-01603,Elizabeth Johnson,F,56.0,12/02/2022,san diego,USA,elizabeth.johnson1603@example.com,"$51,653.61",324.97,Gold
143,Jennifer Gonzalez, Female,22.0,,chicago,United Kingdom,jennifer.gonzalez143@example.com,"$99,309.81",6.81,Bronze
CUST-01496,David Brown,FEMALE,16.0,10/10/2022,SAN ANTONIO,USA,david.brown1496@example.com,"$57,893.42",175.84,Gold
 CUST-01517 ,Charles Taylor,MALE,58.0,"May 12, 2023",San Diego,USA,charles.taylor1517@example.com,"$61,624.73",114.42,BRONZE
 CUST-00756 ,James Hernandez,f ,30.0,"May 24, 2022",Houston,Australia,james.hernandez756@example.com,"$56,978.33",227.87,gold
CUST-01662,Richard Taylor,male,49.0,02/08/2023,San Diego,USA,richard.taylor1662@example.com,"$57,376.26",114.89,GOLD
CUST-00690,Nancy Garcia,m ,38.0,2023-05-30,AUSTIN,Australia,nancy.garcia690@example.com,,202.11,SILVER
 CUST-01039 ,Sarah Anderson,m ,30.0,11/16/2022,Chicago,United Kingdom,sarah.anderson1039@example.com,"$77,428.58",133.47,bronze
 CUST-00364 ,Jessica Hernandez,MALE,47.0,2023-10-17,new york,United Kingdom,jessica.hernandez364@example.com,"$47,231.71",49.27,SILVER
CUST-00470,Richard Williams,M,71.0,2021-09-28,Philadelphia,United Kingdom,richard.williams470@example.com,"$61,355.58",88.69,SILVER
CUST-02432,Michael Jackson,f ,26.0,2022-10-05,HOUSTON,United Kingdom,michael.jackson2432@example.com,"$35,743.33",241.87,gold
 CUST-02244 ,Karen Martinez,Female,42.0,04/12/2021,Houston,Canada,karen.martinez2244@example.com,"$90,761.77",6.36,Silver
2766,Matthew Martinez,male,46.0,,Phoenix,Australia,matthew.martinez2766@example.com,"$65,748.13",192.51,
CUST-01623,Thomas Gonzalez,f ,30.0,2024-06-11,SAN DIEGO,Australia,thomas.gonzalez1623@example.com,"$91,906.21",91.14,bronze
CUST-00673,Richard Davis,other,22.0,01/11/2021,Houston,Australia,richard.davis673@example.com,"$26,504.36",235.17,SILVER
CUST-02908,Linda Brown,male,31.0,01/02/2022,SAN ANTONIO,Australia,linda.brown2908@example.com,"$33,010.66",58.5,Silver
CUST-02503,Mary Lopez, Male,,01/31/2023,San Antonio,Canada,mary.lopez2503@example.com,"$85,046.67",62.04,Bronze
CUST-02214,Jessica Hernandez,F,36.0,12/09/2023,Dallas,USA,jessica.hernandez2214@example.com,"$55,864.60",209.65,BRONZE
 CUST-02787 ,Robert Rodriguez,Female,63.0,2024-12-30,Philadelphia,USA,robert.rodriguez2787@example.com,"$45,433.89",261.41,Bronze
 CUST-02481 ,John Martinez,Female,43.0,29/06/2021,SAN DIEGO,USA,john.martinez2481@example.com,"$50,374.05",138.92,gold
 CUST-01462 ,Susan Davis,f ,41.0,2022-02-19,new york,Australia,susan.davis1462@example.com,"$55,777.52",91.25,Gold
CUST-01923,Karen Rodriguez,Other,50.0,,San Diego,Australia,karen.rodriguez1923@example.com,"$92,153.58",141.64,Gold
CUST-00191,David Taylor,,31.0,20/04/2023,SAN ANTONIO,USA,david.taylor191@example.com,"$88,167.14",109.97,
CUST-00160,Elizabeth Gonzalez,Male,35.0,"April 12, 2023",PHOENIX,Australia,elizabeth.gonzalez160@example.com,"$64,548.61",202.08,
CUST-02935,Mary Hernandez,m ,18.0,"April 27, 2021",Austin,United Kingdom,mary.hernandez2935@example.com,"$54,393.58",77.96,BRONZE
CUST-02260,Charles Gonzalez,F,47.0,"June 05, 2024",Chicago,United Kingdom,charles.gonzalez2260@example.com,"$41,847.75",114.35,silver
CUST-00759,Sarah Garcia,MALE,30.0,"March 03, 2022",Austin,United Kingdom,sarah.garcia759@example.com,"$60,257.68",239.53,GOLD
1143,Matthew Thomas,female,44.0,16/05/2024,Los Angeles,Australia,matthew.thomas1143@example.com,"$75,624.99",87.24,gold
CUST-00958,Lisa Lopez,MALE,41.0,19/06/2024,austin,Australia,lisa.lopez958@example.com,"$94,511.78",105.11,BRONZE
CUST-01082,Betty Garcia, Male,42.0,2022-09-30,Philadelphia,Canada,betty.garcia1082@example.com,"$115,251.03",177.45,Gold
985,Mary Lopez, Female,47.0,29/09/2023,los angeles,Canada,mary.lopez985@example.com,"$90,860.20",43.44,
CUST-01008,Joseph Jones,Male,32.0,30-Aug-2022,Houston,Australia,joseph.jones1008@example.com,"$80,523.72",210.72,BRONZE
339,Jessica Lopez,female,25.0,"August 01, 2022",PHOENIX,Australia,jessica.lopez339@example.com,"$54,673.95",165.21,
CUST-00050,Susan Martinez, Female,46.0,"January 19, 2022",New York,Canada,susan.martinez50@example.com,"$54,235.95",362.22,silver
CUST-00814,Richard Williams,f ,28.0,"December 30, 2024",Chicago,United Kingdom,richard.williams814@example.com,"$38,993.98",63.89,BRONZE
CUST-01285,Linda Wilson,male,60.0,03/14/2021,Austin,Canada,linda.wilson1285@example.com,"$21,578.65",-3.78,gold
CUST-01954,Linda Jones,F,,2022-06-06,Los Angeles,Canada,linda.jones1954@example.com,"$102,705.16",294.17,Silver
CUST-01791,William Moore,female,43.0,25-Apr-2022,HOUSTON,United Kingdom,william.moore1791@example.com,"$63,485.50",121.08,BRONZE
 CUST-01645 ,Jennifer Miller,f ,32.0,2021-03-05,New York,United Kingdom,jennifer.miller1645@example.com,"$86,516.01",181.63,Silver
 CUST-01708 ,John Smith,F,29.0,06/24/2022,san antonio,Australia,john.smith1708@example.com,"$73,065.76",72.24,SILVER
 CUST-02020 ,Elizabeth Martinez,MALE,25.0,08/12/2022,  Dallas  ,Australia,elizabeth.martinez2020@example.com,"$76,445.02",71.96,GOLD
2917,Lisa Davis, Female,18.0,29/10/2024,Chicago,Canada,lisa.davis2917@example.com,"$77,383.85",94.98,SILVER
CUST-00878,David Johnson,male,62.0,2022-07-26,San Antonio,United Kingdom,david.johnson878@example.com,"$21,932.34",287.98,
458,Daniel Martin,Non-binary,48.0,2022-12-13,Chicago,USA,daniel.martin458@example.com,"$36,060.24",101.21,bronze
2658,Joseph Brown,other,36.0,"December 27, 2022",Dallas,United Kingdom,joseph.brown2658@example.com,"$47,431.20",174.69,Bronze
CUST-02772,Nancy Anderson, Male,58.0,24-Jan-2022,Dallas,Australia,nancy.anderson2772@example.com,"$56,201.41",133.85,bronze
 CUST-00586 ,Linda Jones,FEMALE,-5.0,16-Dec-2021,PHOENIX,United Kingdom,linda.jones586@example.com,"$46,612.77",-154.33,bronze
CUST-02696,Jennifer Lopez,m ,59.0,"July 04, 2021",NEW YORK,Australia,jennifer.lopez2696@example.com,"$85,641.63",132.03,GOLD
2133,John Johnson,f ,65.0,06/03/2022,Dallas,Canada,john.johnson2133@example.com,"$74,327.85",87.04,Bronze
 CUST-02108 ,James Moore, Female,38.0,04/20/2024,Dallas,USA,james.moore2108@example.com,"$33,726.45",193.66,Gold
CUST-02163,Michael Thomas, Female,41.0,08/30/2022,AUSTIN,Australia,michael.thomas2163@example.com,"$97,529.88",34.07,silver
CUST-01409,David Jackson, Male,53.0,06/24/2023,Los Angeles,Canada,david.jackson1409@example.com,"$76,498.28",31.37,BRONZE
 CUST-00615 ,Joseph Johnson,MALE,16.0,03/07/2021,philadelphia,USA,joseph.johnson615@example.com,"$81,353.00",264.17,Gold
 CUST-02920 ,Betty Martinez, Female,39.0,29-Jan-2023,san antonio,United Kingdom,betty.martinez2920@example.com,"$72,158.74",270.84,bronze
CUST-00224,Sarah Williams, Male,56.0,"August 07, 2022",Chicago,Australia,sarah.williams224@example.com,"$52,483.72",158.87,bronze
1310,William Jones,male,42.0,07/29/2024,Philadelphia,Australia,william.jones1310@example.com,"$43,686.78",229.72,Gold
 CUST-00477 ,Michael Rodriguez,Male,35.0,"May 26, 2022",Los Angeles,USA,michael.rodriguez477@example.com,"$74,461.25",4.22,bronze
CUST-00375,Mary Gonzalez,f ,39.0,2021-12-30,Dallas,Canada,mary.gonzalez375@example.com,"$58,995.09",176.53,GOLD
 CUST-02049 ,David Jones,other,44.0,09/11/2021,san diego,Canada,david.jones2049@example.com,"$100,174.20",117.8,silver
1749,Robert Williams,F,29.0,08/09/2022,NEW YORK,Canada,robert.williams1749@example.com,"$59,425.49",286.4,Bronze
1346,James Jackson,M,58.0,02-Feb-2023,philadelphia,United Kingdom,james.jackson1346@example.com,"$8,000.00",293.24,Silver
930,Nancy Martin,female,28.0,10/11/2022,Houston,Australia,nancy.martin930@example.com,"$8,000.00",225.09,Silver
CUST-01408,Thomas Hernandez,FEMALE,21.0,21/12/2021,San Diego,Canada,thomas.hernandez1408@example.com,"$40,717.25",235.33,SILVER
CUST-00998,Michael Thomas, Female,39.0,2021-02-12,Los Angeles,Australia,michael.thomas998@example.com,"$65,173.59",130.25,gold
CUST-02223,Thomas Moore,FEMALE,40.0,2022-09-20,Philadelphia,United Kingdom,thomas.moore2223@example.com,"$98,919.09",80.28,GOLD
 CUST-02305 ,Matthew Johnson,female,40.0,,Phoenix,Canada,matthew.johnson2305@example.com,,236.74,GOLD
 CUST-01608 ,Elizabeth Martin,other,,15-Jan-2022,PHILADELPHIA,Canada,elizabeth.martin1608@example.com,"$47,658.10",148.82,Gold
CUST-02342,Karen Hernandez,f ,29.0,14/02/2022,San Antonio,Australia,karen.hernandez2342@example.com,"$34,401.00",243.37,silver
CUST-02832,Karen Miller,male,44.0,"June 21, 2024",New York,United Kingdom,karen.miller2832@example.com,"$60,967.42",134.23,gold
CUST-02930,Robert Thomas,MALE,30.0,08/06/2021,austin,United Kingdom,robert.thomas2930@example.com,"$88,139.05",180.27,GOLD
CUST-02370,James Anderson,FEMALE,21.0,05/09/2023,San Antonio,USA,james.anderson2370@example.com,"$26,760.86",90.37,Gold
CUST-02800,Jessica Thomas,f ,54.0,2022-06-18,Los Angeles,United Kingdom,jessica.thomas2800@example.com,"$66,649.04",194.38,Bronze
CUST-02557,Mary Smith,female,27.0,22/10/2022,Chicago,Canada,mary.smith2557@example.com,,269.67,BRONZE
CUST-02624,Daniel Jones,female,62.0,01/06/2022,Houston,USA,daniel.jones2624@example.com,"$92,023.65",92.69,GOLD
 CUST-00028 ,Michael Miller, Female,46.0,2021-02-22,LOS ANGELES,United Kingdom,michael.miller28@example.com,"$49,511.65",289.07,silver
CUST-02460,Robert Lopez, Male,51.0,01/01/2023,Austin,Canada,robert.lopez2460@example.com,"$80,838.74",194.0,Gold
 CUST-01093 ,Charles Gonzalez,m ,43.0,,dallas,United Kingdom,charles.gonzalez1093@example.com,"$52,288.44",120.22,gold
CUST-00234,Richard Miller,MALE,,28/01/2023,  New York  ,Canada,,"$37,484.83",191.23,
2891,Karen Brown,M,36.0,12-Jun-2021,Los Angeles,United Kingdom,karen.brown2891@example.com,"$42,029.31",280.57,
CUST-01542,Robert Johnson,M,49.0,22-Dec-2023,phoenix,Canada,robert.johnson1542@example.com,"$77,007.43",138.41,bronze
CUST-02167,Sarah Wilson,Male,48.0,2022-03-20,  Chicago  ,USA,,"$47,972.77",340.53,gold
CUST-02496,Jessica Davis,m ,18.0,05/24/2022,  Chicago  ,United Kingdom,jessica.davis2496@example.com,"$84,819.12",46.48,Silver
CUST-02997,Betty Johnson,F,53.0,09/11/2022,austin,Canada,betty.johnson2997@example.com,"$60,188.95",276.42,bronze
CUST-00775,James Johnson,MALE,43.0,18-Feb-2021,  San Diego  ,Australia,james.johnson775@example.com,"$72,505.01",297.47,SILVER
CUST-01711,Mary Anderson,Female,52.0,19-Oct-2024,San Diego,USA,mary.anderson1711@example.com,"$77,141.40",207.41,gold
CUST-00465,Patricia Hernandez,F,63.0,2021-07-05,New York,United Kingdom,patricia.hernandez465@example.com,"$65,060.14",215.82,gold
2628,David Rodriguez,M,32.0,11-Dec-2021,san diego,USA,,"$77,493.28",167.65,GOLD
CUST-00080,Betty Williams,F,47.0,21/01/2024,los angeles,Australia,betty.williams80@example.com,"$70,527.51",51.63,GOLD
CUST-02421,Mary Garcia,m ,23.0,2022-05-07,  Austin  ,United Kingdom,mary.garcia2421@example.com,"$53,275.46",30.83,gold
CUST-01112,Richard Miller,Female,20.0,10/08/2024,philadelphia,Australia,richard.miller1112@example.com,,123.83,Silver
2013,Daniel Garcia,MALE,26.0,,Chicago,Canada,daniel.garcia2013@example.com,"$24,797.05",251.0,Gold
1668,Betty Lopez,MALE,41.0,11/30/2023,  Los Angeles  ,United Kingdom,betty.lopez1668@example.com,"$61,150.84",67.56,SILVER
CUST-00416,Susan Gonzalez,Male,52.0,09/13/2024,Phoenix,USA,susan.gonzalez416@example.com,"$79,045.97",147.4,SILVER
CUST-02602,Lisa Martin,FEMALE,70.0,04-Apr-2023,Los Angeles,Canada,lisa.martin2602@example.com,"$83,117.33",118.95,Silver
 CUST-00607 ,Jessica Rodriguez,F,38.0,30/12/2022,New York,Canada,jessica.rodriguez607@example.com,"$42,584.91",51.11,gold
2011,John Johnson,m ,29.0,"July 30, 2024",Dallas,USA,john.johnson2011@example.com,"$71,661.94",209.12,SILVER
CUST-02088,Thomas Hernandez,other,25.0,"April 20, 2024",new york,United Kingdom,thomas.hernandez2088@example.com,"$48,859.03",94.47,SILVER
 CUST-00724 ,Michael Johnson,Non-binary,23.0,26/03/2023,san diego,Australia,michael.johnson724@example.com,"$62,656.42",,Silver
CUST-02811,Betty Lopez, Male,33.0,2021-01-30,Dallas,United Kingdom,betty.lopez2811@example.com,"$50,952.57",5.4,Gold
101,Charles Brown, Male,36.0,10/07/2023,Los Angeles,USA,charles.brown101@example.com,"$71,637.33",12.54,GOLD
 CUST-02332 ,Robert Hernandez,Non-binary,40.0,23-Jan-2021,san diego,Canada,,"$10,337.76",119.37,gold
 CUST-02676 ,Betty Anderson,male,34.0,2021-08-07,Los Angeles,Australia,betty.anderson2676@example.com,"$71,976.58",-139.98,Gold
CUST-01769,Jennifer Jones,m ,34.0,"March 30, 2024",San Antonio,Canada,jennifer.jones1769@example.com,"$36,858.11",10.14,SILVER
2050,Patricia Johnson,FEMALE,56.0,09/12/2023,Phoenix,USA,patricia.johnson2050@example.com,"$44,134.67",114.67,SILVER
 CUST-01917 ,Richard Williams,m ,42.0,"November 04, 2024",SAN ANTONIO,United Kingdom,richard.williams1917@example.com,"$87,520.42",122.21,
CUST-01264,Thomas Thomas,m ,16.0,07/28/2021,SAN DIEGO,United Kingdom,thomas.thomas1264@example.com,"$63,169.69",129.86,
1622,Robert Anderson,MALE,16.0,,PHOENIX,Canada,robert.anderson1622@example.com,"$47,297.16",172.57,SILVER
 CUST-00493 ,Betty Wilson,Female,23.0,14/12/2024,Austin,USA,betty.wilson493@example.com,"$47,345.94",83.56,Bronze
 CUST-00745 ,Patricia Wilson,male,32.0,"August 02, 2021",  Phoenix  ,USA,patricia.wilson745@example.com,"$52,208.40",107.8,BRONZE
CUST-00637,Susan Williams,FEMALE,44.0,2024-03-07,phoenix,USA,susan.williams637@example.com,"$70,803.60",253.93,silver
CUST-01478,Daniel Anderson,MALE,,2023-05-14,Austin,United Kingdom,daniel.anderson1478@example.com,"$93,142.39",108.2,silver
CUST-00786,Patricia Jones,Male,24.0,"January 26, 2023",houston,Canada,patricia.jones786@example.com,"$112,984.08",247.82,SILVER
CUST-01823,Nancy Garcia,FEMALE,21.0,2022-08-19,San Antonio,Australia,nancy.garcia1823@example.com,,89.09,
CUST-00461,James Jackson,F,21.0,25/06/2023,San Diego,Canada,james.jackson461@example.com,"$75,121.88",319.59,silver
CUST-01759,Susan Johnson,Female,-5.0,15-Apr-2023,san diego,United Kingdom,susan.johnson1759@example.com,"$80,415.97",266.87,BRONZE
CUST-02458,Joseph Martin,male,46.0,01-Apr-2023,Chicago,Canada,joseph.martin2458@example.com,"$46,784.64",53.02,gold
CUST-00543,Susan Martin,M,69.0,"August 02, 2023",Philadelphia,Australia,susan.martin543@example.com,"$48,305.77",252.18,
CUST-00813,Mary Jackson,m ,48.0,"October 21, 2022",Austin,Australia,mary.jackson813@example.com,"$57,759.72",84.74,GOLD
 CUST-00507 ,Sarah Hernandez,Female,41.0,08/09/2024,  Austin  ,United Kingdom,sarah.hernandez507@example.com,"$75,066.91",156.75,SILVER
 CUST-00899 ,Karen Davis,Non-binary,52.0,10/14/2022,  San Diego  ,USA,karen.davis899@example.com,"$95,958.64",70.56,silver
CUST-00333,Jessica Rodriguez,Non-binary,28.0,09/23/2023,dallas,USA,jessica.rodriguez333@example.com,"$66,179.17",265.88,Gold
 CUST-00284 ,Richard Martin,FEMALE,23.0,11/26/2021,Austin,Australia,richard.martin284@example.com,"$82,181.38",95.07,gold
 CUST-01725 ,Robert Martinez,MALE,24.0,23/11/2022,Chicago,Canada,robert.martinez1725@example.com,"$81,250.19",170.26,SILVER
 CUST-02407 ,Mary Brown,male,16.0,2023-08-26,New York,Australia,mary.brown2407@example.com,"$73,301.95",74.26,Gold
CUST-02516,Elizabeth Williams, Male,40.0,"February 12, 2021",New York,USA,elizabeth.williams2516@example.com,"$79,982.35",-14.0,Silver
CUST-02237,Charles Martinez, Female,43.0,"August 13, 2024",Austin,Canada,charles.martinez2237@example.com,"$65,650.49",191.16,Gold
CUST-00187,John Rodriguez,male,28.0,"July 28, 2022",philadelphia,USA,john.rodriguez187@example.com,"$93,657.62",142.16,gold
 CUST-00454 ,Sarah Thomas,female,28.0,26-Dec-2023,philadelphia,United Kingdom,sarah.thomas454@example.com,"$12,773.84",227.25,Gold
CUST-01761,Michael Jones,f ,200.0,04/02/2024,  Los Angeles  ,Australia,michael.jones1761@example.com,"$79,456.65",195.31,Gold
CUST-00946,David Brown,F,56.0,23/04/2022,  Philadelphia  ,Canada,david.brown946@example.com,"$55,929.92",267.37,Gold
 CUST-00499 ,Joseph Anderson,m ,35.0,"February 28, 2024",San Diego,USA,joseph.anderson499@example.com,"$46,839.12",254.27,silver
 CUST-01989 ,Joseph Brown, Female,47.0,2023-12-18,Chicago,Australia,joseph.brown1989@example.com,"$36,411.79",168.34,GOLD
CUST-01549,David Martinez,Other,33.0,,San Antonio,Canada,david.martinez1549@example.com,"$43,026.74",231.64,gold
CUST-01414,Charles Thomas,female,27.0,06/16/2022,PHILADELPHIA,USA,charles.thomas1414@example.com,"$27,681.63",301.11,Silver
 CUST-01595 ,Jennifer Davis,female,28.0,05/04/2023,  Philadelphia  ,Canada,jennifer.davis1595@example.com,"$56,436.05",,silver
CUST-01702,Richard Hernandez, Male,57.0,2024-04-04,NEW YORK,Australia,richard.hernandez1702@example.com,"$19,528.19",228.54,GOLD
CUST-01348,Jennifer Anderson,Female,38.0,27-May-2023,Dallas,United Kingdom,jennifer.anderson1348@example.com,"$64,008.01",305.33,gold
CUST-01182,Matthew Lopez, Female,47.0,2022-08-21,san diego,USA,matthew.lopez1182@example.com,"$58,992.90",169.9,Silver
CUST-01796,John Martin,F,53.0,04-Jul-2021,phoenix,United Kingdom,john.martin1796@example.com,"$78,862.21",258.12,gold
CUST-00415,Michael Gonzalez,female,61.0,19/07/2024,Philadelphia,United Kingdom,michael.gonzalez415@example.com,"$30,967.88",202.47,Silver
CUST-02538,Nancy Jackson,f ,37.0,,AUSTIN,Australia,nancy.jackson2538@example.com,"$47,618.41",85.09,silver
CUST-02156,Jennifer Moore,female,27.0,2024-06-17,San Diego,Australia,jennifer.moore@@example..com,"$39,110.21",309.86,BRONZE
 CUST-02336 ,Elizabeth Martinez,Male,39.0,27/11/2023,Los Angeles,Australia,elizabeth.martinez2336@example.com,"$26,089.00",135.25,silver
CUST-00064,Joseph Taylor,f ,60.0,07-Mar-2021,Dallas,Canada,joseph.taylor64@example.com,"$53,375.29",257.32,gold
 CUST-02414 ,David Thomas,F,82.0,29-Jan-2021,San Antonio,United Kingdom,david.thomas2414@example.com,"$46,418.25",111.63,Gold
CUST-02194,Robert Martinez,F,46.0,2024-01-19,San Antonio,USA,robert.martinez2194@example.com,"$79,687.07",141.01,SILVER
 CUST-00553 ,Thomas Garcia,Male,31.0,06/22/2021,dallas,Australia,thomas.garcia553@example.com,"$35,027.79",218.96,silver
CUST-01616,Robert Wilson,MALE,63.0,22-Jul-2023,Philadelphia,United Kingdom,robert.wilson1616@example.com,"$63,754.50",255.18,Gold
 CUST-01109 ,John Jones,Male,36.0,"August 25, 2021",SAN ANTONIO,Canada,john.jones1109@example.com,"$50,828.77",67.31,gold
CUST-01529,James Williams,FEMALE,20.0,08-Nov-2023,SAN DIEGO,Canada,james.williams1529@example.com,"$48,030.94",150.82,
CUST-00670,Michael Hernandez, Male,32.0,17/11/2023,Philadelphia,USA,michael.hernandez670@example.com,"$90,737.68",3.05,gold
CUST-01378,William Johnson,male,39.0,,San Antonio,USA,william.johnson1378@example.com,"$69,246.22",88.31,SILVER
 CUST-02616 ,Lisa Wilson,female,57.0,05-Sep-2021,New York,USA,lisa.wilson2616@example.com,"$69,954.58",93.34,SILVER
CUST-00312,Charles Brown,Female,52.0,01/02/2023,  San Antonio  ,Australia,charles.brown312@example.com,"$54,909.31",43.45,
CUST-02195,Elizabeth Smith,Male,37.0,"July 23, 2023",  Houston  ,Canada,elizabeth.smith2195@example.com,"$79,671.91",110.24,
CUST-01178,Matthew Smith,F,45.0,2021-01-01,  San Antonio  ,Canada,matthew.smith1178@example.com,"$34,178.98",47.9,BRONZE
CUST-00785,Matthew Moore,female,31.0,17/11/2021,DALLAS,Canada,matthew.moore785@example.com,"$84,015.70",67.38,Bronze
CUST-01719,William Lopez,F,49.0,06/08/2024,Austin,USA,william.lopez1719@example.com,"$53,620.92",127.96,Silver
CUST-01112,Richard Miller,Female,20.0,10/08/2024,philadelphia,Australia,richard.miller1112@example.com,,123.83,Silver
CUST-01207,Patricia Thomas,female,44.0,2023-05-05,Dallas,USA,patricia.thomas1207@example.com,"$66,795.36",152.71,SILVER
2709,Joseph Moore,M,54.0,"May 19, 2022",san diego,Canada,joseph.moore2709@example.com,"$17,754.94",23.15,GOLD
CUST-02836,Joseph Moore,Female,50.0,"June 20, 2023",Austin,USA,joseph.moore2836@example.com,"$49,372.77",184.83,BRONZE
CUST-00120,Susan Miller,M,36.0,21-Aug-2023,san diego,Canada,susan.miller120@example.com,"$97,184.52",153.42,
CUST-02300,Sarah Miller,f ,26.0,"January 15, 2021",Los Angeles,Canada,sarah.miller2300@example.com,"$61,170.27",203.88,silver
CUST-00352,Lisa Williams,f ,48.0,"February 17, 2022",PHOENIX,United Kingdom,lisa.williams352@example.com,"$59,859.12",151.32,silver
 CUST-02435 ,David Garcia,MALE,49.0,,Austin,United Kingdom,david.garcia2435@example.com,"$53,635.67",67.22,bronze
CUST-00406,James Wilson,m ,28.0,11/08/2023,Dallas,USA,james.wilson406@example.com,"$62,557.40",184.15,GOLD
2949,Michael Lopez,F,45.0,06/17/2024,San Antonio,USA,michael.lopez2949@example.com,"$69,568.00",-128.39,bronze
CUST-00053,Lisa Miller,male,36.0,27/11/2021,PHOENIX,Canada,lisa.miller53@example.com,"$51,223.74",222.55,gold
CUST-00382,William Thomas,MALE,48.0,2022-04-02,SAN ANTONIO,Australia,william.thomas382@example.com,"$62,316.45",136.53,Gold
 CUST-02970 ,Thomas Davis,Male,42.0,01/06/2021,los angeles,Australia,thomas.davis2970@example.com,,309.98,gold
CUST-02352,Jennifer Martin,m ,47.0,10/12/2022,LOS ANGELES,Canada,jennifer.martin2352@example.com,"$103,703.09",217.24,Silver
 CUST-01860 ,Thomas Martinez,other,19.0,23/10/2022,  Chicago  ,Australia,thomas.martinez1860@example.com,"$42,652.91",139.53,Bronze
 CUST-01026 ,Charles Wilson,F,38.0,08/25/2021,San Diego,United Kingdom,charles.wilson1026@example.com,"$65,177.47",149.39,SILVER
539,William Rodriguez,other,46.0,2024-02-02,Los Angeles,United Kingdom,,"$60,183.07",103.62,Gold
 CUST-02143 ,Susan Wilson,m ,35.0,"July 02, 2022",  Philadelphia  ,Australia,susan.wilson2143@example.com,,192.48,bronze
 CUST-00664 ,Linda Brown,Female,18.0,07-May-2021,Dallas,USA,linda.brown664@example.com,"$71,009.49",96.73,GOLD
 CUST-00513 ,David Johnson,f ,,25-Feb-2023,San Diego,Australia,david.johnson513@example.com,"$62,346.39",220.53,Bronze
CUST-01550,John Taylor,female,24.0,03/08/2024,San Diego,Canada,john.taylor1550@example.com,"$56,133.20",221.97,gold
CUST-02080,William Thomas,Female,42.0,01/11/2021,Austin,United Kingdom,william.thomas2080@example.com,"$35,491.82",94.51,Silver
 CUST-02266 ,Susan Jones,Male,42.0,25/05/2023,san antonio,Canada,susan.jones2266@example.com,"$66,182.88",238.79,Silver
CUST-01216,Jennifer Moore,Female,36.0,20/09/2024,Los Angeles,Australia,jennifer.moore1216@example.com,"$61,516.51",233.03,Bronze
2324,Richard Williams,M,,2022-01-28,SAN ANTONIO,Canada,richard.williams2324@example.com,"$54,609.63",269.81,SILVER
CUST-01582,Linda Taylor,male,24.0,15-Jan-2024,Houston,USA,linda.taylor1582@example.com,"$72,371.38",32.14,SILVER
CUST-00797,Betty Smith, Male,45.0,06/03/2024,CHICAGO,USA,betty.smith797@example.com,"$26,450.70",263.71,gold
CUST-01623,Thomas Gonzalez,f ,30.0,2024-06-11,SAN DIEGO,Australia,thomas.gonzalez1623@example.com,"$91,906.21",91.14,bronze
CUST-01994,John Davis, Female,44.0,"October 11, 2021",Chicago,United Kingdom,,"$57,530.83",80.04,Silver
CUST-02142,Betty Martinez,Female,38.0,12/26/2024,DALLAS,Australia,betty.martinez2142@example.com,"$91,881.30",110.17,BRONZE
CUST-02278,Robert Johnson,Male,31.0,2024-03-31,san diego,Australia,robert.johnson2278@example.com,"$55,071.78",199.08,SILVER
CUST-01419,Robert Martinez, Male,69.0,2024-07-09,  San Antonio  ,USA,robert.martinez1419@example.com,,107.92,GOLD
CUST-02960,Betty Williams,F,56.0,11/03/2023,Los Angeles,USA,betty.williams2960@example.com,"$25,410.70",236.46,GOLD
CUST-01467,Daniel Taylor,F,32.0,03/24/2024,San Diego,Australia,daniel.taylor1467@example.com,"$74,585.48",86.18,gold
CUST-02031,Jessica Martin,MALE,35.0,24-Nov-2024,san antonio,United Kingdom,jessica.martin2031@example.com,"$65,204.62",81.21,gold
 CUST-02003 ,Joseph Martin,male,39.0,"March 20, 2024",San Diego,United Kingdom,joseph.martin2003@example.com,"$61,134.89",294.75,gold
 CUST-02461 ,Robert Lopez,other,66.0,02/05/2022,Phoenix,Australia,robert.lopez2461@example.com,"$70,881.79",12.09,GOLD
CUST-02369,Matthew Thomas,MALE,16.0,27/02/2024,Austin,Canada,matthew.thomas2369@example.com,"$88,707.33",103.14,gold
CUST-00370,Charles Johnson,F,19.0,05/19/2023,  San Diego  ,USA,charles.johnson370@example.com,"$35,706.27",253.74,gold
CUST-02803,Patricia Wilson,male,56.0,2022-11-21,San Antonio,Australia,patricia.wilson2803@example.com,"$32,066.95",24.09,bronze
 CUST-02571 ,Robert Jones,Non-binary,61.0,06/16/2024,SAN ANTONIO,Canada,robert.jones2571@example.com,"$55,892.67",74.69,SILVER
CUST-01113,Richard Hernandez,M,56.0,2021-05-12,Houston,USA,richard.hernandez1113@example.com,"$48,965.56",,bronze
CUST-02124,Daniel Smith,MALE,26.0,12/16/2022,Phoenix,USA,daniel.smith2124@example.com,,44.64,gold
 CUST-02341 ,Robert Johnson,f ,54.0,"January 13, 2022",dallas,Australia,robert.johnson2341@example.com,"$78,547.80",151.04,Silver
1956,Mary Martin, Male,,"July 04, 2022",Philadelphia,Canada,mary.martin1956@example.com,"$72,506.12",186.24,BRONZE
 CUST-01617 ,Lisa Hernandez,m ,60.0,2024-02-03,Houston,United Kingdom,lisa.hernandez1617@example.com,"$78,191.75",214.01,silver
1534,Linda Lopez,FEMALE,42.0,05/06/2021,Dallas,USA,linda.lopez1534@example.com,"$69,444.21",133.22,BRONZE
CUST-02660,Betty Rodriguez,FEMALE,28.0,01/10/2021,Dallas,Australia,betty.rodriguez2660@example.com,"$38,409.06",277.38,BRONZE
CUST-01888,Betty Johnson,MALE,36.0,17-Apr-2022,Phoenix,Australia,betty.johnson1888@example.com,"$77,275.78",39.15,gold
CUST-00718,Betty Gonzalez,female,59.0,09/20/2023,LOS ANGELES,Australia,betty.gonzalez718@example.com,"$73,505.31",83.67,SILVER
CUST-02087,James Rodriguez,other,32.0,2021-07-19,Phoenix,USA,james.rodriguez2087@example.com,"$70,690.97",131.17,
 CUST-02215 ,Nancy Gonzalez,female,37.0,28-Dec-2023,PHOENIX,United Kingdom,nancy.gonzalez2215@example.com,"$50,543.31",182.48,Bronze
CUST-02929,Thomas Jackson,M,31.0,23/07/2021,San Antonio,Australia,thomas.jackson2929@example.com,"$68,947.68",129.7,Silver
CUST-02016,Joseph Miller, Female,50.0,05/14/2021,San Antonio,Canada,joseph.miller2016@example.com,"$83,944.41",128.98,gold
 CUST-01718 ,Elizabeth Brown,Female,33.0,21/11/2021,LOS ANGELES,United Kingdom,elizabeth.brown1718@example.com,"$39,546.65",84.4,silver
CUST-00672,Joseph Anderson, Female,59.0,"November 20, 2024",LOS ANGELES,Canada,joseph.anderson672@example.com,"$69,196.04",194.49,Silver
CUST-02349,John Johnson,Male,22.0,22-May-2022,houston,Canada,john.johnson2349@example.com,"$88,881.96",114.61,SILVER
CUST-02446,William Martinez,,59.0,16/11/2021,Dallas,Canada,william.martinez2446@example.com,"$53,236.59",149.55,bronze
CUST-00642,Robert Martin,FEMALE,64.0,2023-12-14,San Antonio,Canada,robert.martin642@example.com,"$48,931.75",276.64,silver
CUST-00129,Nancy Rodriguez,MALE,31.0,"March 31, 2024",Phoenix,Australia,nancy.rodriguez129@example.com,"$44,580.38",31.79,bronze
 CUST-01799 ,Robert Moore,female,200.0,"August 11, 2024",AUSTIN,Canada,robert.moore1799@example.com,"$74,420.82",242.1,bronze
CUST-00862,Mary Garcia,FEMALE,54.0,12/11/2024,san diego,United Kingdom,mary.garcia862@example.com,"$81,494.47",104.67,Silver
CUST-01685,Mary Williams,FEMALE,25.0,02-Jul-2024,Austin,Canada,mary.williams1685@example.com,"$77,469.64",166.36,gold
 CUST-00047 ,Joseph Thomas,F,16.0,04/28/2022,San Antonio,Australia,joseph.thomas47@example.com,"$57,337.17",63.23,gold
 CUST-01945 ,Linda Garcia, Male,53.0,30/06/2024,  New York  ,Australia,linda.garcia1945@example.com,"$57,445.23",361.0,bronze
CUST-00532,Linda Miller,f ,32.0,2021-08-02,Houston,United Kingdom,linda.miller532@example.com,"$86,362.01",125.53,bronze
 CUST-01256 ,Elizabeth Martinez,Other,23.0,24-Feb-2024,  Houston  ,United Kingdom,elizabeth.martinez@@example..com,"$38,107.93",196.49,Gold
CUST-00534,Betty Davis,female,32.0,2022-11-26,Philadelphia,USA,betty.davis534@example.com,"$71,986.85",145.13,gold
CUST-01473,Nancy Brown,MALE,47.0,,Philadelphia,United Kingdom,nancy.brown1473@example.com,"$50,006.51",2.5,silver
CUST-01269,Charles Anderson,O,0.0,03/19/2022,Houston,Canada,charles.anderson1269@example.com,"$50,747.77",1.95,BRONZE
CUST-02298,Joseph Jackson,Female,28.0,26/11/2022,Philadelphia,United Kingdom,joseph.jackson2298@example.com,"$83,492.66",165.94,GOLD
CUST-01398,Betty Jones,F,21.0,"January 12, 2021",New York,Canada,betty.jones1398@example.com,"$65,634.76",183.89,silver
CUST-02082,Sarah Smith, Male,70.0,06-Apr-2022,dallas,Canada,sarah.smith@@example..com,"$63,916.70",211.49,Bronze
CUST-00450,Robert Hernandez,FEMALE,53.0,13/12/2022,NEW YORK,Canada,robert.hernandez450@example.com,"$85,818.91",74.82,Silver
CUST-01762,Michael Taylor,Male,45.0,14/09/2021,Phoenix,USA,,"$80,029.65",10.61,Silver
CUST-00817,Charles Thomas,other,48.0,03/01/2024,New York,United Kingdom,charles.thomas817@example.com,"$39,377.73",296.62,SILVER
 CUST-02612 ,Michael Rodriguez, Male,,2022-07-10,  San Diego  ,United Kingdom,michael.rodriguez2612@example.com,,,gold
CUST-00092,William Brown, Male,39.0,11/20/2021,san antonio,Canada,william.brown92@example.com,"$41,870.90",74.23,bronze
CUST-02279,Linda Martin,female,35.0,01/24/2024,PHOENIX,Canada,linda.martin@@example..com,"$55,177.41",60.23,Silver
CUST-00658,Richard Anderson,Other,36.0,27/12/2022,chicago,United Kingdom,richard.anderson658@example.com,"$74,539.30",164.01,BRONZE
CUST-02245,Richard Thomas,M,50.0,06-Jan-2022,chicago,USA,richard.thomas2245@example.com,"$54,993.38",7.64,Gold
 CUST-01721 ,Linda Thomas,M,20.0,"March 04, 2023",Phoenix,Australia,linda.thomas1721@example.com,"$52,811.29",167.57,gold
CUST-02306,Mary Hernandez,f ,39.0,31-Aug-2022,Phoenix,United Kingdom,mary.hernandez2306@example.com,"$76,144.51",125.76,silver
CUST-00606,Linda Brown,Male,32.0,03-Mar-2024,San Diego,Canada,linda.brown606@example.com,,81.41,bronze
1194,Jessica Davis,male,44.0,02-Sep-2022,new york,Australia,jessica.davis1194@example.com,"$49,866.11",11.22,GOLD
 CUST-02952 ,Matthew Johnson,Male,46.0,2023-09-27,san diego,United Kingdom,matthew.johnson2952@example.com,"$56,546.00",55.44,Bronze
CUST-00371,Susan Johnson,Female,23.0,04/17/2024,phoenix,United Kingdom,susan.johnson371@example.com,"$8,000.00",178.98,GOLD
 CUST-02415 ,John Smith,M,56.0,2021-07-25,LOS ANGELES,Canada,john.smith2415@example.com,"$83,899.85",-94.32,GOLD
CUST-02333,Michael Moore,Female,37.0,2022-10-15,  Austin  ,United Kingdom,michael.moore2333@example.com,"$43,436.40",164.86,
215,David Thomas,Male,36.0,"June 15, 2023",Phoenix,Canada,david.thomas215@example.com,"$90,020.64",108.46,gold
 CUST-02735 ,Mary Taylor,male,27.0,2022-09-08,phoenix,United Kingdom,mary.taylor2735@example.com,"$46,260.90",190.83,BRONZE
CUST-01971,Robert Gonzalez,M,35.0,2023-08-22,houston,USA,robert.gonzalez1971@example.com,"$78,209.61",100.15,bronze
CUST-01894,Nancy Anderson,Male,38.0,12/23/2021,AUSTIN,Australia,nancy.anderson1894@example.com,"$72,893.03",200.03,silver
 CUST-00091 ,Daniel Gonzalez,m ,34.0,"December 06, 2022",houston,United Kingdom,daniel.gonzalez91@example.com,"$70,706.16",220.0,GOLD
1034,John Martin,Non-binary,57.0,29-Oct-2021,  Phoenix  ,Canada,john.martin1034@example.com,"$79,231.52",155.97,Silver
1675,Charles Thomas,female,43.0,08/08/2023,philadelphia,Australia,charles.thomas1675@example.com,"$83,900.05",169.7,bronze
CUST-02457,Thomas Johnson,f ,,24/10/2024,new york,Australia,thomas.johnson2457@example.com,"$110,426.69",72.43,Silver
 CUST-00853 ,Jennifer Thomas,Male,47.0,01/23/2024,DALLAS,Canada,jennifer.thomas853@example.com,"$65,634.35",29.01,silver
 CUST-01275 ,Thomas Johnson,Male,50.0,2023-07-04,Dallas,Australia,thomas.johnson1275@example.com,"$5,000,000.00",101.09,GOLD
CUST-02953,Robert Thomas,Male,69.0,20-Oct-2024,Philadelphia,USA,robert.thomas2953@example.com,"$69,143.68",91.81,bronze
 CUST-01942 ,James Martinez,M,150.0,18/09/2023,San Antonio,USA,james.martinez1942@example.com,"$32,481.89",204.75,SILVER
CUST-00331,Michael Smith,Male,39.0,11/30/2022,Philadelphia,United Kingdom,michael.smith331@example.com,,154.89,bronze
CUST-02400,Richard Taylor,M,25.0,"March 27, 2022",austin,Canada,richard.taylor2400@example.com,"$84,211.46",205.78,silver
CUST-02325,John Miller,M,32.0,08/04/2021,  Dallas  ,Canada,john.miller2325@example.com,"$33,983.37",171.78,BRONZE
CUST-01172,William Hernandez,male,50.0,03-Nov-2021,san antonio,Canada,william.hernandez1172@example.com,"$70,359.51",275.44,bronze
 CUST-00310 ,Susan Taylor,Female,32.0,12/21/2021,San Antonio,USA,susan.taylor310@example.com,"$70,838.08",261.82,Silver
CUST-01069,Patricia Martinez, Female,47.0,2024-04-19,chicago,Australia,patricia.martinez1069@example.com,"$54,533.72",-78.62,
CUST-02642,Susan Gonzalez, Male,48.0,03/04/2024,  Houston  ,Australia,susan.gonzalez2642@example.com,"$56,995.43",49.74,bronze
61,Sarah Smith,female,46.0,2022-03-28,San Antonio,USA,sarah.smith61@example.com,"$25,732.37",146.9,
CUST-02480,Michael Thomas,F,67.0,"July 01, 2021",SAN DIEGO,Australia,michael.thomas2480@example.com,,131.0,Silver
CUST-02073,William Moore, Female,59.0,2023-05-08,Chicago,Australia,william.moore2073@example.com,"$-15,000.00",,GOLD
 CUST-02236 ,Charles Jones, Male,27.0,2024-05-09,Chicago,Australia,charles.jones2236@example.com,"$70,462.38",6.34,silver
CUST-00895,Matthew Wilson,Female,42.0,01/11/2021,CHICAGO,Canada,matthew.wilson895@example.com,"$70,153.10",240.15,bronze
CUST-01260,Daniel Hernandez,FEMALE,16.0,06/23/2021,Los Angeles,Canada,daniel.hernandez1260@example.com,"$63,147.46",166.46,gold
CUST-00189,Susan Wilson,m ,42.0,"December 27, 2023",SAN ANTONIO,United Kingdom,susan.wilson189@example.com,"$60,367.26",181.14,silver
348,James Garcia, Female,80.0,"March 22, 2023",PHOENIX,Australia,james.garcia348@example.com,"$38,969.21",183.78,
CUST-00723,Jennifer Thomas,male,38.0,20/10/2021,HOUSTON,United Kingdom,jennifer.thomas723@example.com,"$58,877.37",319.94,bronze
 CUST-00313 ,Jessica Gonzalez,m ,48.0,12/20/2024,San Antonio,USA,jessica.gonzalez313@example.com,"$36,217.93",148.32,BRONZE
CUST-00058,David Miller,Male,50.0,2023-05-07,houston,Canada,david.miller58@example.com,"$54,645.45",208.06,GOLD
CUST-02739,John Martinez,FEMALE,28.0,07-Nov-2023,  Houston  ,Australia,john.martinez2739@example.com,"$74,638.85",219.29,bronze
2508,Betty Smith,f ,40.0,2024-08-07,Chicago,USA,betty.smith2508@example.com,"$92,524.25",61.72,gold
 CUST-01669 ,Sarah Smith,female,53.0,18/09/2024,Philadelphia,Canada,sarah.smith1669@example.com,"$65,724.56",59.39,gold
CUST-01526,John Brown, Female,35.0,31-Dec-2021,AUSTIN,United Kingdom,,"$8,000.00",280.26,SILVER
2186,Nancy Martinez,MALE,16.0,15-Dec-2023,san diego,United Kingdom,,"$73,127.52",189.5,
CUST-00616,Thomas Taylor,FEMALE,50.0,"March 31, 2021",Austin,Australia,thomas.taylor616@example.com,"$40,372.19",138.25,Bronze
 CUST-02810 ,James Smith,O,35.0,29/06/2021,Chicago,USA,,"$58,997.12",199.39,BRONZE
CUST-02730,Daniel Moore, Female,57.0,2024-01-24,San Diego,Canada,daniel.moore2730@example.com,"$33,190.02",83.74,gold
 CUST-00332 ,Michael Jones,Other,24.0,12-Jun-2024,San Antonio,United Kingdom,michael.jones332@example.com,"$55,165.62",122.92,BRONZE
CUST-00805,Matthew Smith,male,45.0,06-Dec-2022,San Diego,United Kingdom,matthew.smith805@example.com,"$60,706.67",151.78,SILVER
CUST-00336,Sarah Gonzalez,male,21.0,24/11/2022,austin,Canada,sarah.gonzalez336@example.com,,62.22,silver
CUST-00197,Daniel Wilson,f ,40.0,2021-02-15,Los Angeles,USA,daniel.wilson197@example.com,"$64,902.07",74.86,gold
 CUST-02589 ,John Williams,female,45.0,29/05/2024,Houston,USA,john.williams2589@example.com,"$54,871.33",218.55,silver
CUST-00124,Susan Jackson,Female,57.0,02/09/2023,Philadelphia,USA,susan.jackson124@example.com,"$53,169.37",20.9,gold
2055,Linda Anderson, Male,49.0,2023-05-04,Phoenix,United Kingdom,linda.anderson2055@example.com,"$59,569.10",43.49,
2797,Robert Rodriguez,MALE,33.0,13/09/2022,  Chicago  ,USA,robert.rodriguez2797@example.com,"$90,331.40",146.25,Bronze
1854,Elizabeth Smith, Male,54.0,2023-07-03,San Diego,Australia,elizabeth.smith1854@example.com,"$83,225.60",122.28,SILVER
CUST-00744,Daniel Gonzalez,male,39.0,05/07/2024,New York,Canada,daniel.gonzalez744@example.com,"$70,221.67",156.18,bronze
CUST-02892,Jennifer Hernandez,M,41.0,07-Sep-2024,PHOENIX,Australia,jennifer.hernandez@@example..com,"$64,399.87",158.84,BRONZE
CUST-01991,Daniel Wilson,m ,25.0,05/07/2023,Houston,Canada,daniel.wilson1991@example.com,"$60,542.29",144.09,SILVER
 CUST-00621 ,David Taylor, Male,34.0,11/01/2024,San Antonio,Australia,david.taylor621@example.com,"$-15,000.00",148.29,Gold
 CUST-01266 ,James Johnson,male,38.0,"February 21, 2024",HOUSTON,Australia,james.johnson1266@example.com,"$54,164.03",173.0,Bronze
CUST-00752,Betty Brown,f ,46.0,07-Jun-2021,Austin,United Kingdom,betty.brown752@example.com,"$59,297.37",72.38,gold
2928,Joseph Garcia, Female,63.0,05/29/2024,New York,Australia,joseph.garcia2928@example.com,"$64,761.48",18.37,Bronze
CUST-02742,Michael Wilson,MALE,46.0,2022-01-20,chicago,Canada,michael.wilson2742@example.com,"$74,367.87",29.11,BRONZE
CUST-01902,Lisa Miller,Female,,"November 08, 2022",Austin,Canada,lisa.miller1902@example.com,"$44,719.77",92.0,Gold
 CUST-02944 ,Mary Smith,M,80.0,17-Aug-2023,DALLAS,USA,,"$54,261.78",335.09,silver
CUST-02798,Daniel Anderson,MALE,60.0,29-Apr-2022,Philadelphia,Canada,daniel.anderson2798@example.com,"$84,397.01",220.1,Bronze
 CUST-01609 ,Sarah Williams,m ,41.0,2021-07-26,SAN ANTONIO,United Kingdom,sarah.williams1609@example.com,"$32,776.71",150.55,Gold
CUST-00448,Betty Taylor, Male,31.0,22/06/2022,new york,Australia,betty.taylor448@example.com,"$37,947.49",77.78,
CUST-02850,Thomas Williams,female,60.0,"May 06, 2021",Houston,United Kingdom,thomas.williams2850@example.com,"$105,051.87",80.8,Silver
CUST-01825,Elizabeth Moore,Male,46.0,2021-08-27,Los Angeles,Canada,elizabeth.moore1825@example.com,"$61,011.72",64.15,Silver
 CUST-00011 ,Mary Thomas,FEMALE,44.0,21/04/2021,SAN ANTONIO,USA,mary.thomas11@example.com,"$48,485.23",325.95,SILVER
CUST-00014,Patricia Smith,Female,45.0,13/03/2022,San Diego,Canada,patricia.smith14@example.com,"$37,481.86",4.96,BRONZE
CUST-02866,Joseph Miller,MALE,54.0,03-Aug-2022,San Diego,United Kingdom,joseph.miller2866@example.com,"$75,572.60",-141.13,bronze
 CUST-01577 ,Karen Jones,f ,30.0,"November 02, 2023",houston,Canada,karen.jones1577@example.com,"$75,300.31",160.01,Silver
CUST-01828,Jennifer Johnson,male,27.0,30/07/2024,Phoenix,United Kingdom,jennifer.johnson1828@example.com,"$46,764.04",115.63,Bronze
CUST-00267,James Davis,m ,23.0,16/12/2022,Dallas,USA,james.davis267@example.com,,156.27,BRONZE
171,Jessica Taylor,female,29.0,09/27/2022,Chicago,Australia,jessica.taylor171@example.com,"$50,200.60",2.83,silver
CUST-00909,Karen Lopez,m ,38.0,27-Apr-2024,Houston,Canada,karen.lopez909@example.com,"$96,436.58",18.55,Silver
 CUST-02576 ,Jessica Brown,FEMALE,24.0,"December 28, 2022",  Austin  ,Australia,jessica.brown2576@example.com,"$64,721.43",325.26,
CUST-00275,Mary Lopez,M,57.0,19/12/2021,Dallas,Australia,mary.lopez275@example.com,"$18,290.90",105.15,GOLD
CUST-00949,William Garcia, Female,72.0,"September 07, 2023",Houston,USA,william.garcia949@example.com,"$68,481.21",51.67,Bronze
1690,Lisa Hernandez,female,20.0,"January 29, 2021",Los Angeles,USA,lisa.hernandez1690@example.com,"$63,505.98",247.56,
668,David Jackson, Female,45.0,2023-05-17,NEW YORK,USA,david.jackson668@example.com,"$75,156.51",68.57,GOLD
CUST-00767,Linda Miller,FEMALE,54.0,,HOUSTON,Australia,linda.miller767@example.com,"$43,955.50",130.26,bronze
CUST-01130,Joseph Smith, Male,,04/02/2022,NEW YORK,Canada,joseph.smith1130@example.com,"$70,265.63",228.13,SILVER
 CUST-02060 ,James Anderson,M,62.0,"October 15, 2024",austin,USA,james.anderson2060@example.com,"$45,644.83",116.15,bronze
 CUST-01515 ,Linda Rodriguez,other,62.0,2021-10-07,Dallas,United Kingdom,linda.rodriguez1515@example.com,"$55,796.68",274.19,bronze
280,William Wilson,F,48.0,29/06/2024,San Antonio,Canada,william.wilson@@example..com,"$71,355.88",314.46,Silver
CUST-01236,Michael Lopez,Non-binary,46.0,25/08/2022,HOUSTON,United Kingdom,michael.lopez1236@example.com,"$110,651.72",222.1,GOLD
CUST-01498,Susan Jackson,male,58.0,"August 22, 2024",San Antonio,Australia,susan.jackson1498@example.com,"$8,000.00",225.93,bronze
 CUST-02777 ,Jessica Moore,m ,40.0,31/08/2023,New York,United Kingdom,jessica.moore2777@example.com,"$86,419.25",74.7,silver
CUST-00228,James Davis,MALE,39.0,"August 03, 2023",  CHICAGO  ,USA,james.davis228@example.com,"$74,581.86",112.5,bronze
400,John Martin,Female,53.0,"November 03, 2021",chicago,United Kingdom,john.martin400@example.com,"$83,455.75",97.0,GOLD
CUST-01754,David Lopez,Female,36.0,13/01/2022,Los Angeles,USA,david.lopez1754@example.com,"$56,054.95",197.66,BRONZE
CUST-01870,Jessica Williams,m ,43.0,"November 21, 2022",NEW YORK,Australia,jessica.williams1870@example.com,"$52,077.59",138.41,
 CUST-01035 ,Nancy Moore,M,41.0,"July 30, 2021",DALLAS,Canada,nancy.moore1035@example.com,"$72,253.71",192.77,BRONZE
CUST-01195,Karen Martinez, Female,54.0,31/01/2024,San Antonio,Australia,karen.martinez1195@example.com,"$76,816.02",143.8,
 CUST-02007 ,Jessica Smith, Female,36.0,"October 16, 2023",New York,United Kingdom,,"$52,207.57",262.11,Gold
CUST-02905,Joseph Rodriguez,female,-5.0,20-May-2024,Dallas,Australia,joseph.rodriguez2905@example.com,"$18,058.43",81.19,SILVER
1768,Elizabeth Taylor,Male,22.0,07/06/2021,  Austin  ,Australia,elizabeth.taylor1768@example.com,"$66,595.00",147.86,SILVER
CUST-00605,Patricia Jones, Male,,"October 07, 2024",Los Angeles,United Kingdom,patricia.jones605@example.com,"$28,998.79",174.96,GOLD
 CUST-00943 ,Robert Smith,Male,38.0,2024-09-10,Philadelphia,Canada,robert.smith943@example.com,"$39,905.95",139.04,bronze
CUST-02211,John Williams,female,50.0,2021-07-10,SAN ANTONIO,USA,john.williams2211@example.com,"$79,768.77",,SILVER
 CUST-00600 ,Robert Taylor,m ,41.0,"October 24, 2023",Austin,Australia,robert.taylor600@example.com,"$78,979.68",52.95,
 CUST-02321 ,Joseph Brown,F,54.0,2023-08-25,Houston,United Kingdom,joseph.brown@@example..com,"$29,697.65",213.14,bronze
CUST-02091,Matthew Jackson, Female,28.0,"May 13, 2022",Chicago,USA,matthew.jackson2091@example.com,"$60,046.70",4.17,SILVER
 CUST-02139 ,Daniel Miller,F,23.0,2021-10-16,Austin,United Kingdom,daniel.miller2139@example.com,"$74,033.90",363.19,Bronze
CUST-02099,Karen Johnson,f ,26.0,2022-04-01,  Chicago  ,Australia,karen.johnson2099@example.com,"$51,241.47",272.91,gold
39,Joseph Moore,Male,47.0,"October 25, 2024",Dallas,USA,joseph.moore39@example.com,"$5,000,000.00",97.1,
 CUST-02809 ,Jennifer Jackson,male,49.0,2024-10-01,New York,Australia,jennifer.jackson2809@example.com,"$53,986.47",73.75,BRONZE
889,Sarah Williams,Female,31.0,,  San Antonio  ,United Kingdom,sarah.williams889@example.com,"$36,849.66",105.7,Silver
 CUST-00199 ,Linda Martinez,Male,18.0,14-Aug-2023,CHICAGO,USA,linda.martinez199@example.com,"$58,065.72",117.27,GOLD
CUST-02177,Nancy Jackson, Male,50.0,09/07/2021,CHICAGO,USA,nancy.jackson@@example..com,"$72,872.62",97.52,Silver
CUST-02147,Mary Williams,F,45.0,28/09/2024,Dallas,Australia,mary.williams2147@example.com,"$66,366.39",40.75,Bronze
 CUST-01745 ,Susan Smith,FEMALE,31.0,,New York,USA,susan.smith1745@example.com,"$33,252.82",50.82,Gold
CUST-02392,Robert Wilson, Female,24.0,,san antonio,Australia,,,187.5,SILVER
CUST-02423,Daniel Martinez,Male,32.0,2024-04-27,Austin,United Kingdom,daniel.martinez2423@example.com,"$36,084.82",161.46,silver
 CUST-01341 ,Joseph Wilson,f ,46.0,2021-01-14,Philadelphia,Australia,joseph.wilson1341@example.com,"$83,680.69",177.76,GOLD
CUST-01145,William Wilson,Female,27.0,17/05/2021,  Austin  ,Canada,william.wilson1145@example.com,,118.79,Gold
CUST-00788,Lisa Anderson,M,59.0,2023-08-26,SAN DIEGO,Australia,lisa.anderson788@example.com,"$51,029.72",165.38,GOLD
1573,Nancy Garcia,MALE,,2022-05-04,Los Angeles,Australia,nancy.garcia1573@example.com,"$22,604.23",55.43,Silver
CUST-00433,Patricia Rodriguez,f ,59.0,"September 27, 2024",Dallas,Australia,patricia.rodriguez433@example.com,"$62,364.43",51.13,BRONZE
CUST-01224,Jessica Martinez,m ,50.0,2021-09-19,San Antonio,USA,jessica.martinez1224@example.com,"$47,284.79",230.24,gold
CUST-00903,Sarah Smith,Female,26.0,13/03/2023,austin,Australia,sarah.smith903@example.com,,231.08,silver
CUST-01421,Michael Garcia,Male,47.0,2021-09-06,  Dallas  ,Canada,michael.garcia1421@example.com,"$58,704.50",68.48,GOLD
CUST-01625,David Johnson,Female,49.0,"February 04, 2022",HOUSTON,Australia,david.johnson1625@example.com,"$60,731.43",221.87,
CUST-01265,William Taylor,Male,42.0,,  Los Angeles  ,Canada,william.taylor1265@example.com,"$85,135.88",165.46,silver
CUST-02919,Susan Anderson,m ,38.0,21/10/2024,LOS ANGELES,USA,susan.anderson2919@example.com,,142.13,GOLD
CUST-01729,Lisa Jackson, Male,38.0,2021-02-01,SAN DIEGO,United Kingdom,lisa.jackson1729@example.com,"$102,861.19",212.03,gold
1324,Karen Johnson,F,52.0,2023-10-09,DALLAS,Canada,karen.johnson1324@example.com,"$999,999,999.00",156.95,bronze
 CUST-01968 ,Lisa Williams,Female,32.0,02-Mar-2021,DALLAS,Australia,lisa.williams1968@example.com,"$79,780.36",97.17,BRONZE
CUST-02600,James Gonzalez,m ,16.0,"April 28, 2023",HOUSTON,Australia,james.gonzalez2600@example.com,"$59,247.92",160.66,Gold
CUST-02094,Thomas Jones, Male,16.0,"June 15, 2024",Philadelphia,USA,thomas.jones2094@example.com,"$97,750.33",151.76,
837,Elizabeth Smith, Male,32.0,2021-07-14,San Antonio,Canada,elizabeth.smith837@example.com,"$48,435.81",-204.98,Gold
CUST-01569,David Gonzalez,MALE,42.0,08/14/2023,Phoenix,Canada,david.gonzalez1569@example.com,"$11,967.46",55.88,Silver
 CUST-01079 ,Charles Williams,f ,52.0,10/16/2022,los angeles,Australia,charles.williams1079@example.com,"$85,649.39",85.63,
CUST-01459,John Jackson,female,16.0,05/06/2023,San Diego,Canada,john.jackson1459@example.com,"$59,479.15",138.56,
 CUST-01063 ,Linda Jackson, Male,26.0,"March 07, 2021",PHOENIX,United Kingdom,linda.jackson1063@example.com,"$65,532.31",157.07,gold
 CUST-00476 ,Mary Johnson,FEMALE,-5.0,2022-09-03,San Antonio,USA,,"$25,080.31",54.61,GOLD
CUST-01293,John Garcia,f ,30.0,02/21/2022,  Dallas  ,USA,john.garcia1293@example.com,"$44,597.57",203.13,SILVER
CUST-00663,James Jones,Female,28.0,09/22/2021,New York,Canada,james.jones663@example.com,,220.74,Gold
 CUST-00220 ,Nancy Smith,f ,41.0,,San Diego,Australia,nancy.smith220@example.com,"$99,737.28",122.6,BRONZE
 CUST-00192 ,David Johnson,F,62.0,"September 13, 2021",San Antonio,Australia,david.johnson192@example.com,"$77,196.82",222.21,gold
CUST-00345,Richard Wilson,other,57.0,"July 08, 2024",Los Angeles,USA,richard.wilson345@example.com,"$103,071.53",195.69,Gold
CUST-01923,Karen Rodriguez,Other,50.0,,San Diego,Australia,karen.rodriguez1923@example.com,"$92,153.58",141.64,Gold
CUST-00780,David Taylor,MALE,54.0,2024-01-03,Houston,USA,david.taylor780@example.com,"$117,136.02",176.55,gold
 CUST-00238 ,Richard Wilson,Male,40.0,2021-10-29,PHOENIX,United Kingdom,richard.wilson238@example.com,"$41,844.60",291.16,silver
CUST-01897,Betty Martin, Male,28.0,"August 13, 2024",Houston,Canada,betty.martin1897@example.com,"$38,701.99",25.46,GOLD
 CUST-02713 ,Robert Garcia, Male,44.0,10/21/2022,San Antonio,United Kingdom,robert.garcia2713@example.com,"$80,077.17",35.91,BRONZE
CUST-00182,James Martinez, Male,28.0,29-Aug-2022,Houston,United Kingdom,james.martinez182@example.com,"$8,819.27",142.75,Silver
CUST-00411,John Wilson,Male,26.0,"December 09, 2022",San Diego,United Kingdom,john.wilson411@example.com,"$87,402.38",197.12,Gold
1904,Matthew Smith,m ,51.0,"November 29, 2022",New York,USA,matthew.smith1904@example.com,"$74,335.81",4.8,Gold
CUST-02418,Lisa Rodriguez,M,,27-Aug-2022,Dallas,Canada,lisa.rodriguez2418@example.com,"$91,316.15",221.76,Silver
 CUST-00834 ,Elizabeth Brown,F,54.0,2023-01-28,Dallas,Canada,elizabeth.brown834@example.com,"$96,201.42",112.96,SILVER
CUST-02158,Patricia Brown,male,42.0,08-Nov-2022,Philadelphia,Canada,,"$58,564.73",265.35,Bronze
CUST-01070,James Martin,MALE,46.0,26-Nov-2021,los angeles,United Kingdom,james.martin1070@example.com,"$8,000.00",42.84,silver
CUST-00896,Jennifer Moore,F,49.0,10/15/2022,Austin,Canada,jennifer.moore896@example.com,"$55,890.00",278.26,Bronze
CUST-01276,Daniel Thomas,f ,23.0,30/04/2023,San Antonio,Canada,daniel.thomas1276@example.com,"$44,233.43",17.16,BRONZE
1919,Jennifer Johnson,female,32.0,11/11/2022,philadelphia,USA,jennifer.johnson1919@example.com,"$29,954.34",27.37,BRONZE
CUST-02537,Nancy Anderson, Female,62.0,31/10/2021,New York,Australia,,"$79,621.37",311.62,BRONZE
 CUST-00130 ,Linda Gonzalez, Female,35.0,"February 12, 2024",Houston,USA,,"$32,030.42",172.0,silver
CUST-02618,Thomas Thomas,m ,36.0,2024-04-05,  Phoenix  ,United Kingdom,thomas.thomas2618@example.com,"$61,123.78",123.09,Gold
CUST-01567,Mary Jackson,male,61.0,2024-07-02,san diego,Canada,mary.jackson1567@example.com,"$40,816.65",254.78,SILVER
CUST-00545,Thomas Smith,MALE,61.0,"October 19, 2024",HOUSTON,Australia,thomas.smith545@example.com,"$92,634.21",123.08,Gold
1564,Daniel Gonzalez,FEMALE,26.0,2021-11-25,LOS ANGELES,USA,daniel.gonzalez1564@example.com,"$89,154.65",46.25,BRONZE
CUST-01783,Jennifer Anderson,male,58.0,2021-05-03,San Antonio,USA,jennifer.anderson1783@example.com,"$81,317.38",13.53,bronze
CUST-02915,Michael Johnson,f ,51.0,"May 18, 2021",San Diego,Canada,michael.johnson2915@example.com,"$29,848.52",108.96,gold
CUST-00959,David Lopez,M,41.0,12/09/2023,  Los Angeles  ,Canada,david.lopez959@example.com,"$46,568.24",195.72,SILVER
CUST-01190,Jessica Rodriguez,MALE,58.0,"March 06, 2021",Chicago,Canada,jessica.rodriguez1190@example.com,"$97,660.54",109.86,bronze
2717,John Taylor,Male,60.0,"February 04, 2023",  Austin  ,Canada,john.taylor2717@example.com,"$45,311.17",184.79,gold
 CUST-02636 ,Linda Smith,F,,"October 16, 2024",Austin,USA,linda.smith2636@example.com,"$69,165.49",147.08,gold
 CUST-02390 ,Daniel Miller,female,57.0,2022-09-18,LOS ANGELES,Australia,daniel.miller2390@example.com,"$135,206.28",107.81,Bronze
CUST-02160,William Miller,m ,47.0,07-Oct-2023,Austin,Canada,william.miller2160@example.com,"$40,929.02",154.97,BRONZE
CUST-00051,Joseph Miller,Male,50.0,,  Phoenix  ,Canada,joseph.miller51@example.com,"$49,539.10",80.11,Bronze
 CUST-02923 ,John Moore,MALE,16.0,04-Apr-2021,  San Diego  ,Canada,john.moore2923@example.com,"$46,093.38",178.77,GOLD
 CUST-02405 ,Nancy Rodriguez,female,44.0,2024-09-18,Austin,Australia,nancy.rodriguez2405@example.com,"$73,013.15",319.85,
CUST-01817,Joseph Williams,Female,38.0,2023-07-07,AUSTIN,Australia,joseph.williams1817@example.com,"$63,775.93",299.55,gold
2427,Matthew Martin, Female,41.0,"June 29, 2024",san antonio,United Kingdom,matthew.martin2427@example.com,"$31,206.54",208.77,gold
CUST-00563,David Martin,Non-binary,42.0,02/01/2024,Phoenix,Australia,david.martin563@example.com,"$81,605.36",360.31,SILVER
CUST-01740,John Moore,,51.0,02-Jul-2023,AUSTIN,Australia,john.moore1740@example.com,"$52,535.46",187.95,bronze
 CUST-02906 ,Matthew Wilson,F,56.0,2021-04-05,Los Angeles,Australia,matthew.wilson2906@example.com,"$82,407.36",293.75,gold
 CUST-01602 ,Sarah Hernandez,female,29.0,2022-08-11,  Los Angeles  ,USA,sarah.hernandez1602@example.com,"$73,350.27",254.61,BRONZE
 CUST-00764 ,James Jackson,f ,39.0,09/01/2021,philadelphia,Canada,james.jackson764@example.com,"$20,840.44",106.06,gold
CUST-02494,Mary Lopez,M,27.0,2024-08-02,New York,USA,mary.lopez2494@example.com,"$106,059.81",166.19,GOLD
CUST-02749,John Hernandez,f ,31.0,2022-08-26,Phoenix,United Kingdom,john.hernandez2749@example.com,"$54,862.57",160.72,Gold
 CUST-02171 ,John Johnson,F,25.0,"June 13, 2021",  Houston  ,Canada,john.johnson@@example..com,"$55,010.31",67.93,Silver
CUST-02980,Thomas Anderson,Male,42.0,2022-01-19,Austin,Australia,thomas.anderson2980@example.com,"$57,063.61",179.27,bronze
 CUST-01949 ,Charles Thomas,F,33.0,11/22/2022,Phoenix,United Kingdom,charles.thomas1949@example.com,"$45,995.86",107.25,Bronze
1042,Elizabeth Brown, Female,39.0,"June 02, 2021",Los Angeles,USA,elizabeth.brown1042@example.com,"$68,410.41",194.41,BRONZE
2165,Mary Rodriguez, Male,47.0,"November 03, 2021",Chicago,USA,,"$46,860.72",125.01,SILVER
 CUST-00793 ,Lisa Moore,MALE,35.0,"May 07, 2022",Philadelphia,USA,lisa.moore793@example.com,"$71,762.77",226.79,
 CUST-00993 ,James Brown,O,48.0,02-Oct-2024,Houston,Canada,james.brown993@example.com,"$39,614.12",231.16,gold
CUST-01760,Jennifer Davis,F,29.0,05/18/2022,Houston,Australia,jennifer.davis1760@example.com,"$26,442.46",70.14,Silver
CUST-00112,Nancy Rodriguez, Male,44.0,,Austin,Australia,nancy.rodriguez112@example.com,"$60,625.27",109.54,GOLD
 CUST-01401 ,Lisa Taylor,F,23.0,04/26/2022,Phoenix,USA,lisa.taylor1401@example.com,"$96,443.92",241.71,
 CUST-00968 ,Matthew Hernandez,m ,,20/10/2022,CHICAGO,Canada,matthew.hernandez968@example.com,"$118,475.13",181.4,silver
2755,Jennifer Martinez,M,50.0,16/11/2021,San Antonio,United Kingdom,jennifer.martinez2755@example.com,"$80,002.57",162.96,Bronze
CUST-02632,Susan Smith,F,39.0,07/05/2023,SAN ANTONIO,Australia,susan.smith2632@example.com,"$80,998.27",299.94,bronze
 CUST-01445 ,Thomas Martin,Other,42.0,"December 11, 2021",DALLAS,United Kingdom,thomas.martin1445@example.com,"$53,248.66",147.63,Bronze
790,Thomas Lopez,MALE,58.0,05/09/2021,philadelphia,USA,thomas.lopez790@example.com,"$33,849.95",223.48,silver
2307,Joseph Rodriguez,m ,43.0,21/06/2023,HOUSTON,Canada,joseph.rodriguez2307@example.com,"$48,041.05",79.4,
 CUST-01809 ,Susan Rodriguez,m ,41.0,2024-04-06,Phoenix,Canada,susan.rodriguez1809@example.com,"$50,236.25",249.02,BRONZE
656,Matthew Anderson,Other,61.0,"December 06, 2021",dallas,USA,matthew.anderson656@example.com,"$69,796.41",149.33,Bronze
CUST-00777,Susan Lopez,FEMALE,56.0,2023-01-01,san antonio,Australia,susan.lopez777@example.com,"$81,752.15",251.15,GOLD
CUST-01286,Linda Jackson, Male,40.0,"June 19, 2021",AUSTIN,United Kingdom,linda.jackson1286@example.com,"$76,782.82",15.87,GOLD
2384,Jessica Jackson,O,45.0,"September 09, 2023",New York,USA,jessica.jackson2384@example.com,"$81,279.99",81.91,SILVER
CUST-02746,Jennifer Johnson,M,54.0,"April 30, 2023",Austin,Australia,jennifer.johnson2746@example.com,"$75,746.52",89.89,silver
 CUST-01164 ,Thomas Garcia,Other,25.0,"February 25, 2022",Austin,USA,thomas.garcia1164@example.com,"$27,901.50",112.45,SILVER
CUST-01847,Sarah Anderson,male,37.0,2024-05-27,HOUSTON,Australia,sarah.anderson1847@example.com,"$33,724.39",106.9,GOLD
2818,John Moore,MALE,33.0,19/03/2022,phoenix,United Kingdom,john.moore2818@example.com,"$91,781.18",255.52,Bronze
 CUST-00525 ,Betty Anderson,Female,37.0,10/01/2022,Dallas,Canada,betty.anderson525@example.com,"$37,566.21",136.19,SILVER
CUST-00659,Lisa Taylor,Male,19.0,03/17/2021,Philadelphia,Australia,,"$68,433.78",15.34,GOLD
CUST-02361,Mary Johnson, Male,44.0,20/06/2024,PHOENIX,Canada,mary.johnson2361@example.com,"$45,004.00",25.59,
CUST-02499,Matthew Anderson,MALE,42.0,09/19/2021,Chicago,Australia,matthew.anderson2499@example.com,"$44,482.12",120.98,Silver
 CUST-00087 ,David Gonzalez,FEMALE,19.0,25/11/2022,Dallas,United Kingdom,david.gonzalez87@example.com,"$70,979.76",223.51,GOLD
CUST-01710,Mary Gonzalez,female,34.0,2021-07-27,Chicago,USA,mary.gonzalez1710@example.com,"$62,179.39",6.88,Bronze
CUST-02129,Lisa Wilson,other,64.0,13-Mar-2024,San Antonio,Australia,lisa.wilson2129@example.com,"$50,686.53",145.92,silver
CUST-02164,Michael Rodriguez,Male,64.0,09-May-2021,  Dallas  ,Canada,michael.rodriguez2164@example.com,"$87,454.95",125.88,Bronze
CUST-01469,Sarah Smith,MALE,52.0,"October 06, 2023",Dallas,Australia,sarah.smith1469@example.com,"$68,127.23",94.31,silver
CUST-01196,Daniel Garcia,Male,37.0,01/15/2024,Philadelphia,Australia,daniel.garcia1196@example.com,"$42,290.32",191.0,Bronze
CUST-02092,Charles Lopez,f ,18.0,22-Oct-2022,san antonio,Canada,charles.lopez2092@example.com,"$5,000,000.00",83.71,silver
CUST-02996,Michael Jones,FEMALE,24.0,05/13/2022,Austin,USA,michael.jones2996@example.com,"$19,059.47",104.02,SILVER
 CUST-00031 ,David Taylor,f ,42.0,03/20/2023,Austin,USA,david.taylor31@example.com,"$100,216.84",100.53,Silver
CUST-00041,Patricia Thomas,,28.0,23/04/2021,Phoenix,USA,patricia.thomas41@example.com,"$40,524.86",-297.66,silver
CUST-01746,Michael Rodriguez,Male,42.0,17/09/2022,PHOENIX,USA,michael.rodriguez1746@example.com,"$78,362.25",103.86,Bronze
2534,Jessica Johnson,m ,28.0,2022-11-12,Philadelphia,USA,,"$97,929.89",123.32,silver
 CUST-01666 ,Michael Anderson, Female,30.0,01/09/2023,Houston,Australia,michael.anderson1666@example.com,"$67,636.48",12.03,Gold
 CUST-02847 ,Jennifer Rodriguez,male,35.0,02-Jun-2022,  Phoenix  ,USA,jennifer.rodriguez2847@example.com,"$52,740.15",180.07,Gold
 CUST-02912 ,Thomas Garcia,f ,25.0,20-May-2022,San Diego,Australia,thomas.garcia2912@example.com,"$85,779.26",330.68,Bronze
CUST-01541,Sarah Jones,female,28.0,27-Mar-2023,San Antonio,United Kingdom,sarah.jones@@example..com,"$94,440.52",179.1,Silver
 CUST-02477 ,David Davis,Female,-1.0,16/09/2023,  Chicago  ,United Kingdom,david.davis2477@example.com,"$58,757.14",,silver
CUST-00415,Michael Gonzalez,female,61.0,19/07/2024,Philadelphia,United Kingdom,michael.gonzalez415@example.com,"$30,967.88",202.47,Silver
CUST-00980,Thomas Gonzalez,F,43.0,"December 16, 2023",Austin,USA,thomas.gonzalez980@example.com,"$110,221.55",195.85,
 CUST-01168 ,Richard Wilson,FEMALE,34.0,2021-09-22,Austin,Canada,richard.wilson1168@example.com,"$23,070.43",140.64,Bronze
CUST-02066,Betty Davis,Male,29.0,07/29/2023,PHILADELPHIA,Canada,betty.davis2066@example.com,"$49,537.28",240.16,Gold
CUST-02880,Michael Thomas,FEMALE,36.0,2021-08-15,  New York  ,Canada,michael.thomas2880@example.com,"$5,000,000.00",58.36,Silver
 CUST-00974 ,Patricia Williams,m ,63.0,22/07/2021,PHOENIX,United Kingdom,patricia.williams974@example.com,"$99,845.30",168.75,gold
1797,Daniel Martinez,male,19.0,08-Nov-2023,Austin,Canada,daniel.martinez1797@example.com,"$107,652.21",141.02,Bronze
CUST-02657,Jessica Gonzalez,male,45.0,,PHILADELPHIA,Canada,jessica.gonzalez2657@example.com,"$70,882.15",223.25,SILVER
CUST-00591,Mary Hernandez,MALE,33.0,15/07/2021,houston,USA,mary.hernandez591@example.com,"$31,202.75",56.84,BRONZE
 CUST-00575 ,James Jackson,female,150.0,2022-06-17,Chicago,United Kingdom,james.jackson575@example.com,"$44,393.65",7.67,Gold
CUST-01395,Robert Davis, Male,35.0,,New York,United Kingdom,robert.davis1395@example.com,"$59,677.43",191.22,GOLD
CUST-00228,James Davis,MALE,39.0,"August 03, 2023",  Chicago  ,USA,james.davis228@example.com,"$74,581.86",112.5,bronze
CUST-01383,James Jones, Female,28.0,07/30/2021,houston,Canada,james.jones1383@example.com,"$64,020.61",197.08,Bronze
CUST-00643,Betty Martin,F,56.0,18/06/2021,Houston,Australia,betty.martin643@example.com,"$27,997.72",77.33,Gold
1920,Karen Martin,f ,31.0,30-Sep-2022,Dallas,USA,karen.martin1920@example.com,"$84,309.82",95.1,gold
 CUST-02956 ,Daniel Jones,Other,42.0,2023-12-12,Phoenix,United Kingdom,daniel.jones2956@example.com,"$68,595.69",38.32,BRONZE
CUST-02268,David Hernandez,female,28.0,12/25/2021,Houston,Canada,david.hernandez2268@example.com,"$58,023.49",105.71,
 CUST-02942 ,Jennifer Brown,female,56.0,06-May-2022,Houston,Canada,jennifer.brown2942@example.com,"$86,740.68",171.66,Gold
1737,Patricia Garcia,male,41.0,30-Oct-2023,San Diego,United Kingdom,patricia.garcia1737@example.com,,178.88,
CUST-01131,Mary Wilson,f ,70.0,23/09/2024,CHICAGO,Australia,mary.wilson1131@example.com,"$30,923.51",212.13,silver
CUST-02699,William Jackson,FEMALE,41.0,07/10/2022,Houston,USA,william.jackson2699@example.com,"$67,701.50",128.77,gold
CUST-02654,Jessica Martinez,MALE,48.0,10-Nov-2022,phoenix,United Kingdom,jessica.martinez2654@example.com,"$24,860.36",280.52,BRONZE
 CUST-02692 ,William Martin,male,16.0,"January 04, 2021",Chicago,Canada,william.martin2692@example.com,"$88,752.45",142.27,bronze
 CUST-01199 ,James Smith,m ,45.0,"April 20, 2021",San Diego,Australia,james.smith1199@example.com,"$61,190.72",130.96,gold
CUST-01202,Karen Rodriguez,M,41.0,,Dallas,USA,karen.rodriguez1202@example.com,"$71,944.66",75.25,Bronze
CUST-01366,Mary Moore,m ,32.0,01-Dec-2021,PHILADELPHIA,USA,mary.moore1366@example.com,"$70,215.33",161.74,bronze
CUST-01696,Michael Hernandez, Male,21.0,07/05/2023,  Phoenix  ,Australia,michael.hernandez1696@example.com,"$39,623.13",109.19,bronze
CUST-00721,John Smith,m ,29.0,29-Jan-2023,austin,Canada,john.smith721@example.com,"$38,094.22",199.29,SILVER
CUST-02707,Karen Martin, Female,35.0,27-Jun-2022,San Antonio,Canada,karen.martin2707@example.com,"$48,173.44",100.55,Gold
 CUST-02802 ,Patricia Brown,m ,65.0,11-Sep-2023,CHICAGO,Canada,patricia.brown2802@example.com,"$54,210.17",226.31,SILVER
1036,Sarah Gonzalez, Female,46.0,"December 12, 2022",  Dallas  ,Australia,sarah.gonzalez1036@example.com,"$50,256.24",218.89,bronze
CUST-02754,James Brown,Male,31.0,09-Apr-2024,dallas,United Kingdom,james.brown2754@example.com,"$75,587.54",387.14,SILVER
CUST-01679,Nancy Rodriguez,male,38.0,2021-03-21,San Antonio,United Kingdom,nancy.rodriguez1679@example.com,"$63,378.39",54.92,SILVER
 CUST-02465 ,Joseph Hernandez,f ,74.0,01/08/2023,Houston,Australia,joseph.hernandez2465@example.com,"$66,284.39",64.05,Silver
CUST-00410,Elizabeth Rodriguez,M,52.0,01/08/2024,Phoenix,Canada,elizabeth.rodriguez410@example.com,"$51,029.57",153.02,SILVER
1660,Charles Jones, Female,53.0,09-Jun-2022,Los Angeles,USA,charles.jones1660@example.com,"$68,805.73",48.44,Gold
CUST-02817,James Johnson,male,48.0,29/12/2024,Chicago,Canada,,"$84,524.12",125.8,BRONZE
CUST-00285,Matthew Miller,f ,19.0,12-Feb-2024,chicago,Australia,matthew.miller285@example.com,"$47,913.49",108.88,
 CUST-00887 ,Linda Martin,m ,27.0,"October 20, 2024",Houston,Australia,linda.martin887@example.com,"$86,691.15",21.32,
CUST-01384,James Brown,F,63.0,"September 13, 2024",Phoenix,Canada,james.brown1384@example.com,"$53,470.14",65.35,silver
CUST-02939,John Lopez,female,48.0,"January 30, 2021",New York,Canada,john.lopez2939@example.com,"$35,976.47",172.53,BRONZE
CUST-01634,Betty Lopez,M,49.0,17-Sep-2022,SAN DIEGO,Australia,betty.lopez1634@example.com,"$72,233.84",95.52,bronze
CUST-01361,Sarah Hernandez,O,23.0,2022-09-11,San Antonio,United Kingdom,sarah.hernandez1361@example.com,"$73,355.98",105.53,Bronze
 CUST-00184 ,Jennifer Jones,F,19.0,29/04/2022,  Austin  ,USA,jennifer.jones184@example.com,,245.68,
CUST-01635,David Williams, Male,51.0,12/08/2021,  Austin  ,USA,david.williams1635@example.com,"$63,029.27",143.07,GOLD
CUST-02617,Lisa Williams,female,-5.0,04-Oct-2024,austin,Australia,,"$85,328.36",,BRONZE
385,Jennifer Lopez,MALE,,"August 04, 2021",  Dallas  ,Australia,jennifer.lopez385@example.com,"$57,980.59",195.65,bronze
CUST-01626,Karen Johnson,MALE,51.0,"July 04, 2023",DALLAS,USA,karen.johnson1626@example.com,"$60,564.64",140.63,bronze
CUST-02475,Karen Rodriguez,other,45.0,2024-12-11,PHILADELPHIA,Canada,karen.rodriguez2475@example.com,"$39,944.64",119.92,
CUST-00426,Elizabeth Moore,f ,52.0,2023-01-04,  San Diego  ,USA,elizabeth.moore426@example.com,"$24,128.99",278.89,Bronze
CUST-02280,Charles Miller,f ,46.0,"October 24, 2023",san diego,Australia,charles.miller2280@example.com,"$73,192.73",109.95,bronze
CUST-01095,Robert Johnson,f ,72.0,06/04/2024,San Antonio,USA,robert.johnson1095@example.com,"$73,618.12",232.96,silver
2086,Lisa Moore,f ,47.0,12/10/2023,Los Angeles,Australia,lisa.moore2086@example.com,"$66,454.35",144.37,SILVER
 CUST-00577 ,Daniel Lopez,MALE,55.0,"December 11, 2023",Austin,Canada,daniel.lopez577@example.com,"$49,004.53",240.91,Bronze
 CUST-02574 ,Nancy Davis,female,29.0,,Los Angeles,Australia,nancy.davis2574@example.com,"$69,417.45",295.3,bronze
CUST-01189,Robert Lopez,F,39.0,04/04/2023,Chicago,Australia,robert.lopez1189@example.com,"$62,612.19",113.81,gold
 CUST-00251 ,Patricia Lopez,female,28.0,08-Nov-2021,Los Angeles,Australia,patricia.lopez251@example.com,"$41,124.71",67.86,Bronze
CUST-02907,Elizabeth Rodriguez,FEMALE,57.0,01/10/2023,Phoenix,United Kingdom,elizabeth.rodriguez2907@example.com,"$70,209.07",68.88,GOLD
 CUST-02849 ,Patricia Anderson,M,16.0,,Phoenix,Australia,patricia.anderson2849@example.com,"$61,885.19",165.74,GOLD
1984,Susan Williams,Male,61.0,31-Jan-2023,Chicago,United Kingdom,susan.williams1984@example.com,"$11,035.03",214.45,bronze
CUST-02738,Joseph Brown,male,34.0,"February 26, 2024",San Antonio,USA,joseph.brown2738@example.com,"$76,121.08",21.3,Gold
CUST-01250,Joseph Jones,m ,40.0,2022-07-27,Philadelphia,Canada,joseph.jones1250@example.com,"$48,957.89",146.95,bronze
CUST-02693,Jennifer Hernandez,Female,150.0,06/11/2021,Austin,USA,jennifer.hernandez2693@example.com,"$59,523.62",167.37,BRONZE
CUST-00696,Linda Taylor,f ,43.0,2023-01-06,Chicago,USA,linda.taylor696@example.com,"$65,585.60",81.51,gold
CUST-02697,Matthew Taylor,m ,43.0,2021-04-17,Phoenix,Canada,matthew.taylor2697@example.com,"$66,755.85",35.52,Gold
2398,David Thomas,female,51.0,"February 18, 2021",New York,Canada,david.thomas2398@example.com,"$57,345.39",189.71,SILVER
CUST-01235,Jessica Brown,m ,41.0,"July 03, 2023",Los Angeles,Australia,jessica.brown1235@example.com,"$49,697.34",142.12,silver
CUST-00941,Michael Davis,M,68.0,07/26/2023,Chicago,USA,michael.davis941@example.com,"$61,414.87",8.88,Gold
CUST-02870,James Gonzalez,F,50.0,11/08/2024,  Phoenix  ,Canada,james.gonzalez2870@example.com,"$52,728.62",256.91,SILVER
2219,William Hernandez,f ,34.0,12/06/2021,New York,United Kingdom,william.hernandez2219@example.com,"$41,682.72",,GOLD
1344,Matthew Williams,MALE,33.0,11-Dec-2022,CHICAGO,Canada,matthew.williams1344@example.com,"$37,968.97",126.57,silver
CUST-01805,Robert Brown,m ,51.0,01/08/2022,New York,Australia,robert.brown1805@example.com,"$5,000,000.00",171.81,gold
 CUST-02539 ,Thomas Thomas, Female,43.0,"June 25, 2023",San Diego,United Kingdom,thomas.thomas2539@example.com,"$71,363.54",198.09,GOLD
CUST-00473,Karen Taylor,F,16.0,"November 30, 2023",Dallas,Australia,karen.taylor473@example.com,"$64,568.53",9.45,Bronze
 CUST-02540 ,John Lopez, Female,39.0,2021-01-02,Chicago,USA,john.lopez2540@example.com,"$55,583.33",,silver
CUST-01238,Sarah Thomas,m ,30.0,2021-06-27,Dallas,Canada,sarah.thomas1238@example.com,"$66,562.69",206.07,
CUST-02234,Nancy Lopez,Male,67.0,"April 14, 2022",austin,Canada,nancy.lopez2234@example.com,"$72,116.75",167.84,Gold
CUST-02199,Joseph Johnson,male,20.0,"March 16, 2024",New York,USA,joseph.johnson2199@example.com,"$52,273.12",123.97,GOLD
CUST-01426,Charles Moore,M,23.0,03/06/2022,San Antonio,Canada,charles.moore1426@example.com,"$88,732.85",63.41,bronze
995,Betty Wilson,Female,35.0,"April 21, 2023",Dallas,Australia,betty.wilson995@example.com,"$59,558.19",331.81,BRONZE
 CUST-01067 ,James Martin,male,54.0,"February 06, 2022",PHOENIX,Australia,james.martin1067@example.com,"$55,839.89",229.48,silver
2542,Linda Hernandez,Male,25.0,07/04/2022,Los Angeles,Australia,linda.hernandez2542@example.com,"$60,713.27",93.9,
CUST-02887,Lisa Garcia,Female,42.0,03/30/2021,Austin,Canada,lisa.garcia2887@example.com,"$85,302.52",148.31,bronze
1090,Patricia Garcia,Female,,08-Oct-2023,Dallas,USA,patricia.garcia1090@example.com,"$83,183.24",143.0,bronze
CUST-00446,Charles Gonzalez,other,35.0,22-Jan-2021,phoenix,USA,charles.gonzalez446@example.com,"$74,280.30",227.94,gold
CUST-00614,Jennifer Martinez,M,42.0,"November 17, 2023",Phoenix,United Kingdom,jennifer.martinez614@example.com,"$69,194.41",138.2,Gold
CUST-01455,Nancy Martin,MALE,54.0,2024-08-26,DALLAS,United Kingdom,nancy.martin1455@example.com,,134.07,BRONZE
 CUST-02979 ,Elizabeth Johnson,Non-binary,25.0,19/04/2022,Los Angeles,USA,elizabeth.johnson2979@example.com,"$94,197.17",164.07,BRONZE
CUST-02556,Sarah Jones,f ,40.0,05/08/2022,Chicago,Canada,sarah.jones2556@example.com,,,
CUST-02240,Sarah Johnson,m ,64.0,01-Oct-2023,houston,USA,sarah.johnson2240@example.com,"$52,175.45",188.81,GOLD
CUST-00535,Matthew Jones,female,59.0,2022-09-26,  Chicago  ,Australia,matthew.jones535@example.com,"$53,923.78",241.7,gold
 CUST-00557 ,John Garcia,MALE,34.0,18-May-2022,Los Angeles,USA,john.garcia557@example.com,"$94,638.27",91.39,GOLD
CUST-01048,Daniel Brown,Non-binary,-1.0,21-Feb-2021,San Antonio,Australia,daniel.brown1048@example.com,"$-15,000.00",272.52,Gold
CUST-00604,David Jackson,Female,,01/18/2024,PHOENIX,Australia,david.jackson604@example.com,"$44,796.01",161.84,SILVER
CUST-00803,Patricia Williams, Male,47.0,06-Jun-2024,houston,Canada,patricia.williams803@example.com,"$46,705.55",108.41,SILVER
CUST-00166,Michael Miller,FEMALE,22.0,2022-07-29,philadelphia,United Kingdom,michael.miller166@example.com,"$58,730.72",245.6,GOLD
 CUST-00964 ,Charles Jackson,female,47.0,18-Jan-2024,San Antonio,USA,charles.jackson964@example.com,"$46,497.61",228.65,BRONZE
CUST-02718,Mary Brown,Male,46.0,29/11/2022,Los Angeles,USA,mary.brown2718@example.com,"$112,662.21",181.02,bronze
603,Lisa Jones,F,32.0,26/05/2022,New York,United Kingdom,lisa.jones603@example.com,,157.23,GOLD
CUST-01571,Richard Rodriguez,Male,43.0,2024-10-01,phoenix,USA,richard.rodriguez1571@example.com,"$86,514.99",64.24,Silver
CUST-01605,Robert Brown,male,28.0,2022-04-29,New York,Canada,robert.brown1605@example.com,"$91,268.97",151.9,silver
CUST-02172,David Smith,,40.0,10/01/2023,Austin,United Kingdom,david.smith2172@example.com,,154.79,Gold
CUST-02585,Jessica Garcia,Male,,"April 30, 2024",  Phoenix  ,United Kingdom,jessica.garcia2585@example.com,"$74,658.16",4.6,bronze
CUST-01318,Linda Rodriguez,MALE,25.0,06/03/2024,Houston,Australia,linda.rodriguez@@example..com,"$-15,000.00",13.97,silver
CUST-02152,Richard Rodriguez,male,51.0,"February 21, 2021",LOS ANGELES,USA,richard.rodriguez2152@example.com,"$45,670.78",228.3,SILVER
CUST-01545,Joseph Johnson,m ,39.0,06/07/2023,Austin,USA,joseph.johnson1545@example.com,"$50,903.70",95.24,SILVER
 CUST-00351 ,Elizabeth Taylor,,57.0,2023-06-23,Los Angeles,Canada,elizabeth.taylor351@example.com,,319.72,Bronze
CUST-00856,Lisa Wilson,FEMALE,48.0,02/06/2022,los angeles,Australia,lisa.wilson856@example.com,"$58,341.33",69.17,gold
833,Jennifer Gonzalez,F,37.0,07/09/2022,CHICAGO,Australia,jennifer.gonzalez833@example.com,"$59,174.01",179.32,
 CUST-02527 ,Betty Gonzalez,F,29.0,07-Jan-2023,Philadelphia,Australia,betty.gonzalez2527@example.com,"$59,922.10",3.03,Silver
CUST-01687,Richard Lopez,FEMALE,38.0,"September 09, 2022",San Diego,Canada,richard.lopez1687@example.com,"$51,736.31",104.13,Bronze
CUST-01593,Patricia Thomas,m ,43.0,,PHILADELPHIA,Canada,,"$67,558.20",5.96,GOLD
361,Sarah Miller,,44.0,,  Chicago  ,USA,sarah.miller361@example.com,"$60,630.64",27.67,silver
CUST-00281,Jennifer Brown,Female,18.0,10/04/2022,  Phoenix  ,United Kingdom,jennifer.brown281@example.com,"$66,840.46",278.85,gold
CUST-00121,Robert Brown,Non-binary,48.0,"July 29, 2024",Houston,Australia,robert.brown121@example.com,,61.23,GOLD
CUST-00802,Karen Lopez,male,22.0,,Los Angeles,Canada,karen.lopez802@example.com,"$48,267.79",110.22,SILVER
CUST-02062,Karen Davis, Female,47.0,"March 28, 2021",austin,Canada,karen.davis2062@example.com,"$69,520.43",29.69,BRONZE
CUST-01644,Thomas Martinez,male,73.0,2022-10-28,PHILADELPHIA,Australia,thomas.martinez1644@example.com,"$91,217.64",300.1,Gold
 CUST-02909 ,William Rodriguez,Male,58.0,2023-06-04,Los Angeles,United Kingdom,william.rodriguez2909@example.com,"$55,189.58",60.09,bronze
CUST-02314,Elizabeth Jackson,MALE,40.0,2024-02-16,Phoenix,Canada,elizabeth.jackson2314@example.com,"$79,312.64",,SILVER
CUST-02846,Daniel Wilson,Female,55.0,01/04/2021,dallas,Australia,daniel.wilson2846@example.com,"$18,962.47",-185.56,
37,Charles Smith,f ,43.0,2024-08-10,LOS ANGELES,USA,charles.smith37@example.com,"$78,671.88",0.59,BRONZE
2877,John Smith,FEMALE,24.0,,Chicago,United Kingdom,john.smith2877@example.com,"$57,570.11",156.31,Gold
1589,William Wilson,Female,46.0,2021-10-28,houston,USA,william.wilson1589@example.com,"$85,067.08",157.47,BRONZE
CUST-00497,David Taylor,FEMALE,52.0,06-Apr-2021,CHICAGO,Australia,david.taylor497@example.com,"$70,116.35",112.44,SILVER
 CUST-01883 ,Daniel Smith, Male,16.0,,chicago,USA,daniel.smith1883@example.com,"$78,560.76",117.89,
CUST-00062,Jennifer Moore,M,61.0,01/10/2024,San Diego,Canada,jennifer.moore@@example..com,"$83,814.42",192.72,
CUST-00550,Daniel Gonzalez,female,17.0,2021-03-02,New York,Canada,daniel.gonzalez550@example.com,"$31,600.65",81.62,bronze
CUST-01359,Jessica Rodriguez, Female,16.0,09/19/2023,phoenix,United Kingdom,jessica.rodriguez1359@example.com,"$85,414.47",174.29,silver
CUST-01627,William Davis,,32.0,18-Mar-2023,Chicago,United Kingdom,william.davis1627@example.com,"$53,037.94",197.36,gold
30,Thomas Jackson,female,61.0,2024-04-08,philadelphia,Canada,thomas.jackson30@example.com,"$81,901.50",11.54,silver
 CUST-00567 ,Thomas Smith,Female,28.0,19/08/2023,HOUSTON,Australia,thomas.smith567@example.com,,213.43,Bronze
CUST-00032,Sarah Lopez, Female,37.0,,Phoenix,USA,sarah.lopez32@example.com,"$84,013.03",103.85,Gold
1999,Karen Jones, Male,39.0,22/01/2023,  Houston  ,USA,karen.jones1999@example.com,"$95,083.04",38.89,silver
CUST-00058,David Miller,Male,50.0,2023-05-07,houston,Canada,david.miller58@example.com,"$54,645.45",208.06,GOLD
 CUST-01910 ,Sarah Lopez,f ,36.0,"November 05, 2021",san antonio,Canada,,"$74,135.53",72.11,silver
CUST-01065,William Smith, Male,73.0,29-Jun-2023,PHOENIX,United Kingdom,william.smith1065@example.com,"$50,764.35",359.87,bronze
CUST-00017,William Jackson,M,20.0,2022-11-03,houston,Canada,william.jackson17@example.com,"$56,456.41",158.49,bronze
CUST-01806,Patricia Jones, Female,50.0,03-Jul-2023,Phoenix,Australia,patricia.jones1806@example.com,"$63,897.18",327.5,GOLD
 CUST-00684 ,Nancy Taylor,FEMALE,46.0,11-Oct-2023,New York,United Kingdom,nancy.taylor684@example.com,"$88,052.76",226.34,BRONZE
CUST-02644,Daniel Johnson,m ,40.0,"March 14, 2022",houston,United Kingdom,daniel.johnson2644@example.com,"$53,338.95",130.2,Silver
1217,Nancy Lopez,female,49.0,"May 04, 2024",san antonio,Canada,nancy.lopez1217@example.com,"$61,602.35",13.44,SILVER
CUST-01853,William Moore,f ,53.0,29-Sep-2024,Houston,Australia,william.moore1853@example.com,,165.25,gold
 CUST-02863 ,John Anderson,Male,35.0,"September 01, 2022",Chicago,United Kingdom,john.anderson2863@example.com,"$12,137.86",10.83,bronze
 CUST-02968 ,David Moore,M,35.0,12-Nov-2021,HOUSTON,Canada,david.moore2968@example.com,"$61,999.09",132.68,BRONZE
1259,Richard Martinez, Male,53.0,11/08/2024,Philadelphia,USA,richard.martinez1259@example.com,"$47,825.02",166.3,bronze
 CUST-01051 ,Joseph Smith, Female,45.0,08-Aug-2024,Philadelphia,Australia,joseph.smith1051@example.com,"$65,718.42",128.86,bronze
CUST-01615,Elizabeth Martinez,Non-binary,51.0,2023-10-25,Dallas,United Kingdom,elizabeth.martinez1615@example.com,"$59,709.70",173.91,SILVER
CUST-01932,Linda Thomas,F,38.0,18/07/2021,Chicago,USA,linda.thomas1932@example.com,"$57,133.79",119.78,
2884,Susan Johnson,Male,43.0,08/17/2024,  Austin  ,USA,susan.johnson2884@example.com,"$35,055.18",18.14,Silver
 CUST-01352 ,Betty Rodriguez,Other,33.0,15-Jun-2021,Austin,Australia,betty.rodriguez1352@example.com,"$75,182.13",139.52,
CUST-01727,Richard Hernandez, Male,28.0,29/06/2023,Austin,Australia,richard.hernandez1727@example.com,"$74,167.57",171.4,Silver
CUST-00360,Robert Miller,M,58.0,"May 12, 2024",los angeles,Australia,robert.miller360@example.com,"$86,378.06",79.08,silver
 CUST-00169 ,Richard Johnson,FEMALE,55.0,"December 15, 2022",LOS ANGELES,USA,richard.johnson169@example.com,"$999,999,999.00",183.13,Gold
2978,Daniel Lopez,F,49.0,2021-02-26,SAN ANTONIO,Canada,daniel.lopez2978@example.com,"$58,787.71",130.12,bronze
CUST-01521,John Garcia,male,43.0,"November 17, 2021",chicago,United Kingdom,john.garcia1521@example.com,"$53,840.28",22.55,
CUST-00194,Linda Taylor,MALE,28.0,2022-04-01,San Diego,USA,linda.taylor194@example.com,"$38,231.23",22.9,BRONZE
CUST-02838,Patricia Taylor,Female,34.0,"May 16, 2021",Dallas,Australia,patricia.taylor2838@example.com,"$106,759.17",20.01,Silver
CUST-02361,Mary Johnson, Male,44.0,20/06/2024,PHOENIX,Canada,mary.johnson2361@example.com,"$45,004.00",25.59,
CUST-01452,Daniel Garcia,Male,65.0,14/12/2021,San Antonio,Australia,daniel.garcia1452@example.com,"$48,013.67",229.46,SILVER
CUST-00776,Daniel Davis,f ,33.0,2022-02-13,NEW YORK,Canada,daniel.davis776@example.com,"$64,631.88",119.74,silver
CUST-01901,John Johnson,Female,18.0,"May 13, 2024",Phoenix,Australia,john.johnson1901@example.com,"$73,293.86",246.6,GOLD
2530,Patricia Garcia,F,41.0,"October 19, 2024",houston,Canada,patricia.garcia2530@example.com,"$67,585.45",142.95,gold
CUST-02032,Richard Jackson,FEMALE,56.0,2021-10-19,HOUSTON,Australia,richard.jackson2032@example.com,"$60,415.18",192.58,silver
2192,Joseph Garcia,M,49.0,02/07/2021,Chicago,USA,joseph.garcia2192@example.com,"$77,841.57",58.2,
CUST-00409,Matthew Thomas,Female,64.0,"December 04, 2023",dallas,USA,matthew.thomas409@example.com,"$52,815.03",93.33,Gold
 CUST-02046 ,Jessica Davis,female,65.0,"February 05, 2024",Dallas,USA,jessica.davis2046@example.com,"$70,948.87",,Gold
CUST-00387,Matthew Gonzalez,F,51.0,2023-01-02,  San Diego  ,Canada,matthew.gonzalez387@example.com,"$77,538.82",206.3,BRONZE
2424,Robert Smith,M,26.0,17/04/2024,San Antonio,Australia,robert.smith2424@example.com,"$75,866.61",105.2,silver
 CUST-00845 ,Daniel Wilson,Female,23.0,13-Aug-2022,SAN DIEGO,Canada,daniel.wilson845@example.com,"$70,699.34",149.25,silver
CUST-00696,Linda Taylor,f ,43.0,2023-01-06,Chicago,USA,linda.taylor696@example.com,"$65,585.60",81.51,gold
111,John Brown,M,47.0,22/02/2023,Chicago,Australia,john.brown111@example.com,,106.56,silver
CUST-01423,Jessica Davis,f ,50.0,23/06/2023,New York,United Kingdom,jessica.davis1423@example.com,"$43,224.10",147.34,GOLD
CUST-02683,John Martinez,MALE,43.0,2021-10-28,  Philadelphia  ,United Kingdom,john.martinez2683@example.com,"$86,064.48",104.85,silver
761,Thomas Davis,M,31.0,2024-05-19,San Diego,USA,thomas.davis761@example.com,"$66,995.16",197.71,gold
CUST-00751,Nancy Jones,F,33.0,"May 29, 2024",San Diego,Canada,nancy.jones751@example.com,"$75,621.07",247.22,silver
 CUST-01955 ,William Johnson,FEMALE,30.0,25-Feb-2022,PHILADELPHIA,Australia,william.johnson1955@example.com,"$78,059.95",413.35,
2993,Karen Williams,MALE,49.0,"September 05, 2022",PHILADELPHIA,Canada,karen.williams2993@example.com,"$37,113.90",88.12,Silver
2751,Charles Wilson,male,54.0,2024-02-14,Dallas,Australia,charles.wilson2751@example.com,"$42,846.24",124.12,GOLD
 CUST-02606 ,Sarah Jones,MALE,46.0,11/10/2021,New York,Canada,sarah.jones2606@example.com,"$25,861.10",169.61,bronze
 CUST-01584 ,Daniel Lopez,m ,32.0,"August 04, 2023",Philadelphia,United Kingdom,daniel.lopez1584@example.com,"$104,399.57",219.32,Gold
 CUST-01836 ,Elizabeth Miller,M,61.0,05/09/2024,San Diego,USA,elizabeth.miller1836@example.com,"$93,230.32",194.68,Bronze
CUST-02986,Thomas Anderson,male,68.0,2021-12-02,los angeles,Canada,thomas.anderson2986@example.com,"$56,726.43",192.03,Silver
 CUST-02287 ,Michael Jackson,f ,41.0,09/12/2023,Houston,Canada,michael.jackson2287@example.com,"$54,349.74",152.58,silver
CUST-02193,William Martin,FEMALE,56.0,"August 31, 2022",LOS ANGELES,United Kingdom,william.martin2193@example.com,"$65,375.20",173.72,GOLD
857,Matthew Martinez,Male,56.0,26-Apr-2024,los angeles,USA,matthew.martinez857@example.com,"$67,292.59",153.93,Bronze
2017,Mary Moore,m ,45.0,2023-12-08,Dallas,Canada,mary.moore2017@example.com,"$38,303.23",117.47,SILVER
 CUST-01922 ,Patricia Martin,male,49.0,2023-02-07,Austin,Canada,patricia.martin1922@example.com,,235.46,Silver
CUST-02699,William Jackson,FEMALE,41.0,07/10/2022,Houston,USA,william.jackson2699@example.com,"$67,701.50",128.77,gold
CUST-02308,Matthew Lopez,Male,16.0,2024-10-26,New York,USA,matthew.lopez2308@example.com,"$73,484.68",91.89,Bronze
 CUST-00921 ,John Johnson,Female,49.0,,San Antonio,Australia,john.johnson921@example.com,"$60,020.41",72.04,Gold
 CUST-00190 ,Joseph Wilson,FEMALE,22.0,2023-04-11,austin,USA,joseph.wilson190@example.com,"$80,149.57",94.09,BRONZE
CUST-02500,Daniel Gonzalez,M,48.0,10/08/2023,  Dallas  ,USA,daniel.gonzalez@@example..com,"$31,683.38",146.35,BRONZE
CUST-02320,Sarah Gonzalez,,56.0,2022-10-12,philadelphia,Canada,sarah.gonzalez2320@example.com,"$47,673.05",214.76,Gold
CUST-00972,David Garcia,m ,31.0,13/05/2022,Austin,Australia,david.garcia972@example.com,"$68,750.15",170.76,SILVER
 CUST-02543 ,Jennifer Johnson,female,56.0,12/17/2022,San Antonio,USA,jennifer.johnson2543@example.com,"$59,395.88",72.28,
CUST-01773,Mary Brown,Female,33.0,"November 03, 2024",  Philadelphia  ,United Kingdom,mary.brown1773@example.com,"$51,169.83",48.89,BRONZE
CUST-00863,Robert Anderson,Female,24.0,16-Jul-2024,LOS ANGELES,USA,robert.anderson863@example.com,"$45,942.20",217.23,gold
CUST-01976,David Taylor,,18.0,2021-03-24,DALLAS,Australia,david.taylor1976@example.com,"$94,502.79",127.74,Silver
70,William Davis,FEMALE,39.0,05/10/2023,Chicago,United Kingdom,,"$999,999,999.00",21.12,silver
 CUST-02277 ,Patricia Smith,M,47.0,"January 05, 2022",chicago,Australia,patricia.smith2277@example.com,"$101,794.51",30.63,Bronze
CUST-00830,Betty Anderson,male,62.0,26-Dec-2023,Dallas,United Kingdom,betty.anderson830@example.com,"$43,866.18",9.44,silver
CUST-02758,John Davis,F,47.0,"July 20, 2022",HOUSTON,United Kingdom,john.davis2758@example.com,"$72,772.94",95.9,Bronze
CUST-00139,Lisa Jones,FEMALE,48.0,26/07/2023,DALLAS,USA,lisa.jones139@example.com,"$50,315.70",187.24,SILVER
969,William Jackson,Female,47.0,08/02/2024,San Diego,United Kingdom,william.jackson969@example.com,"$61,023.70",222.66,GOLD
CUST-01372,Lisa Anderson,m ,38.0,01-Sep-2024,  San Antonio  ,United Kingdom,lisa.anderson1372@example.com,"$80,443.68",204.46,Bronze
1663,Thomas Miller,f ,45.0,2021-03-07,San Diego,Australia,thomas.miller1663@example.com,"$77,897.26",310.31,silver
CUST-00719,Michael Smith,female,73.0,12/01/2021,san diego,USA,michael.smith719@example.com,"$60,883.63",231.01,GOLD
 CUST-00246 ,Matthew Moore,F,36.0,28-Sep-2022,  San Diego  ,Australia,matthew.moore246@example.com,"$56,032.69",43.4,Gold
CUST-00202,John Thomas,male,29.0,07/24/2023,Phoenix,USA,john.thomas202@example.com,"$62,983.47",272.16,Gold
CUST-00456,Linda Rodriguez,M,49.0,01/20/2022,Los Angeles,Australia,linda.rodriguez456@example.com,"$118,593.35",131.81,bronze
2598,Mary Martin,F,28.0,18/06/2024,CHICAGO,United Kingdom,mary.martin2598@example.com,"$108,188.61",251.6,silver
 CUST-02166 ,Richard Davis,Non-binary,58.0,08/12/2021,San Antonio,Australia,richard.davis2166@example.com,"$23,696.82",233.53,silver
1153,Richard Taylor,F,36.0,23-Jul-2021,Houston,USA,,"$57,742.81",90.81,Gold
 CUST-00117 ,Mary Johnson,Female,55.0,30-Aug-2022,phoenix,Australia,mary.johnson117@example.com,"$72,611.11",126.04,Gold
CUST-01480,John Gonzalez,male,68.0,11/02/2022,Austin,Australia,john.gonzalez1480@example.com,"$54,568.17",391.08,bronze
CUST-00732,Robert Anderson,f ,30.0,09/05/2023,PHOENIX,USA,robert.anderson732@example.com,"$58,099.02",172.81,Silver
 CUST-00219 ,Nancy Johnson,f ,41.0,16/07/2024,Chicago,United Kingdom,nancy.johnson219@example.com,"$91,492.96",284.01,Gold
CUST-01790,Charles Hernandez, Male,39.0,"April 16, 2022",San Antonio,Canada,charles.hernandez1790@example.com,"$62,933.20",25.61,silver
CUST-01655,Mary Johnson,male,53.0,14-Feb-2022,DALLAS,Australia,mary.johnson1655@example.com,"$81,613.07",213.61,Silver
CUST-00866,William Anderson,MALE,36.0,02-May-2024,New York,United Kingdom,william.anderson866@example.com,"$5,000,000.00",5.88,BRONZE
CUST-02155,Susan Hernandez,FEMALE,31.0,20/09/2024,  Los Angeles  ,Canada,susan.hernandez2155@example.com,"$73,514.04",213.15,bronze
CUST-01890,Linda Wilson,M,49.0,"October 02, 2022",LOS ANGELES,USA,linda.wilson1890@example.com,"$57,237.35",45.77,Bronze
CUST-02493,Thomas Gonzalez,FEMALE,44.0,03/10/2021,  Houston  ,Canada,thomas.gonzalez@@example..com,,194.31,Silver
 CUST-01661 ,Thomas Anderson,FEMALE,28.0,05/14/2022,San Antonio,Canada,thomas.anderson1661@example.com,"$89,609.54",187.61,Gold
CUST-02125,Charles Moore,M,29.0,2024-10-23,San Antonio,United Kingdom,charles.moore2125@example.com,,161.79,bronze
 CUST-00206 ,Robert Garcia,female,26.0,10-Apr-2023,  Los Angeles  ,Canada,robert.garcia206@example.com,"$89,562.41",232.4,GOLD
CUST-02638,Charles Brown,other,32.0,08/11/2024,Chicago,Australia,charles.brown2638@example.com,"$82,994.83",86.29,BRONZE
CUST-01300,Joseph Jackson,MALE,44.0,"August 14, 2021",San Diego,USA,joseph.jackson1300@example.com,"$69,663.05",89.55,silver
2643,Jennifer Davis,Other,31.0,"January 31, 2022",  New York  ,USA,jennifer.davis2643@example.com,"$46,800.30",267.6,Gold
CUST-00300,John Davis,F,200.0,04/04/2022,PHILADELPHIA,United Kingdom,john.davis@@example..com,"$51,666.42",13.86,silver
CUST-00708,David Miller,male,48.0,18-Sep-2022,Chicago,Australia,david.miller708@example.com,,97.05,Bronze
CUST-02182,Susan Davis,,32.0,12-Mar-2023,Los Angeles,USA,susan.davis2182@example.com,"$36,401.52",73.46,BRONZE
CUST-00022,John Gonzalez,male,37.0,09/28/2024,PHOENIX,Canada,john.gonzalez22@example.com,"$35,147.98",117.04,SILVER
CUST-01137,Thomas Rodriguez,m ,65.0,29/08/2024,houston,Australia,thomas.rodriguez1137@example.com,"$26,363.82",132.09,gold
2792,Lisa Jones,F,44.0,"December 30, 2024",San Diego,Australia,lisa.jones2792@example.com,"$92,043.32",277.98,Silver
 CUST-02309 ,Linda Hernandez,F,24.0,"November 22, 2023",  Philadelphia  ,Canada,linda.hernandez2309@example.com,"$63,643.51",163.82,GOLD
CUST-01444,Nancy Martin,f ,41.0,"July 27, 2022",  Chicago  ,USA,,"$66,017.73",228.05,
 CUST-01484 ,Linda Williams, Female,29.0,2022-05-25,san diego,Canada,linda.williams1484@example.com,"$69,470.50",384.03,Silver
1438,Karen Rodriguez,female,34.0,11-Sep-2022,  New York  ,Canada,karen.rodriguez1438@example.com,"$60,587.84",151.64,silver
2015,Patricia Martinez,Female,16.0,10/28/2024,Chicago,Canada,patricia.martinez2015@example.com,"$67,190.24",270.87,silver
CUST-01229,Daniel Davis,male,53.0,11-Jun-2021,DALLAS,Canada,daniel.davis1229@example.com,"$45,005.89",29.68,bronze
2378,Robert Williams,male,40.0,"May 26, 2021",Austin,Canada,robert.williams2378@example.com,"$5,000,000.00",198.61,Bronze
CUST-02264,Susan Lopez,F,35.0,31-May-2024,San Antonio,Canada,susan.lopez2264@example.com,"$8,000.00",-124.71,Bronze
CUST-02804,Patricia Martinez,F,62.0,"September 03, 2021",San Diego,Australia,patricia.martinez2804@example.com,"$53,852.03",25.51,
CUST-02088,Thomas Hernandez,other,25.0,"April 20, 2024",new york,United Kingdom,thomas.hernandez2088@example.com,"$48,859.03",94.47,SILVER
CUST-02484,Joseph Brown,Male,42.0,17/04/2022,Phoenix,Canada,joseph.brown2484@example.com,"$66,220.17",37.11,Silver
CUST-02284,Betty Williams, Male,40.0,09-Apr-2021,Philadelphia,United Kingdom,,"$80,943.04",142.03,silver
CUST-00042,Elizabeth Jones, Male,27.0,"July 19, 2023",Houston,Canada,elizabeth.jones42@example.com,"$78,471.17",73.85,GOLD
 CUST-02466 ,Lisa Smith,Female,33.0,"February 19, 2023",CHICAGO,United Kingdom,lisa.smith2466@example.com,"$66,486.60",195.88,BRONZE
CUST-00685,Lisa Miller,f ,16.0,"November 07, 2023",PHOENIX,Canada,lisa.miller685@example.com,"$51,915.86",68.54,bronze
CUST-02954,Thomas Brown,Female,17.0,17/02/2022,  San Antonio  ,Australia,thomas.brown2954@example.com,"$120,213.54",163.81,bronze
CUST-02361,Mary Johnson, Male,44.0,20/06/2024,PHOENIX,Canada,mary.johnson2361@example.com,"$45,004.00",25.59,
 CUST-00800 ,Robert Miller,O,45.0,"August 06, 2022",Austin,Australia,robert.miller800@example.com,"$56,549.18",72.1,GOLD
2845,Linda Smith,f ,32.0,09/21/2024,new york,USA,linda.smith2845@example.com,"$101,454.34",308.52,bronze
CUST-02930,Robert Thomas,MALE,30.0,08/06/2021,austin,United Kingdom,robert.thomas2930@example.com,"$88,139.05",180.27,GOLD
CUST-01278,Richard Martinez,MALE,58.0,07-Oct-2023,New York,USA,richard.martinez1278@example.com,"$43,706.71",45.78,SILVER
 CUST-01347 ,Charles Jackson,Female,16.0,"October 20, 2023",Dallas,Canada,charles.jackson1347@example.com,"$71,543.70",276.61,gold
1128,Sarah Johnson,female,49.0,01/05/2022,houston,Canada,sarah.johnson1128@example.com,"$69,262.61",95.05,BRONZE
CUST-02241,Daniel Smith,other,44.0,2024-08-30,  New York  ,United Kingdom,daniel.smith2241@example.com,"$67,145.91",225.0,Silver
 CUST-01866 ,Patricia Moore,female,42.0,03/03/2021,Houston,United Kingdom,patricia.moore1866@example.com,"$25,745.99",198.15,GOLD
CUST-01844,Sarah Smith, Male,41.0,19-Dec-2023,dallas,USA,sarah.smith1844@example.com,"$99,424.14",88.28,
CUST-01417,Jennifer Miller,female,23.0,2023-09-21,san antonio,Canada,jennifer.miller1417@example.com,"$84,809.44",83.63,bronze
CUST-00705,Charles Wilson,Non-binary,28.0,25-Feb-2022,Dallas,United Kingdom,charles.wilson705@example.com,"$69,174.62",87.67,bronze
CUST-00772,Karen Wilson,f ,,11/24/2021,Chicago,Canada,karen.wilson772@example.com,"$40,734.26",156.16,Silver
CUST-01336,Charles Miller,other,53.0,"January 12, 2022",Los Angeles,Australia,charles.miller1336@example.com,"$5,000,000.00",38.47,Silver
 CUST-00528 ,Susan Williams,m ,23.0,2022-05-22,  New York  ,Canada,susan.williams528@example.com,"$47,217.81",88.28,bronze
CUST-00489,Betty Martin,m ,37.0,18/09/2021,SAN ANTONIO,Canada,betty.martin489@example.com,"$90,021.73",10.82,
CUST-01350,Sarah Davis,male,58.0,09/27/2022,San Antonio,Canada,sarah.davis1350@example.com,"$63,033.16",224.43,BRONZE
CUST-01731,Elizabeth Jackson,M,16.0,06/12/2022,philadelphia,Australia,elizabeth.jackson1731@example.com,"$47,789.12",208.37,gold
CUST-02096,Patricia Lopez,female,45.0,25-Jul-2024,San Diego,USA,patricia.lopez2096@example.com,"$68,011.80",46.56,gold
1756,Charles Smith, Male,30.0,18-Mar-2024,san diego,USA,charles.smith1756@example.com,"$94,523.37",377.48,Bronze
CUST-00902,Richard Wilson,O,28.0,08/17/2022,  Phoenix  ,USA,richard.wilson902@example.com,"$73,348.68",198.62,Silver
CUST-01552,Nancy Thomas,female,27.0,13/05/2023,  Houston  ,United Kingdom,nancy.thomas1552@example.com,"$60,177.95",246.58,GOLD
CUST-02789,Michael Jones,female,42.0,"February 04, 2023",Austin,Canada,michael.jones2789@example.com,"$72,702.84",63.19,bronze
CUST-02670,William Garcia, Male,45.0,01/12/2021,SAN DIEGO,Australia,william.garcia2670@example.com,"$64,964.09",177.79,Bronze
CUST-02563,Jessica Hernandez,FEMALE,39.0,02/15/2022,san diego,USA,jessica.hernandez2563@example.com,"$80,907.14",86.59,
1412,Karen Jackson,f ,41.0,12/16/2021,Chicago,Australia,karen.jackson1412@example.com,"$86,740.67",164.26,SILVER
680,Sarah Jackson,male,66.0,2023-09-10,AUSTIN,Canada,sarah.jackson680@example.com,"$64,340.89",199.31,bronze
CUST-01777,Linda Rodriguez,F,62.0,04/29/2022,PHILADELPHIA,Canada,linda.rodriguez1777@example.com,"$77,115.77",209.19,GOLD
CUST-00222,Daniel Moore,f ,44.0,04/09/2021,austin,Canada,daniel.moore222@example.com,"$46,682.08",102.31,Gold
CUST-02959,Michael Rodriguez,Female,54.0,"February 06, 2022",Houston,Australia,michael.rodriguez2959@example.com,"$38,486.20",73.97,silver
 CUST-00994 ,Lisa Jones,Other,47.0,2022-09-08,PHOENIX,Australia,lisa.jones994@example.com,"$46,524.66",159.48,SILVER
 CUST-02084 ,Elizabeth Brown,Female,36.0,2024-02-24,phoenix,Canada,elizabeth.brown2084@example.com,"$53,239.88",215.79,gold
 CUST-00551 ,Nancy Johnson,f ,55.0,2022-05-27,  Houston  ,United Kingdom,nancy.johnson551@example.com,"$52,491.40",45.66,Bronze
418,Daniel Davis,MALE,16.0,,Chicago,Canada,daniel.davis418@example.com,"$66,015.62",59.13,Bronze
CUST-02116,John Jackson,FEMALE,39.0,12/04/2024,Philadelphia,United Kingdom,john.jackson2116@example.com,"$89,893.40",79.22,gold
1682,Jessica Moore,Male,35.0,"February 01, 2021",San Antonio,Canada,jessica.moore1682@example.com,"$38,250.43",100.32,
 CUST-00045 ,Linda Jackson,O,28.0,10/25/2023,CHICAGO,Canada,linda.jackson45@example.com,"$59,438.12",,bronze
 CUST-02814 ,Elizabeth Thomas,female,42.0,"May 04, 2021",PHILADELPHIA,Australia,elizabeth.thomas2814@example.com,"$94,569.97",198.06,silver
356,Nancy Martin, Male,64.0,2023-03-04,San Antonio,USA,nancy.martin356@example.com,"$60,511.32",166.74,Gold
811,Susan Taylor,f ,42.0,11/03/2024,Dallas,USA,,"$64,034.22",241.99,silver
CUST-02638,Charles Brown,other,32.0,08/11/2024,Chicago,Australia,charles.brown2638@example.com,"$82,994.83",86.29,BRONZE
 CUST-00794 ,Sarah Thomas,m ,41.0,16-Nov-2022,Phoenix,Australia,sarah.thomas794@example.com,"$81,899.13",102.58,gold
 CUST-00179 ,Jessica Hernandez,F,45.0,2022-02-27,Philadelphia,United Kingdom,jessica.hernandez179@example.com,"$42,674.51",297.69,silver
1637,Jessica Anderson,m ,48.0,"July 06, 2023",New York,USA,jessica.anderson1637@example.com,,73.77,silver
CUST-01009,Sarah Anderson, Male,39.0,01-Aug-2021,CHICAGO,Australia,sarah.anderson1009@example.com,"$58,473.42",83.67,gold
 CUST-01554 ,Charles Martin,Female,27.0,11/26/2021,Los Angeles,Canada,charles.martin1554@example.com,"$95,036.31",166.8,
CUST-02854,Matthew Moore,F,41.0,2022-08-26,San Antonio,Canada,matthew.moore2854@example.com,"$65,137.21",2.3,Gold
 CUST-01227 ,Karen Jones,m ,23.0,18/06/2023,Houston,Canada,karen.jones1227@example.com,"$68,882.52",54.37,silver
CUST-00582,Betty Martinez,Other,37.0,23/12/2024,Austin,Australia,betty.martinez582@example.com,"$75,743.98",151.6,
 CUST-00252 ,Richard Thomas,Male,32.0,20/11/2022,  San Antonio  ,United Kingdom,richard.thomas252@example.com,"$70,062.52",112.99,silver
 CUST-01683 ,Lisa Davis,MALE,33.0,06/29/2021,New York,Australia,lisa.davis1683@example.com,"$27,234.05",101.82,SILVER
 CUST-01380 ,Michael Garcia,Female,22.0,04/19/2022,New York,USA,michael.garcia1380@example.com,"$97,650.62",196.89,gold
 CUST-02243 ,Sarah Brown,MALE,33.0,11/10/2023,New York,Australia,sarah.brown2243@example.com,"$59,382.11",113.66,silver
519,Jennifer Brown,male,200.0,2021-11-23,san diego,Canada,jennifer.brown519@example.com,"$74,574.84",261.39,bronze
 CUST-01686 ,Susan Anderson,m ,20.0,11/06/2024,  San Diego  ,Canada,susan.anderson1686@example.com,"$32,339.49",112.09,
CUST-02963,Mary Williams,female,27.0,08/14/2022,LOS ANGELES,Canada,mary.williams2963@example.com,"$77,974.26",56.85,SILVER
CUST-02226,Linda Taylor,m ,37.0,16-Jan-2021,  Phoenix  ,Australia,linda.taylor2226@example.com,"$78,259.92",213.37,Bronze
1562,Matthew Rodriguez,Female,51.0,31-Oct-2024,SAN ANTONIO,United Kingdom,matthew.rodriguez1562@example.com,"$45,898.09",224.97,Silver
1742,James Anderson,f ,46.0,"June 03, 2024",San Antonio,USA,james.anderson1742@example.com,"$106,269.31",270.99,Bronze
CUST-00001,Joseph Moore,MALE,58.0,06/11/2023,DALLAS,Canada,joseph.moore1@example.com,"$23,206.18",136.32,Gold
CUST-00881,Daniel Martinez,Female,42.0,26-Dec-2022,Los Angeles,USA,daniel.martinez881@example.com,"$79,215.73",50.13,BRONZE
CUST-00033,Nancy Williams,MALE,64.0,2021-11-30,PHOENIX,United Kingdom,nancy.williams33@example.com,"$39,727.89",209.82,Silver
CUST-02748,Robert Johnson,M,28.0,05/10/2024,San Diego,Canada,robert.johnson2748@example.com,"$77,555.59",91.16,Silver
 CUST-01827 ,Mary Brown,female,48.0,2022-03-23,LOS ANGELES,Australia,mary.brown1827@example.com,"$60,527.98",226.85,Bronze
 CUST-00560 ,Jessica Lopez,m ,39.0,"September 25, 2023",Austin,United Kingdom,jessica.lopez560@example.com,"$16,636.11",161.58,Gold
1950,Betty Lopez,MALE,,24/06/2022,New York,USA,betty.lopez1950@example.com,"$67,439.28",111.54,Bronze
CUST-02977,Linda Miller,F,22.0,"June 23, 2023",Houston,USA,linda.miller2977@example.com,"$91,568.61",99.82,GOLD
CUST-01631,James Brown, Male,18.0,25/02/2023,New York,Canada,james.brown1631@example.com,"$37,231.87",208.91,BRONZE
CUST-01004,Sarah Gonzalez,Female,27.0,19/09/2024,Austin,USA,sarah.gonzalez1004@example.com,"$31,218.96",,Gold
CUST-02522,Jessica Wilson,male,51.0,08/14/2021,Los Angeles,Canada,jessica.wilson2522@example.com,"$67,335.13",159.19,Gold
2357,Patricia Garcia, Male,26.0,03-Apr-2023,New York,Canada,patricia.garcia2357@example.com,,111.94,SILVER
CUST-02419,Mary Gonzalez,MALE,65.0,07/04/2021,chicago,Australia,mary.gonzalez2419@example.com,"$65,931.89",275.43,
1524,Matthew Taylor,Female,37.0,19/07/2021,Austin,Australia,matthew.taylor1524@example.com,"$65,629.97",123.67,Gold
 CUST-02608 ,Mary Thomas,female,43.0,13/09/2021,houston,Australia,mary.thomas2608@example.com,"$68,077.85",43.67,SILVER
CUST-00265,John Martin,female,37.0,26-Feb-2023,Houston,United Kingdom,john.martin265@example.com,"$40,765.69",186.52,
CUST-00185,Jennifer Miller,MALE,17.0,21/03/2021,new york,Canada,jennifer.miller185@example.com,"$37,675.70",172.71,BRONZE
CUST-00407,Thomas Garcia,Female,22.0,"January 14, 2021",philadelphia,Australia,thomas.garcia407@example.com,"$52,987.33",55.3,Gold
CUST-00912,Betty Thomas,M,49.0,2021-07-01,san antonio,United Kingdom,betty.thomas912@example.com,"$59,332.94",72.49,Gold
CUST-01937,Lisa Gonzalez,Male,36.0,"January 09, 2022",  Philadelphia  ,USA,lisa.gonzalez1937@example.com,"$93,233.31",50.13,bronze
CUST-01232,Mary Jackson,male,44.0,15-Jan-2023,Los Angeles,Canada,mary.jackson1232@example.com,"$32,843.78",24.79,gold
 CUST-02775 ,Mary Martin,male,64.0,2022-08-11,New York,Canada,mary.martin2775@example.com,"$72,819.94",82.63,SILVER
CUST-01527,Michael Williams,female,63.0,2024-10-14,San Antonio,United Kingdom,michael.williams1527@example.com,"$83,421.83",191.34,Bronze
CUST-01202,Karen Rodriguez,M,41.0,,DALLAS,USA,karen.rodriguez1202@example.com,"$71,944.66",75.25,Bronze
CUST-01632,Matthew Rodriguez,Female,55.0,04-Jul-2022,San Antonio,United Kingdom,matthew.rodriguez1632@example.com,"$42,124.44",217.13,SILVER
CUST-01633,Nancy Williams,F,34.0,02/15/2024,Houston,USA,nancy.williams1633@example.com,"$39,662.59",107.56,BRONZE
 CUST-01575 ,Karen Hernandez,Male,36.0,23-Mar-2021,San Diego,United Kingdom,karen.hernandez1575@example.com,"$66,706.04",249.43,Bronze
CUST-01418,Susan Jones,FEMALE,43.0,01/06/2022,New York,Australia,susan.jones1418@example.com,"$96,651.15",-339.66,Silver
CUST-00495,Sarah Rodriguez,O,16.0,"September 30, 2021",San Antonio,Canada,sarah.rodriguez495@example.com,"$61,619.07",,Silver
CUST-02828,David Thomas,FEMALE,31.0,28/09/2022,Chicago,USA,david.thomas2828@example.com,"$57,107.87",78.52,silver
2526,Nancy Brown,f ,57.0,08/09/2023,Chicago,Australia,nancy.brown2526@example.com,"$93,698.36",59.36,SILVER
9,Elizabeth Smith,Female,76.0,"June 16, 2022",LOS ANGELES,Australia,elizabeth.smith9@example.com,"$66,031.14",146.99,Silver
 CUST-00520 ,Karen Martin, Male,47.0,16/04/2022,  DALLAS  ,Canada,karen.martin520@example.com,"$103,345.71",142.73,GOLD
CUST-00428,Robert Miller,female,33.0,09/11/2023,  Houston  ,United Kingdom,robert.miller428@example.com,"$27,232.16",133.92,GOLD
CUST-01394,Michael Anderson,male,44.0,,Dallas,United Kingdom,michael.anderson1394@example.com,"$86,782.03",,gold
CUST-00403,Betty Lopez,other,42.0,2024-02-29,Dallas,USA,betty.lopez403@example.com,,292.35,BRONZE
CUST-01239,Daniel Gonzalez,M,50.0,2022-03-10,NEW YORK,Australia,daniel.gonzalez1239@example.com,"$78,504.57",114.44,Gold
 CUST-02966 ,Patricia Garcia,MALE,38.0,27-Nov-2024,Phoenix,United Kingdom,patricia.garcia2966@example.com,"$50,229.33",254.92,Bronze
CUST-02343,David Garcia,M,45.0,06/13/2024,San Diego,United Kingdom,david.garcia2343@example.com,"$33,153.78",50.38,Gold
2992,Thomas Thomas,M,39.0,06-Sep-2021,dallas,USA,thomas.thomas2992@example.com,"$30,214.36",346.94,Gold
CUST-02744,Charles Johnson,M,27.0,10/06/2023,Phoenix,Canada,charles.johnson2744@example.com,"$42,018.47",251.65,Bronze
CUST-02259,David Garcia,male,56.0,"October 28, 2022",san diego,United Kingdom,,"$56,364.76",191.16,SILVER
1367,James Williams, Female,24.0,30-Mar-2024,Chicago,Canada,james.williams1367@example.com,"$25,550.21",-105.64,Gold
CUST-02313,Richard Garcia,F,23.0,06/27/2021,Dallas,Australia,richard.garcia2313@example.com,,280.45,Gold
 CUST-01062 ,Susan Williams,M,16.0,"January 16, 2021",Philadelphia,Canada,susan.williams1062@example.com,"$39,080.13",198.61,Bronze
CUST-01355,Elizabeth Williams,Female,55.0,10/24/2024,Austin,United Kingdom,elizabeth.williams1355@example.com,"$90,280.28",179.9,gold
CUST-02554,Charles Taylor,female,41.0,01/23/2022,Dallas,United Kingdom,charles.taylor2554@example.com,"$77,165.17",195.94,Silver
CUST-01234,James Davis,M,49.0,17-Oct-2023,Los Angeles,Canada,james.davis1234@example.com,"$48,067.35",268.79,gold
CUST-00005,Robert Johnson,Male,37.0,02/02/2021,HOUSTON,USA,robert.johnson5@example.com,"$74,570.53",189.32,GOLD
CUST-01294,Daniel Williams,FEMALE,52.0,2024-08-27,New York,Australia,daniel.williams1294@example.com,"$84,667.48",157.84,Silver
 CUST-00683 ,Matthew Brown,,41.0,18-Aug-2021,SAN ANTONIO,USA,,"$77,685.15",194.78,Silver
CUST-01938,Linda Miller,M,32.0,,  Houston  ,Australia,linda.miller1938@example.com,"$56,097.90",78.18,BRONZE
1025,David Hernandez,m ,40.0,08/24/2021,Dallas,United Kingdom,david.hernandez1025@example.com,"$106,203.66",106.31,gold
CUST-00015,Karen Miller,MALE,45.0,"January 20, 2024",Houston,Canada,karen.miller15@example.com,"$69,064.93",,GOLD
2185,John Moore,MALE,18.0,25/07/2021,San Antonio,USA,john.moore2185@example.com,"$49,027.42",1.24,BRONZE
CUST-01363,Susan Taylor,M,47.0,"September 01, 2024",New York,United Kingdom,susan.taylor1363@example.com,"$64,584.56",132.88,SILVER
 CUST-00366 ,Linda Brown,O,36.0,2024-02-01,Philadelphia,United Kingdom,linda.brown366@example.com,"$85,455.09",24.57,GOLD
CUST-02005,David Jones,m ,52.0,"April 15, 2023",  Austin  ,Canada,david.jones2005@example.com,"$88,105.52",29.87,Bronze
CUST-01983,Thomas Wilson,F,44.0,"August 13, 2024",Philadelphia,Canada,thomas.wilson1983@example.com,"$57,415.82",53.93,bronze
CUST-00548,Jennifer Lopez, Female,33.0,2021-08-06,Philadelphia,USA,jennifer.lopez548@example.com,"$54,579.53",84.37,Gold
2471,Mary Garcia,,47.0,15/08/2024,  San Diego  ,Canada,mary.garcia2471@example.com,"$50,897.59",162.77,BRONZE
CUST-01428,Jennifer Miller,m ,34.0,08/21/2021,dallas,United Kingdom,jennifer.miller1428@example.com,"$58,004.03",42.4,GOLD
1667,Nancy Wilson,male,54.0,2022-10-19,  Phoenix  ,Canada,nancy.wilson1667@example.com,"$73,978.21",183.76,GOLD
CUST-01972,Betty Johnson,female,59.0,02/20/2022,Philadelphia,Australia,betty.johnson1972@example.com,"$40,767.75",164.32,silver
 CUST-00520 ,Karen Martin, Male,47.0,16/04/2022,  Dallas  ,Canada,karen.martin520@example.com,"$103,345.71",142.73,GOLD
CUST-00884,Charles Garcia,m ,41.0,09/03/2021,Austin,USA,charles.garcia884@example.com,"$69,192.91",44.92,silver
CUST-00598,Jessica Thomas, Male,50.0,03/04/2024,PHILADELPHIA,Canada,jessica.thomas598@example.com,"$81,964.53",41.63,
CUST-00162,Lisa Gonzalez, Male,36.0,10/06/2024,Los Angeles,Australia,lisa.gonzalez162@example.com,"$36,300.40",,Silver
CUST-00100,Patricia Rodriguez,M,50.0,10-Jun-2022,PHILADELPHIA,Australia,patricia.rodriguez100@example.com,"$-15,000.00",,gold
CUST-00113,Betty Taylor,male,34.0,07-Jul-2023,chicago,Canada,betty.taylor113@example.com,"$73,878.48",183.18,silver
 CUST-02090 ,Lisa Gonzalez,female,40.0,05-Sep-2024,  Phoenix  ,Canada,lisa.gonzalez2090@example.com,"$39,416.49",178.87,bronze
 CUST-01076 ,Karen Johnson,male,16.0,2023-08-07,  Chicago  ,Canada,karen.johnson1076@example.com,"$77,477.35",101.57,
CUST-01387,Jessica Moore,FEMALE,49.0,28/02/2023,Los Angeles,United Kingdom,jessica.moore1387@example.com,"$70,825.55",,BRONZE
 CUST-02486 ,Michael Martinez,female,,03/08/2023,Phoenix,United Kingdom,michael.martinez2486@example.com,"$84,639.26",18.42,Gold
CUST-01104,Betty Taylor, Female,,,houston,USA,betty.taylor1104@example.com,"$38,261.40",122.07,
CUST-00004,Daniel Martin, Female,16.0,,chicago,USA,daniel.martin4@example.com,"$75,174.91",231.01,SILVER
CUST-00691,Joseph Jones,FEMALE,39.0,21-May-2024,Dallas,United Kingdom,joseph.jones691@example.com,"$45,997.47",,Gold
 CUST-02201 ,Sarah Brown,F,17.0,2021-01-28,san diego,Canada,sarah.brown2201@example.com,"$999,999,999.00",187.38,Bronze
CUST-00147,Jennifer Lopez,female,33.0,"October 01, 2022",Houston,Australia,jennifer.lopez147@example.com,"$62,939.89",20.82,BRONZE
 CUST-01776 ,David Jones,f ,36.0,05/12/2024,Austin,USA,david.jones1776@example.com,"$104,351.70",154.18,GOLD
 CUST-01115 ,Jennifer Thomas, Male,49.0,05/02/2024,new york,USA,jennifer.thomas1115@example.com,"$46,586.47",,silver
CUST-01610,Joseph Lopez,female,33.0,12/18/2023,New York,United Kingdom,joseph.lopez1610@example.com,"$59,684.96",60.2,BRONZE
 CUST-02883 ,Charles Martin,Male,22.0,17/06/2023,  New York  ,Canada,charles.martin2883@example.com,"$46,418.80",313.17,
CUST-01560,Matthew Wilson,f ,58.0,05/30/2023,Los Angeles,Canada,matthew.wilson1560@example.com,"$75,554.07",2.56,SILVER
2153,Patricia Martinez,MALE,42.0,2022-04-28,San Antonio,Canada,patricia.martinez2153@example.com,"$56,436.99",187.27,GOLD
566,James Brown,Female,36.0,2022-07-21,philadelphia,United Kingdom,,"$67,045.53",93.02,silver
2725,James Brown,F,52.0,21/04/2024,PHILADELPHIA,USA,james.brown2725@example.com,"$84,909.15",263.87,BRONZE
CUST-02716,Robert Brown,M,17.0,2024-04-13,austin,United Kingdom,robert.brown2716@example.com,"$48,067.77",250.58,Bronze
CUST-01807,Karen Gonzalez,M,48.0,"October 12, 2022",Chicago,Canada,karen.gonzalez1807@example.com,"$45,794.57",218.97,gold
 CUST-00644 ,Mary Martinez,MALE,45.0,21-Feb-2023,Dallas,United Kingdom,mary.martinez644@example.com,"$100,525.82",290.71,bronze
649,James Anderson,m ,35.0,"June 05, 2022",chicago,USA,james.anderson649@example.com,"$43,087.64",157.44,
CUST-02303,David Hernandez,female,41.0,,Dallas,USA,david.hernandez2303@example.com,"$91,500.97",73.33,Silver
961,Matthew Hernandez,,49.0,12/01/2023,Los Angeles,USA,matthew.hernandez961@example.com,"$90,149.34",76.49,SILVER
 CUST-02820 ,Richard Taylor,MALE,20.0,2021-06-09,houston,United Kingdom,richard.taylor2820@example.com,"$64,775.86",266.14,silver
CUST-02551,Jennifer Gonzalez,female,52.0,25/05/2022,Phoenix,USA,jennifer.gonzalez2551@example.com,"$74,087.93",234.94,gold
 CUST-00021 ,Susan Lopez,f ,48.0,12/05/2022,Chicago,Australia,susan.lopez21@example.com,"$51,885.93",85.07,SILVER
2027,David Hernandez,M,34.0,07/26/2021,Austin,USA,david.hernandez2027@example.com,"$60,374.20",248.17,Gold
CUST-00727,Charles Moore,Male,24.0,02-Aug-2021,San Diego,USA,charles.moore727@example.com,"$65,556.97",111.37,bronze
CUST-00445,Karen Martinez,male,31.0,,PHILADELPHIA,Canada,karen.martinez445@example.com,"$100,632.18",135.3,BRONZE
CUST-00989,Robert Moore,F,51.0,2021-05-18,AUSTIN,USA,robert.moore@@example..com,"$43,085.05",-49.07,silver
CUST-00397,James Garcia,m ,70.0,25-May-2024,Phoenix,United Kingdom,james.garcia397@example.com,"$62,751.71",40.66,GOLD
CUST-02714,Sarah Brown,Male,34.0,04-Apr-2023,Phoenix,Australia,sarah.brown2714@example.com,"$39,013.89",157.8,bronze
CUST-01523,Linda Johnson,FEMALE,44.0,2021-07-29,dallas,Canada,linda.johnson1523@example.com,"$42,888.33",168.66,Bronze
CUST-01551,Betty Jackson,F,52.0,24-Jul-2023,Phoenix,United Kingdom,betty.jackson1551@example.com,"$37,550.61",177.24,bronze
CUST-01952,Lisa Taylor,M,,23-Feb-2022,PHILADELPHIA,USA,lisa.taylor1952@example.com,"$60,214.76",177.59,gold
CUST-00849,James Anderson,male,31.0,23-Nov-2024,  Dallas  ,Canada,james.anderson849@example.com,"$50,889.53",216.85,Gold
CUST-02796,Daniel Hernandez,m ,44.0,2021-01-31,Phoenix,Canada,daniel.hernandez2796@example.com,"$31,204.09",244.35,Silver
1277,Joseph Davis, Female,30.0,2021-03-01,Dallas,USA,joseph.davis1277@example.com,"$53,998.53",34.68,Gold
 CUST-02095 ,Jennifer Miller,Male,58.0,19-Oct-2023,  Austin  ,Australia,jennifer.miller2095@example.com,"$73,266.99",138.36,Bronze
 CUST-02603 ,Sarah Taylor,M,16.0,10/25/2023,Austin,United Kingdom,sarah.taylor2603@example.com,"$75,841.64",108.06,BRONZE
 CUST-02097 ,Thomas Martinez,F,22.0,07/06/2021,LOS ANGELES,Canada,thomas.martinez2097@example.com,"$86,847.24",217.46,Gold
CUST-02451,Jennifer Hernandez,Female,50.0,2024-11-21,Chicago,USA,jennifer.hernandez2451@example.com,"$77,225.57",20.22,BRONZE
 CUST-02732 ,Patricia Wilson,M,50.0,30-Jan-2021,Philadelphia,USA,patricia.wilson2732@example.com,"$66,475.94",166.75,Gold
CUST-01114,Jennifer Lopez,m ,33.0,2022-11-06,phoenix,USA,jennifer.lopez1114@example.com,"$53,220.21",167.29,silver
 CUST-00128 ,Susan Hernandez,M,55.0,2022-04-08,Philadelphia,Australia,susan.hernandez128@example.com,"$60,984.40",118.56,SILVER
CUST-00276,Matthew Rodriguez,M,16.0,26-Jan-2022,chicago,United Kingdom,matthew.rodriguez276@example.com,"$74,428.55",65.29,Silver
CUST-01501,Nancy Brown,M,56.0,08-Dec-2024,houston,Australia,nancy.brown1501@example.com,"$86,191.81",204.62,silver
CUST-00288,Daniel Gonzalez,F,32.0,18-Nov-2021,houston,USA,daniel.gonzalez288@example.com,"$86,712.68",186.38,silver
CUST-02799,Karen Anderson,MALE,,08/08/2024,Philadelphia,Australia,karen.anderson2799@example.com,"$46,137.77",9.93,Silver
 CUST-00501 ,Matthew Garcia,O,29.0,07/21/2024,San Antonio,United Kingdom,matthew.garcia501@example.com,"$35,872.95",149.7,Bronze
CUST-02873,Patricia Jackson,f ,57.0,2023-07-04,Chicago,United Kingdom,patricia.jackson2873@example.com,"$65,178.37",70.47,GOLD
CUST-00796,Linda Jones, Female,33.0,2022-03-19,CHICAGO,United Kingdom,linda.jones796@example.com,"$78,894.20",125.95,silver
CUST-00316,David Rodriguez, Male,54.0,"August 19, 2022",philadelphia,Canada,david.rodriguez316@example.com,"$52,410.30",270.63,SILVER
 CUST-02790 ,Jennifer Martin,F,45.0,"December 03, 2023",Austin,USA,jennifer.martin2790@example.com,"$110,422.20",-384.78,bronze
2408,Michael Hernandez,FEMALE,41.0,11/30/2021,  San Diego  ,USA,michael.hernandez2408@example.com,"$75,728.34",301.14,BRONZE
CUST-01253,Robert Garcia,f ,47.0,09-Jan-2024,LOS ANGELES,Australia,robert.garcia1253@example.com,"$36,818.69",2.0,silver
 CUST-01724 ,William Miller, Male,22.0,11-Dec-2024,San Antonio,USA,william.miller1724@example.com,"$27,303.92",231.47,SILVER
CUST-02072,Lisa Davis,female,48.0,25/05/2021,San Antonio,USA,lisa.davis2072@example.com,,59.91,SILVER
 CUST-00012 ,Daniel Miller, Male,47.0,28-Feb-2024,Philadelphia,USA,daniel.miller12@example.com,"$58,526.58",156.35,bronze
CUST-00891,James Taylor,M,61.0,2023-06-22,Philadelphia,Canada,james.taylor891@example.com,,185.97,GOLD
 CUST-02225 ,William Johnson,MALE,54.0,10/09/2022,New York,Australia,william.johnson2225@example.com,"$81,679.63",109.48,silver
 CUST-01813 ,Karen Davis, Male,66.0,08/06/2023,Houston,Australia,karen.davis1813@example.com,"$98,528.39",171.43,silver
CUST-02221,William Wilson,Male,34.0,07/24/2023,Austin,USA,william.wilson2221@example.com,"$81,071.90",170.01,bronze
 CUST-00071 ,Sarah Taylor,M,16.0,2023-04-29,houston,Australia,sarah.taylor71@example.com,"$58,533.50",66.29,SILVER
 CUST-01107 ,Charles Jackson,,34.0,19-Jan-2022,Chicago,Australia,charles.jackson1107@example.com,"$69,852.64",153.29,Gold
CUST-00175,Thomas Hernandez,F,42.0,2023-07-18,Austin,Canada,thomas.hernandez175@example.com,"$25,151.10",43.35,silver
679,Mary Smith, Male,35.0,20-Apr-2021,AUSTIN,Australia,mary.smith679@example.com,"$73,373.76",110.73,
2665,Jennifer Martinez,F,29.0,02/07/2024,  Los Angeles  ,USA,jennifer.martinez2665@example.com,"$24,021.25",270.02,Silver
 CUST-00170 ,Mary Garcia,Female,24.0,08/09/2022,San Antonio,USA,mary.garcia170@example.com,"$48,626.73",202.0,GOLD
440,Nancy Williams,MALE,60.0,2023-10-09,Chicago,United Kingdom,nancy.williams440@example.com,"$78,038.85",189.22,Silver
CUST-01829,Richard Moore,M,19.0,19-Nov-2022,Los Angeles,USA,richard.moore1829@example.com,"$88,644.03",166.62,GOLD
CUST-01681,Elizabeth Hernandez,m ,38.0,2021-06-21,Los Angeles,USA,elizabeth.hernandez1681@example.com,"$71,415.78",275.03,Gold
 CUST-02322 ,Jennifer Wilson,MALE,44.0,2022-03-21,Houston,Canada,jennifer.wilson2322@example.com,"$62,519.88",82.95,
 CUST-01209 ,Nancy Thomas,Non-binary,40.0,24-Jun-2021,Phoenix,Australia,nancy.thomas1209@example.com,"$75,412.10",124.82,silver
CUST-02889,James Miller,FEMALE,42.0,09/03/2024,Houston,United Kingdom,james.miller2889@example.com,"$52,303.80",,SILVER
CUST-02135,Linda Martinez,M,39.0,02/22/2024,SAN DIEGO,United Kingdom,linda.martinez2135@example.com,"$44,110.48",61.82,Gold
1045,Susan Taylor,MALE,66.0,04/27/2024,Phoenix,USA,susan.taylor1045@example.com,"$58,256.23",32.07,GOLD
CUST-01201,John Davis,f ,59.0,05/31/2022,SAN DIEGO,United Kingdom,john.davis1201@example.com,"$50,325.28",,Bronze
CUST-02042,Patricia Rodriguez,Female,42.0,"January 03, 2022",San Diego,USA,patricia.rodriguez2042@example.com,"$42,139.50",121.24,BRONZE
CUST-01432,Karen Jackson,Female,47.0,19/11/2022,Chicago,USA,karen.jackson1432@example.com,"$31,597.07",332.72,Bronze
CUST-01203,Robert Williams,FEMALE,34.0,12/02/2021,San Diego,USA,robert.williams1203@example.com,"$56,467.83",153.29,Gold
 CUST-01200 ,Jennifer Jones,M,33.0,,Chicago,Australia,jennifer.jones1200@example.com,"$67,478.09",233.35,bronze
 CUST-02311 ,Michael Moore, Female,33.0,2022-03-27,CHICAGO,Australia,michael.moore2311@example.com,"$44,833.05",284.75,SILVER
 CUST-01162 ,Jessica Gonzalez,male,41.0,18-Jun-2021,San Diego,Australia,jessica.gonzalez1162@example.com,"$81,167.69",319.05,BRONZE
CUST-00559,Richard Hernandez,O,44.0,2024-12-21,  Dallas  ,USA,richard.hernandez559@example.com,"$99,526.98",173.98,BRONZE
770,Matthew Wilson,FEMALE,38.0,11-Dec-2021,Austin,United Kingdom,matthew.wilson770@example.com,"$90,754.49",3.27,
CUST-01831,Jennifer Wilson,Male,44.0,17/06/2021,HOUSTON,United Kingdom,jennifer.wilson1831@example.com,"$98,800.18",257.62,BRONZE
CUST-01881,Mary Brown,,54.0,"March 20, 2024",san diego,Canada,mary.brown1881@example.com,"$58,185.68",,bronze
CUST-02200,Joseph Brown,F,52.0,15-Mar-2024,NEW YORK,USA,joseph.brown2200@example.com,"$49,744.66",125.56,Bronze
CUST-00024,Nancy Williams,FEMALE,58.0,2023-04-04,Los Angeles,USA,nancy.williams24@example.com,"$102,586.61",225.14,Gold
CUST-02580,Elizabeth Jackson,m ,79.0,23/05/2023,HOUSTON,USA,elizabeth.jackson2580@example.com,"$84,923.13",165.22,silver
2459,Karen Johnson,f ,38.0,,Los Angeles,Canada,karen.johnson2459@example.com,"$39,071.67",94.18,GOLD
CUST-01856,Susan Smith,Female,62.0,2021-07-02,san antonio,United Kingdom,susan.smith1856@example.com,"$55,820.05",85.72,gold
2120,Betty Rodriguez,female,43.0,06/19/2022,Phoenix,Canada,betty.rodriguez2120@example.com,"$33,358.62",136.34,silver
CUST-01302,Charles Lopez,male,54.0,"April 22, 2024",san diego,Australia,charles.lopez1302@example.com,"$68,591.36",148.86,GOLD
CUST-02337,Susan Smith,m ,31.0,"June 29, 2024",Chicago,United Kingdom,susan.smith2337@example.com,"$84,128.82",50.7,Bronze
 CUST-00913 ,Karen Martin,MALE,17.0,"January 07, 2023",Austin,Canada,karen.martin913@example.com,"$49,895.09",87.79,BRONZE
 CUST-00467 ,William Miller,m ,32.0,18/03/2023,  Los Angeles  ,USA,william.miller467@example.com,"$76,008.32",51.64,Gold
CUST-00840,Patricia Garcia, Female,45.0,01/06/2021,San Diego,USA,patricia.garcia840@example.com,"$91,340.65",139.44,Gold
CUST-01516,Susan Williams,F,70.0,08/23/2023,Houston,United Kingdom,susan.williams1516@example.com,"$54,634.13",59.7,Gold
CUST-01327,David Davis,male,23.0,25-Apr-2021,San Antonio,Australia,david.davis1327@example.com,"$67,073.19",215.27,BRONZE
417,Susan Taylor, Male,55.0,03-Jun-2022,Dallas,United Kingdom,susan.taylor417@example.com,"$48,133.86",51.01,GOLD
CUST-02085,Robert Davis,M,57.0,13-Sep-2024,San Antonio,Australia,robert.davis2085@example.com,"$48,635.56",169.98,SILVER
CUST-00367,Linda Taylor, Male,38.0,"May 06, 2023",San Diego,USA,linda.taylor367@example.com,"$86,158.97",159.53,bronze
95,Patricia Smith,F,50.0,"September 11, 2023",new york,Canada,patricia.smith95@example.com,"$74,474.11",105.57,bronze
 CUST-03000 ,Matthew Lopez,FEMALE,16.0,03/14/2021,dallas,Australia,matthew.lopez3000@example.com,"$42,748.36",49.75,GOLD
CUST-01702,Richard Hernandez, Male,57.0,2024-04-04,NEW YORK,Australia,richard.hernandez1702@example.com,"$19,528.19",228.54,GOLD
CUST-02741,Patricia Williams,male,34.0,07/17/2021,los angeles,Canada,patricia.williams2741@example.com,"$9,216.08",47.09,gold
CUST-02144,Thomas Brown,M,25.0,17/05/2022,Dallas,USA,thomas.brown2144@example.com,"$53,037.96",74.43,gold
2028,Matthew Taylor,F,16.0,02/04/2021,Phoenix,Australia,matthew.taylor2028@example.com,"$53,318.05",65.99,bronze
CUST-01002,Karen Thomas,FEMALE,34.0,14-Apr-2024,New York,Australia,karen.thomas1002@example.com,"$98,644.33",133.35,Gold
CUST-02586,Linda Wilson,M,,21/01/2022,PHOENIX,United Kingdom,linda.wilson2586@example.com,"$64,242.00",90.49,Bronze
 CUST-02115 ,Susan Gonzalez,F,35.0,07/01/2022,San Diego,Canada,susan.gonzalez2115@example.com,"$56,244.62",11.67,Silver
2008,Daniel Anderson,female,46.0,09/03/2021,austin,Canada,daniel.anderson2008@example.com,"$52,239.88",152.4,gold
 CUST-02470 ,Charles Rodriguez,Male,53.0,05/24/2023,Austin,USA,charles.rodriguez2470@example.com,"$46,864.85",123.07,bronze
 CUST-00820 ,David Martinez, Male,,12-Oct-2022,Houston,Canada,david.martinez820@example.com,"$55,667.77",78.53,GOLD
 CUST-01865 ,Sarah Wilson,F,39.0,"July 25, 2023",  Houston  ,USA,sarah.wilson1865@example.com,,276.18,Bronze
CUST-01649,Thomas Wilson,FEMALE,49.0,03/26/2021,LOS ANGELES,USA,thomas.wilson1649@example.com,"$44,240.32",209.22,silver
CUST-00321,Michael Thomas,F,30.0,04/21/2021,los angeles,USA,michael.thomas321@example.com,"$54,885.22",216.12,gold
 CUST-01088 ,Daniel Martin,F,24.0,"April 15, 2021",HOUSTON,United Kingdom,,"$46,436.24",138.51,silver
CUST-02587,Jennifer Williams,M,39.0,24/02/2024,new york,USA,jennifer.williams2587@example.com,"$58,775.82",161.66,SILVER
CUST-01732,Patricia Martinez,F,50.0,"August 13, 2024",dallas,Canada,patricia.martinez1732@example.com,"$87,268.11",90.29,gold
CUST-02897,Michael Gonzalez,f ,58.0,"August 13, 2022",Austin,Australia,michael.gonzalez2897@example.com,"$90,446.60",90.89,bronze
CUST-00932,Charles Jones,Male,48.0,04-May-2021,houston,Australia,charles.jones932@example.com,"$53,083.55",149.71,Bronze
1140,Linda Rodriguez, Male,47.0,01/09/2021,Los Angeles,United Kingdom,linda.rodriguez1140@example.com,"$-15,000.00",38.91,gold
 CUST-02246 ,Charles Lopez,Male,29.0,19-Aug-2023,New York,USA,charles.lopez2246@example.com,"$35,090.84",38.05,bronze
 CUST-02187 ,Mary Jones, Female,26.0,2022-10-24,  Chicago  ,Canada,mary.jones2187@example.com,"$78,759.37",185.78,gold
CUST-02293,Susan Thomas,FEMALE,51.0,05/01/2021,CHICAGO,Australia,susan.thomas2293@example.com,"$92,313.49",184.05,Gold
CUST-02172,David Smith,,40.0,10/01/2023,Austin,United Kingdom,david.smith2172@example.com,,154.79,Gold
 CUST-01290 ,Nancy Hernandez,M,56.0,"March 24, 2022",Phoenix,USA,nancy.hernandez1290@example.com,"$49,090.24",186.13,gold
CUST-00653,Sarah Jones,FEMALE,21.0,2021-06-28,Austin,Canada,sarah.jones653@example.com,"$80,888.53",200.86,SILVER
CUST-00374,John Martinez, Male,35.0,05-Aug-2023,  New York  ,Australia,,"$72,730.51",257.12,
 CUST-01299 ,Richard Hernandez, Male,31.0,"June 25, 2024",philadelphia,Australia,richard.hernandez1299@example.com,"$73,058.19",144.46,SILVER
1579,Charles Garcia, Male,37.0,12/19/2023,New York,United Kingdom,charles.garcia1579@example.com,"$53,096.01",110.35,Gold
 CUST-01826 ,Lisa Brown,Non-binary,25.0,2023-11-17,  Houston  ,Australia,lisa.brown1826@example.com,"$49,022.91",13.99,SILVER
 CUST-00049 ,Robert Johnson,M,37.0,"October 29, 2024",New York,United Kingdom,robert.johnson49@example.com,"$91,107.65",128.1,SILVER
1852,Nancy Taylor,F,32.0,"October 26, 2024",san diego,Australia,,"$85,240.67",127.71,Bronze
 CUST-01948 ,Richard Martin,FEMALE,64.0,"January 04, 2024",New York,Australia,richard.martin1948@example.com,"$78,148.62",76.66,
CUST-02724,Susan Martin, Female,21.0,"July 13, 2023",Phoenix,Australia,,"$65,528.77",-198.49,GOLD
 CUST-00601 ,Jessica Davis, Male,31.0,15-Jul-2023,San Antonio,United Kingdom,jessica.davis601@example.com,"$36,675.87",152.42,
2189,Charles Jackson,female,50.0,"October 18, 2023",Phoenix,Australia,charles.jackson2189@example.com,"$39,438.73",214.5,bronze
CUST-00043,Lisa Anderson,MALE,16.0,06/01/2022,  Philadelphia  ,Australia,lisa.anderson43@example.com,"$55,206.40",292.82,gold
CUST-00174,David Martinez, Male,44.0,25/10/2023,Los Angeles,Australia,,"$12,165.68",211.47,Gold
CUST-01132,John Davis,m ,40.0,09-Aug-2021,HOUSTON,United Kingdom,john.davis1132@example.com,"$83,119.50",116.46,BRONZE
 CUST-02301 ,Jennifer Williams,female,50.0,"December 11, 2024",San Diego,Canada,jennifer.williams2301@example.com,"$49,951.78",133.1,bronze
CUST-01896,Susan Davis,F,75.0,2023-09-28,Philadelphia,United Kingdom,susan.davis1896@example.com,"$56,298.52",193.17,Gold
1258,Jennifer Smith,Female,43.0,03/01/2023,  Houston  ,USA,jennifer.smith1258@example.com,"$65,835.45",125.15,bronze
2317,Patricia Gonzalez,f ,66.0,2023-05-04,Austin,Canada,patricia.gonzalez2317@example.com,"$65,424.69",292.66,Bronze
CUST-01410,Michael Garcia,m ,44.0,"June 25, 2024",Chicago,USA,michael.garcia1410@example.com,"$47,514.80",226.99,bronze
CUST-00549,William Garcia,m ,48.0,,NEW YORK,USA,,"$72,686.39",24.69,Gold
CUST-00398,Karen Jones,M,46.0,25/05/2024,LOS ANGELES,United Kingdom,karen.jones398@example.com,"$59,297.63",376.98,Gold
CUST-02976,Patricia Hernandez,male,27.0,09/08/2021,Chicago,USA,patricia.hernandez2976@example.com,"$82,207.18",230.25,Gold
2878,Susan Moore,Female,25.0,26/07/2022,HOUSTON,Australia,susan.moore2878@example.com,"$64,499.64",112.46,BRONZE
CUST-02546,Betty Rodriguez,m ,39.0,12/01/2022,San Diego,Canada,betty.rodriguez2546@example.com,"$75,541.01",80.62,gold
CUST-01111,Charles Rodriguez,Female,36.0,2023-07-11,Philadelphia,Australia,charles.rodriguez1111@example.com,"$40,527.42",259.93,bronze
CUST-02018,Susan Moore,Male,57.0,03/11/2024,LOS ANGELES,Australia,susan.moore2018@example.com,"$71,643.80",198.91,Silver
 CUST-01878 ,Richard Rodriguez,F,56.0,01/02/2022,Houston,USA,richard.rodriguez1878@example.com,"$88,844.46",62.26,SILVER
1186,James Taylor,Female,41.0,31-Aug-2024,NEW YORK,United Kingdom,james.taylor1186@example.com,"$20,485.85",113.0,Gold
CUST-01083,Richard Jones,f ,35.0,01/26/2024,San Antonio,USA,richard.jones1083@example.com,"$52,284.26",138.49,SILVER
 CUST-02041 ,Susan Taylor,Male,41.0,"December 09, 2023",San Antonio,Canada,susan.taylor2041@example.com,"$45,324.12",15.72,BRONZE
 CUST-02463 ,Patricia Johnson,Male,32.0,2023-07-21,NEW YORK,Australia,patricia.johnson2463@example.com,"$38,245.74",219.96,
 CUST-00483 ,James Davis, Female,,"March 26, 2021",Austin,Australia,james.davis483@example.com,"$64,726.15",123.33,
CUST-02747,Mary Martinez, Female,36.0,"March 31, 2022",LOS ANGELES,United Kingdom,mary.martinez2747@example.com,"$53,681.49",106.37,bronze
CUST-01379,Jessica Hernandez,female,58.0,28-Jul-2023,Phoenix,Canada,jessica.hernandez1379@example.com,"$44,527.70",187.64,SILVER
CUST-00693,Jennifer Martinez,MALE,41.0,"May 02, 2024",SAN ANTONIO,United Kingdom,,"$32,293.18",45.79,gold
 CUST-01390 ,Charles Jackson,female,31.0,09-Apr-2021,phoenix,United Kingdom,charles.jackson1390@example.com,"$45,364.25",51.2,Gold
 CUST-02573 ,Joseph Gonzalez,O,40.0,30-May-2022,NEW YORK,USA,joseph.gonzalez2573@example.com,"$37,831.94",281.85,bronze
CUST-00303,Betty Garcia,female,58.0,2023-12-15,Chicago,United Kingdom,betty.garcia303@example.com,"$32,962.75",161.96,SILVER
 CUST-00974 ,Patricia Williams,m ,63.0,22/07/2021,PHOENIX,United Kingdom,patricia.williams974@example.com,"$99,845.30",168.75,gold
1914,Mary Johnson, Male,35.0,2021-11-02,DALLAS,Australia,,"$38,192.80",252.64,silver
CUST-02388,James Garcia, Female,21.0,"May 25, 2022",Los Angeles,United Kingdom,james.garcia2388@example.com,"$62,971.24",114.5,BRONZE
609,Robert Williams, Female,49.0,"June 24, 2024",Dallas,USA,robert.williams609@example.com,"$53,247.21",225.88,Bronze
 CUST-01793 ,Nancy Brown,male,45.0,05/12/2022,Philadelphia,Canada,nancy.brown1793@example.com,"$57,743.71",102.6,SILVER
CUST-00013,David Smith,FEMALE,42.0,2021-05-24,  Chicago  ,Canada,david.smith13@example.com,"$62,296.38",25.42,BRONZE
CUST-02439,Matthew Johnson,female,43.0,20-Aug-2021,PHOENIX,United Kingdom,matthew.johnson2439@example.com,,132.92,Bronze
CUST-02673,William Miller,male,35.0,08/27/2022,  Dallas  ,Australia,william.miller2673@example.com,"$67,173.74",43.35,Bronze
CUST-00874,Charles Rodriguez,female,19.0,,AUSTIN,Australia,charles.rodriguez874@example.com,"$64,716.77",75.53,GOLD
1706,William Garcia, Male,19.0,"June 04, 2021",  Phoenix  ,United Kingdom,william.garcia1706@example.com,,144.18,Silver
CUST-00648,Linda Smith,FEMALE,28.0,"July 05, 2024",new york,USA,linda.smith648@example.com,"$56,573.13",,GOLD
 CUST-01098 ,Betty Smith, Female,39.0,07/11/2023,Dallas,USA,betty.smith1098@example.com,"$95,442.88",236.43,GOLD
 CUST-00251 ,Patricia Lopez,female,28.0,08-Nov-2021,Los Angeles,Australia,patricia.lopez251@example.com,"$41,124.71",67.86,Bronze
CUST-00628,Betty Moore,M,33.0,12/11/2024,san diego,USA,betty.moore628@example.com,"$61,585.53",261.5,silver
1596,Betty Smith,FEMALE,43.0,19-Nov-2021,SAN ANTONIO,Australia,betty.smith1596@example.com,"$79,184.39",150.35,GOLD
CUST-00263,Joseph Anderson,MALE,28.0,05/11/2022,New York,Canada,joseph.anderson263@example.com,"$55,452.83",215.38,BRONZE
 CUST-01038 ,Joseph Johnson, Female,43.0,2024-01-02,HOUSTON,United Kingdom,joseph.johnson1038@example.com,"$71,868.48",38.31,SILVER
CUST-02932,Michael Anderson, Male,16.0,03/02/2022,HOUSTON,USA,michael.anderson2932@example.com,"$84,294.49",197.13,Gold
1647,Linda Johnson,,37.0,"June 03, 2021",  Chicago  ,Australia,linda.johnson1647@example.com,"$42,040.67",112.83,silver
CUST-02668,James Rodriguez,M,42.0,"April 27, 2021",New York,USA,james.rodriguez2668@example.com,"$95,646.10",96.99,SILVER
CUST-00803,Patricia Williams, Male,47.0,06-Jun-2024,houston,Canada,patricia.williams803@example.com,"$46,705.55",108.41,SILVER
 CUST-02779 ,David Anderson,f ,22.0,"February 26, 2024",NEW YORK,Australia,david.anderson2779@example.com,"$55,392.09",1.25,
CUST-01977,William Smith,Female,61.0,11/13/2022,Dallas,USA,william.smith1977@example.com,"$10,713.06",123.61,
CUST-02385,Elizabeth Taylor,Male,49.0,04/11/2022,Dallas,USA,elizabeth.taylor2385@example.com,"$46,449.85",169.91,SILVER
CUST-00096,Lisa Martinez,F,19.0,08/17/2021,San Antonio,Canada,lisa.martinez96@example.com,"$77,848.78",71.9,SILVER
 CUST-01333 ,Robert Moore,m ,57.0,03-May-2023,  Chicago  ,USA,robert.moore1333@example.com,"$65,939.06",119.37,silver
CUST-02914,Betty Jones,male,38.0,14-Mar-2022,New York,USA,betty.jones2914@example.com,"$57,618.02",165.65,gold
CUST-00651,Richard Rodriguez,m ,35.0,07/01/2024,Chicago,United Kingdom,richard.rodriguez651@example.com,"$58,698.31",216.82,bronze
CUST-01604,Betty Martin, Male,58.0,11/07/2021,New York,USA,,"$19,787.30",168.15,Silver
CUST-01600,Robert Davis, Female,47.0,17-Apr-2022,San Antonio,USA,robert.davis1600@example.com,"$8,000.00",175.73,silver
CUST-02900,William Williams, Male,55.0,2022-02-06,CHICAGO,United Kingdom,william.williams2900@example.com,"$21,803.57",161.06,Bronze
CUST-00150,David Moore,Female,58.0,17/01/2023,  Houston  ,Australia,david.moore150@example.com,"$66,788.37",0.24,Gold
CUST-00085,Jennifer Brown,male,36.0,05/31/2021,Chicago,United Kingdom,jennifer.brown85@example.com,"$64,418.91",87.4,SILVER
CUST-01959,Daniel Martinez,female,56.0,03-Jun-2021,Chicago,Australia,daniel.martinez1959@example.com,"$30,368.41",241.23,silver
CUST-02196,Lisa Martinez,male,-5.0,12/12/2021,DALLAS,USA,lisa.martinez2196@example.com,"$48,022.23",140.79,SILVER
CUST-00755,David Martin,male,42.0,24/02/2021,San Diego,USA,david.martin755@example.com,"$82,813.29",106.17,Silver
 CUST-02974 ,John Hernandez,MALE,49.0,10-Nov-2021,AUSTIN,Australia,john.hernandez2974@example.com,"$31,733.21",213.0,gold
CUST-01000,Patricia Hernandez,f ,40.0,"December 26, 2024",New York,USA,patricia.hernandez1000@example.com,"$49,372.22",1.09,Silver
1413,Richard Taylor,female,-5.0,,Phoenix,USA,richard.taylor1413@example.com,"$68,374.34",212.19,SILVER
CUST-02410,Richard Martin,Female,,15/09/2021,san diego,Canada,richard.martin2410@example.com,"$72,661.98",88.94,bronze
CUST-01017,James Johnson,male,31.0,14/11/2024,Dallas,United Kingdom,james.johnson1017@example.com,"$42,588.90",133.87,gold
CUST-01431,Michael Rodriguez,m ,21.0,09/22/2024,San Diego,United Kingdom,,"$47,418.51",11.72,silver
 CUST-00652 ,Karen Jackson,m ,33.0,"January 22, 2024",New York,USA,karen.jackson652@example.com,"$30,770.97",156.0,SILVER
CUST-00587,Michael Smith,Male,57.0,10/28/2024,San Diego,Canada,michael.smith587@example.com,"$91,302.20",149.25,Gold
CUST-01703,Karen Miller,m ,16.0,03/21/2022,DALLAS,United Kingdom,karen.miller1703@example.com,"$70,935.16",65.67,Bronze
CUST-01512,Joseph Johnson,M,39.0,05/13/2023,  Phoenix  ,Australia,joseph.johnson1512@example.com,"$74,791.56",240.41,Bronze
 CUST-02829 ,Charles Wilson, Female,,2022-07-18,Chicago,Australia,charles.wilson2829@example.com,"$71,265.63",55.88,BRONZE
CUST-01927,John Rodriguez,FEMALE,27.0,13/08/2023,Los Angeles,USA,john.rodriguez1927@example.com,"$40,396.42",239.19,Gold
CUST-00740,Mary Jackson,f ,44.0,01/13/2023,Houston,USA,mary.jackson740@example.com,"$8,000.00",237.92,Silver
 CUST-01180 ,Susan Moore, Male,35.0,"August 19, 2021",NEW YORK,Canada,susan.moore1180@example.com,"$40,960.19",38.88,GOLD
CUST-01638,Jessica Hernandez,M,59.0,"November 29, 2023",SAN ANTONIO,USA,,"$40,540.38",56.06,silver
1322,Richard Miller,Male,20.0,,New York,Canada,richard.miller1322@example.com,"$12,086.81",93.2,gold
574,Patricia Johnson, Female,150.0,2021-05-18,San Diego,Canada,patricia.johnson574@example.com,"$61,402.07",177.31,Bronze
2281,Richard Gonzalez,m ,16.0,"December 10, 2024",CHICAGO,Canada,richard.gonzalez2281@example.com,"$26,572.05",92.85,GOLD
CUST-00379,David Williams,Female,34.0,22-Jun-2022,DALLAS,USA,david.williams379@example.com,"$81,873.92",156.54,gold
CUST-01342,Susan Garcia,male,36.0,04/10/2023,CHICAGO,USA,susan.garcia1342@example.com,"$74,039.70",89.66,Silver
CUST-00570,Michael Jones,m ,36.0,"July 14, 2024",Chicago,USA,michael.jones570@example.com,"$36,745.75",306.57,bronze
277,Charles Jones,f ,57.0,18/02/2023,Chicago,United Kingdom,charles.jones277@example.com,"$52,401.55",296.86,Silver
CUST-00068,Karen Johnson,f ,51.0,14/03/2023,Dallas,USA,karen.johnson68@example.com,"$70,661.83",263.2,silver
CUST-02710,Susan Moore,Female,50.0,15-May-2022,Houston,Canada,susan.moore2710@example.com,"$68,018.84",176.32,bronze
CUST-00979,Betty Lopez,m ,53.0,2022-06-11,New York,United Kingdom,betty.lopez979@example.com,"$74,219.55",221.25,Silver
CUST-00027,Linda Thomas,m ,47.0,"December 28, 2021",austin,USA,linda.thomas27@example.com,"$61,714.25",190.16,GOLD
CUST-01139,Susan Williams,FEMALE,60.0,"May 24, 2024",New York,United Kingdom,susan.williams1139@example.com,,94.73,Bronze
CUST-01835,Charles Jones,Female,27.0,06/11/2021,New York,Australia,charles.jones1835@example.com,"$52,405.12",183.78,
CUST-02999,David Hernandez,M,38.0,"January 14, 2023",New York,USA,david.hernandez2999@example.com,"$57,315.90",171.36,
 CUST-02252 ,Betty Wilson,other,0.0,12/05/2024,Philadelphia,United Kingdom,betty.wilson2252@example.com,"$88,727.87",110.57,SILVER
CUST-02131,Lisa Jackson,,55.0,"January 02, 2024",San Antonio,Canada,lisa.jackson2131@example.com,"$74,984.94",90.19,bronze
 CUST-00546 ,Sarah Johnson,Female,49.0,"October 21, 2024",New York,Canada,sarah.johnson546@example.com,"$40,311.99",108.74,Bronze
CUST-01374,John Rodriguez, Female,16.0,12/10/2024,San Antonio,Australia,john.rodriguez1374@example.com,"$86,661.77",57.29,silver
CUST-01240,Michael Lopez,F,33.0,07/23/2023,Dallas,Australia,michael.lopez1240@example.com,"$80,170.10",161.42,bronze
 CUST-02722 ,Karen Davis,FEMALE,47.0,2021-10-19,San Antonio,United Kingdom,karen.davis2722@example.com,"$51,301.47",186.52,silver
CUST-01822,Charles Brown,FEMALE,55.0,16-Feb-2023,Austin,Australia,charles.brown1822@example.com,"$51,010.06",144.01,BRONZE
 CUST-01995 ,Michael Wilson,FEMALE,45.0,22-Mar-2023,San Diego,United Kingdom,michael.wilson1995@example.com,"$47,651.11",97.38,Gold
CUST-01204,Jessica Smith,FEMALE,,13-Jun-2021,NEW YORK,United Kingdom,jessica.smith1204@example.com,,239.21,GOLD
 CUST-00594 ,Mary Wilson,Female,45.0,"February 02, 2022",Houston,Canada,mary.wilson594@example.com,"$65,516.28",211.9,gold
CUST-01118,Karen Jackson,male,21.0,24-Jun-2024,Phoenix,Australia,karen.jackson1118@example.com,,214.47,Bronze
514,Patricia Wilson,Male,58.0,"April 16, 2021",  Chicago  ,United Kingdom,patricia.wilson514@example.com,"$71,564.84",130.53,Gold
 CUST-00029 ,Joseph Davis,Other,46.0,2024-02-13,Chicago,United Kingdom,joseph.davis29@example.com,"$73,403.37",71.95,GOLD
CUST-00388,William Lopez, Male,61.0,18/12/2021,AUSTIN,USA,william.lopez388@example.com,"$8,000.09",177.42,
 CUST-01356 ,Elizabeth Wilson,MALE,43.0,12/10/2024,new york,United Kingdom,elizabeth.wilson1356@example.com,"$57,185.11",344.68,
 CUST-01317 ,Linda Brown,Male,,08/07/2024,SAN DIEGO,USA,linda.brown1317@example.com,"$59,854.41",57.88,BRONZE
CUST-02291,Daniel Wilson,Male,30.0,04/19/2021,San Antonio,USA,daniel.wilson2291@example.com,"$58,254.90",254.18,gold
CUST-00531,Joseph Moore,F,70.0,"August 15, 2021",AUSTIN,USA,joseph.moore531@example.com,"$14,511.55",259.41,Gold
CUST-02752,Richard Rodriguez, Female,69.0,30-Mar-2021,Dallas,USA,richard.rodriguez2752@example.com,"$57,705.32",31.16,GOLD
CUST-02132,William Taylor,Male,46.0,12/08/2023,Phoenix,USA,william.taylor2132@example.com,"$25,576.65",123.11,silver
CUST-01629,Charles Anderson,male,36.0,18-Apr-2021,philadelphia,Australia,charles.anderson1629@example.com,"$53,330.72",182.85,Bronze
 CUST-02523 ,David Davis,FEMALE,53.0,08/03/2024,Philadelphia,Australia,david.davis2523@example.com,"$39,566.72",127.07,
 CUST-01929 ,Patricia Jackson,M,40.0,23/12/2023,Phoenix,United Kingdom,patricia.jackson1929@example.com,"$47,459.70",208.32,BRONZE
 CUST-00986 ,Karen Williams,Female,40.0,2021-09-18,New York,Canada,karen.williams986@example.com,"$74,780.95",256.06,gold
CUST-00547,Richard Anderson,male,62.0,05/12/2024,Austin,Australia,richard.anderson547@example.com,"$63,300.01",168.67,gold
2509,Matthew Wilson,O,44.0,11/13/2024,San Antonio,USA,matthew.wilson2509@example.com,"$71,911.06",180.83,Gold
CUST-01120,Jennifer Martinez, Female,61.0,"February 05, 2021",dallas,United Kingdom,jennifer.martinez1120@example.com,"$78,780.73",152.2,SILVER
CUST-00213,John Johnson,,150.0,05/07/2022,Austin,Australia,,"$64,260.14",73.95,Silver
CUST-00429,John Jones,female,16.0,,Philadelphia,USA,john.jones429@example.com,"$86,533.76",122.27,Silver
CUST-02761,Linda Davis,m ,51.0,04/02/2024,Chicago,United Kingdom,linda.davis2761@example.com,"$21,678.72",101.02,Silver
 CUST-00016 ,Daniel Gonzalez,Other,,20/06/2023,San Antonio,Canada,daniel.gonzalez16@example.com,"$76,659.25",133.84,Bronze
CUST-00865,Joseph Wilson,MALE,48.0,01/22/2024,  Philadelphia  ,Australia,joseph.wilson865@example.com,"$54,961.37",52.88,Gold
2050,Patricia Johnson,FEMALE,56.0,09/12/2023,Phoenix,USA,patricia.johnson2050@example.com,"$44,134.67",114.67,SILVER
CUST-01612,Lisa Wilson,male,39.0,06-Aug-2022,New York,United Kingdom,lisa.wilson1612@example.com,"$94,916.66",113.27,BRONZE
CUST-02220,Susan Davis,male,50.0,"June 26, 2023",Phoenix,USA,susan.davis2220@example.com,"$26,861.55",244.42,silver
 CUST-02822 ,Jennifer Brown,Male,29.0,15-Jul-2021,New York,Canada,jennifer.brown2822@example.com,"$88,183.98",255.36,BRONZE
CUST-00425,Richard Jones,FEMALE,33.0,07/25/2022,Philadelphia,Canada,richard.jones425@example.com,"$113,732.08",199.08,GOLD
 CUST-00466 ,Charles Martin,M,48.0,25/03/2024,New York,United Kingdom,charles.martin466@example.com,"$-15,000.00",108.69,Silver
CUST-02205,Michael Brown,M,43.0,12/03/2023,San Diego,USA,michael.brown2205@example.com,"$83,426.04",21.82,BRONZE
CUST-00168,John Martin,Female,44.0,07/18/2022,Chicago,Canada,john.martin168@example.com,"$67,943.46",49.88,Gold
CUST-00421,James Garcia,F,62.0,07/15/2021,Los Angeles,United Kingdom,james.garcia421@example.com,"$62,956.84",139.85,BRONZE
CUST-00730,Lisa Anderson, Female,16.0,2023-02-23,Chicago,USA,lisa.anderson730@example.com,"$95,322.55",153.59,gold
CUST-01513,Daniel Jackson,f ,43.0,21/12/2022,  San Antonio  ,Australia,daniel.jackson1513@example.com,"$78,542.88",114.98,Gold
CUST-02026,David Miller,m ,55.0,28-Aug-2023,New York,Australia,david.miller2026@example.com,"$67,428.87",233.54,silver
 CUST-00271 ,Jessica Martinez,M,38.0,"October 07, 2022",San Diego,Canada,jessica.martinez271@example.com,"$48,429.92",181.94,gold
CUST-02948,John Wilson,male,27.0,30/10/2021,San Diego,United Kingdom,john.wilson2948@example.com,"$100,515.10",79.61,Bronze
CUST-00247,Michael Rodriguez,f ,45.0,06/12/2022,San Antonio,Canada,michael.rodriguez247@example.com,"$86,647.97",166.88,bronze
CUST-00468,Matthew Moore,Male,60.0,04/05/2022,dallas,Canada,matthew.moore468@example.com,"$102,622.03",114.12,GOLD
 CUST-01864 ,Elizabeth Davis,F,34.0,27/12/2022,  Chicago  ,Canada,elizabeth.davis1864@example.com,"$83,480.43",214.53,gold
 CUST-01223 ,Charles Johnson,O,47.0,2022-04-14,Phoenix,Australia,charles.johnson1223@example.com,"$34,717.73",167.77,silver
2876,William Gonzalez,Non-binary,-5.0,22-Nov-2021,  Los Angeles  ,Australia,william.gonzalez2876@example.com,"$56,691.58",101.42,
CUST-01846,Michael Gonzalez,MALE,38.0,12/05/2022,New York,United Kingdom,michael.gonzalez1846@example.com,"$63,125.26",235.64,Bronze
CUST-00916,Nancy Thomas,female,40.0,07/22/2023,Austin,USA,nancy.thomas916@example.com,"$39,695.15",155.49,Silver
77,Karen Miller,m ,81.0,07/18/2024,dallas,Canada,karen.miller77@example.com,"$47,085.62",210.2,Silver
CUST-02462,Jennifer Moore,m ,45.0,09/01/2023,Chicago,Canada,jennifer.moore2462@example.com,"$105,517.66",243.86,gold
CUST-01821,Mary Brown,MALE,52.0,2023-10-17,Los Angeles,United Kingdom,mary.brown1821@example.com,"$45,722.39",235.67,
 CUST-01874 ,Linda Thomas,Male,,08/15/2023,Houston,Canada,linda.thomas1874@example.com,"$46,884.18",166.77,Gold
 CUST-00639 ,Linda Brown,FEMALE,44.0,02-Feb-2021,San Diego,USA,linda.brown639@example.com,"$70,607.28",107.02,SILVER
 CUST-01990 ,David Martin,female,16.0,,PHOENIX,United Kingdom,david.martin1990@example.com,"$68,293.09",197.79,bronze
CUST-02805,Susan Lopez,Female,24.0,06/11/2024,san diego,USA,susan.lopez2805@example.com,"$56,006.64",313.96,silver
CUST-01774,Patricia Smith,male,54.0,08/28/2024,austin,United Kingdom,,"$52,532.35",268.42,BRONZE
CUST-01014,Sarah Gonzalez,Other,49.0,09/09/2024,SAN DIEGO,Australia,,"$999,999,999.00",240.23,bronze
CUST-02141,Karen Lopez,f ,28.0,"April 01, 2022",Phoenix,USA,karen.lopez2141@example.com,"$54,459.60",224.65,
 CUST-02770 ,Patricia Jackson,O,52.0,16-Mar-2024,Dallas,Canada,patricia.jackson2770@example.com,"$48,111.79",131.61,Bronze
 CUST-01862 ,Patricia Gonzalez,female,35.0,13-Dec-2023,phoenix,USA,patricia.gonzalez1862@example.com,"$67,345.96",97.67,Gold
 CUST-02159 ,Jennifer Jackson,female,59.0,2022-09-13,Dallas,United Kingdom,jennifer.jackson2159@example.com,"$74,626.79",126.75,
CUST-00236,Michael Gonzalez,male,35.0,"May 21, 2024",San Diego,United Kingdom,michael.gonzalez236@example.com,"$63,405.38",185.84,GOLD
CUST-01857,Michael Williams,Other,29.0,2024-08-09,San Diego,Canada,,"$40,589.57",63.88,GOLD
CUST-02759,Susan Martin, Male,,09/15/2023,AUSTIN,USA,susan.martin2759@example.com,"$89,867.16",173.86,gold
1879,Robert Johnson,Male,37.0,03/21/2022,houston,United Kingdom,robert.johnson1879@example.com,"$98,053.29",76.43,silver
CUST-00308,David Wilson,FEMALE,57.0,,Houston,Australia,david.wilson308@example.com,"$59,939.79",92.25,bronze
 CUST-01824 ,James Johnson,F,39.0,30-Oct-2024,San Antonio,USA,james.johnson1824@example.com,"$39,504.67",167.38,SILVER
 CUST-01403 ,Michael Anderson,M,44.0,29-Jun-2022,Chicago,United Kingdom,,"$73,274.94",202.78,Silver
CUST-00962,Jessica Gonzalez,FEMALE,61.0,,PHILADELPHIA,USA,jessica.gonzalez962@example.com,"$67,902.16",180.29,GOLD
 CUST-01620 ,Charles Brown,female,22.0,2023-07-01,New York,United Kingdom,charles.brown1620@example.com,"$70,494.73",0.64,GOLD
CUST-01688,Thomas Thomas,F,45.0,"July 16, 2023",Philadelphia,USA,thomas.thomas1688@example.com,"$51,203.75",169.1,gold
CUST-01872,Matthew Wilson,M,36.0,19/10/2022,Austin,Australia,matthew.wilson1872@example.com,"$62,711.91",215.25,Bronze
 CUST-02989 ,Richard Taylor,m ,38.0,06/12/2022,phoenix,United Kingdom,richard.taylor2989@example.com,"$92,562.80",60.58,BRONZE
CUST-02596,Nancy Taylor,Male,43.0,2022-12-05,Phoenix,Australia,nancy.taylor2596@example.com,"$74,854.62",106.34,GOLD
CUST-02022,Susan Taylor,Male,52.0,12-Jul-2022,DALLAS,Australia,susan.taylor2022@example.com,"$50,903.17",162.16,GOLD
422,David Miller, Male,45.0,2022-01-12,HOUSTON,USA,david.miller422@example.com,"$58,747.34",24.38,
 CUST-01056 ,Thomas Gonzalez,MALE,46.0,"July 17, 2024",  Los Angeles  ,Australia,thomas.gonzalez1056@example.com,"$70,748.91",250.73,gold
 CUST-01448 ,William Jackson,female,39.0,2024-11-16,Austin,USA,william.jackson1448@example.com,"$59,761.08",149.11,GOLD
CUST-02413,Mary Martin,male,0.0,14/12/2021,houston,USA,mary.martin2413@example.com,"$61,325.19",164.95,silver
CUST-00378,Joseph Jones,MALE,,30/10/2024,san antonio,USA,joseph.jones378@example.com,"$113,601.01",160.03,silver
 CUST-02807 ,Betty Smith, Female,22.0,11/09/2024,Austin,United Kingdom,betty.smith2807@example.com,"$75,351.60",90.11,Gold
1966,Daniel Brown,f ,50.0,27/04/2024,Chicago,Canada,daniel.brown1966@example.com,"$84,541.07",244.34,Bronze
1152,Robert Smith, Female,49.0,02/08/2021,New York,USA,robert.smith1152@example.com,"$51,692.81",136.83,Silver
CUST-01876,James Brown,M,45.0,"September 16, 2024",New York,USA,james.brown1876@example.com,"$34,569.58",128.99,Bronze
CUST-02973,David Rodriguez,F,,"January 01, 2024",los angeles,Canada,david.rodriguez2973@example.com,"$51,613.10",177.36,
CUST-02990,Nancy Lopez,Non-binary,40.0,2021-08-11,san diego,United Kingdom,nancy.lopez2990@example.com,"$82,651.84",184.74,BRONZE
 CUST-00704 ,Robert Davis,Male,31.0,03/07/2024,New York,Canada,robert.davis704@example.com,"$47,599.67",146.88,bronze
 CUST-02150 ,Charles Taylor,f ,25.0,2023-12-05,philadelphia,Australia,charles.taylor2150@example.com,"$48,054.98",99.32,GOLD
CUST-01842,Patricia Jones,Female,57.0,15-Mar-2022,Chicago,United Kingdom,patricia.jones1842@example.com,"$50,932.94",179.74,
CUST-02570,Michael Martinez,Male,44.0,19-May-2023,San Antonio,Canada,michael.martinez2570@example.com,"$71,304.24",235.08,bronze
CUST-02269,John Garcia,Female,70.0,17/02/2021,HOUSTON,Canada,john.garcia2269@example.com,"$78,156.38",331.48,
669,Mary Taylor, Male,48.0,13/08/2022,New York,Australia,mary.taylor669@example.com,"$60,169.91",170.7,SILVER
 CUST-02674 ,Michael Garcia,Male,54.0,05-Jul-2022,Phoenix,Canada,michael.garcia2674@example.com,"$41,775.06",159.75,SILVER
CUST-00933,Patricia Brown,f ,65.0,11/07/2023,CHICAGO,USA,patricia.brown933@example.com,"$92,359.34",67.22,BRONZE
CUST-02760,Jennifer Jackson,Male,36.0,30/05/2023,CHICAGO,Canada,jennifer.jackson2760@example.com,"$27,624.85",51.87,GOLD
CUST-02645,Betty Lopez, Female,47.0,10/03/2023,San Antonio,United Kingdom,,"$35,947.48",207.18,bronze
CUST-02118,Nancy Jackson, Male,31.0,03/20/2024,Dallas,United Kingdom,nancy.jackson2118@example.com,"$54,648.96",297.09,
CUST-02830,Jessica Rodriguez,f ,32.0,04-Dec-2022,LOS ANGELES,USA,jessica.rodriguez2830@example.com,"$999,999,999.00",-189.67,bronze
CUST-00173,Lisa Martin,f ,26.0,2022-04-12,Phoenix,United Kingdom,lisa.martin173@example.com,"$86,763.89",98.74,Gold
 CUST-02481 ,John Martinez,Female,43.0,29/06/2021,San Diego,USA,john.martinez2481@example.com,"$50,374.05",138.92,gold
2844,Joseph Garcia, Female,19.0,"September 01, 2021",Phoenix,Canada,joseph.garcia2844@example.com,,64.28,bronze
 CUST-02198 ,Nancy Brown,Male,50.0,"July 31, 2022",New York,Canada,nancy.brown2198@example.com,"$82,229.69",60.83,
CUST-01261,Nancy Anderson,Male,50.0,2024-01-09,Dallas,Canada,nancy.anderson1261@example.com,"$75,346.33",183.65,BRONZE
CUST-00482,Linda Thomas,f ,57.0,21-Dec-2023,Los Angeles,United Kingdom,linda.thomas482@example.com,"$71,412.87",51.86,bronze
CUST-02331,David Martinez,O,30.0,09/04/2024,Los Angeles,USA,david.martinez2331@example.com,"$52,825.37",146.61,Silver
CUST-01867,Jennifer Davis,Male,42.0,29-May-2021,New York,Canada,jennifer.davis1867@example.com,"$56,368.30",0.06,Bronze
CUST-00386,Charles Jackson,FEMALE,52.0,05-Sep-2024,AUSTIN,Canada,charles.jackson386@example.com,"$79,187.70",179.1,GOLD
CUST-01374,John Rodriguez, Female,16.0,12/10/2024,SAN ANTONIO,Australia,john.rodriguez1374@example.com,"$86,661.77",57.29,silver
CUST-02258,Charles Thomas,Male,48.0,2024-11-08,  Chicago  ,United Kingdom,charles.thomas2258@example.com,"$74,261.99",44.83,Gold
CUST-00341,Karen Brown,MALE,55.0,11/21/2021,Los Angeles,United Kingdom,karen.brown341@example.com,"$46,385.53",113.92,Bronze
1637,Jessica Anderson,m ,48.0,"July 06, 2023",New York,USA,jessica.anderson1637@example.com,,73.77,silver
 CUST-02647 ,Jennifer Smith,M,44.0,16-May-2022,DALLAS,USA,jennifer.smith2647@example.com,"$74,650.13",18.72,Bronze
 CUST-02967 ,Elizabeth Martin,m ,34.0,14-Jul-2023,CHICAGO,United Kingdom,,"$43,610.94",144.11,BRONZE
CUST-02387,Michael Martinez,female,30.0,"November 23, 2022",Houston,USA,michael.martinez2387@example.com,"$76,109.15",133.13,gold
CUST-01091,John Jones,O,47.0,02/07/2023,SAN DIEGO,Australia,john.jones1091@example.com,"$5,000,000.00",48.27,bronze
CUST-01933,John Davis,m ,23.0,30-Jul-2022,AUSTIN,United Kingdom,john.davis1933@example.com,"$69,844.08",243.92,gold
522,Thomas Jackson,f ,34.0,01/22/2022,PHOENIX,USA,thomas.jackson522@example.com,"$67,958.65",48.98,bronze
CUST-01861,Karen Gonzalez,female,26.0,11/29/2024,San Antonio,Australia,karen.gonzalez1861@example.com,"$78,295.79",136.89,BRONZE
 CUST-01964 ,David Williams,F,34.0,2021-11-03,San Antonio,Canada,david.williams1964@example.com,"$88,768.82",84.91,SILVER
 CUST-01657 ,Charles Gonzalez, Female,30.0,04-May-2021,Chicago,United Kingdom,charles.gonzalez1657@example.com,"$65,553.86",74.54,BRONZE
1613,Sarah Lopez,female,46.0,28/10/2023,Philadelphia,United Kingdom,sarah.lopez1613@example.com,"$22,506.77",158.37,silver
390,Nancy Williams,m ,30.0,06/15/2021,San Antonio,Australia,nancy.williams390@example.com,"$33,116.67",131.97,GOLD
1078,Karen Hernandez, Male,16.0,03/25/2023,Los Angeles,United Kingdom,karen.hernandez1078@example.com,"$43,037.42",59.62,BRONZE
CUST-01254,Linda Anderson,male,52.0,04/03/2021,Philadelphia,Australia,linda.anderson1254@example.com,"$51,673.93",135.61,bronze
36,Jessica Smith,FEMALE,44.0,"May 28, 2021",New York,Australia,jessica.smith36@example.com,"$40,378.87",70.64,bronze
 CUST-02335 ,Linda Hernandez,M,61.0,"June 11, 2024",San Antonio,Australia,linda.hernandez2335@example.com,"$91,767.16",145.76,GOLD
CUST-00623,Michael Jackson,m ,45.0,"December 24, 2021",Austin,Australia,michael.jackson623@example.com,"$60,124.11",121.21,
CUST-00315,Mary Martin,Male,39.0,14-Oct-2021,CHICAGO,Australia,mary.martin315@example.com,"$90,743.98",177.23,
 CUST-01032 ,Richard Wilson, Male,23.0,2021-12-24,  Houston  ,USA,richard.wilson1032@example.com,"$52,784.96",43.46,
1138,Daniel Moore, Male,24.0,06/04/2022,Houston,Canada,daniel.moore1138@example.com,"$58,384.99",134.79,Bronze
 CUST-02367 ,James Miller,Non-binary,-5.0,25-Jan-2021,Los Angeles,Canada,james.miller2367@example.com,"$100,474.85",140.04,BRONZE
CUST-01335,John Wilson,MALE,57.0,"October 11, 2021",DALLAS,United Kingdom,john.wilson1335@example.com,"$65,500.91",188.81,Gold
CUST-02881,Karen Johnson,male,46.0,13/03/2021,Philadelphia,Canada,karen.johnson2881@example.com,"$78,369.87",55.22,Bronze
 CUST-01326 ,Charles Martinez,O,16.0,07/25/2024,PHOENIX,Australia,charles.martinez1326@example.com,"$99,372.44",108.77,gold
 CUST-02228 ,Daniel Jackson,MALE,17.0,"January 05, 2023",PHILADELPHIA,USA,daniel.jackson2228@example.com,"$23,835.56",348.98,Gold
 CUST-01557 ,Thomas Williams, Female,33.0,2022-01-22,Austin,USA,,"$78,579.24",162.62,silver
CUST-00716,Sarah Martinez,male,48.0,"August 31, 2021",Los Angeles,United Kingdom,sarah.martinez716@example.com,"$47,781.26",185.63,
CUST-02679,Jessica Jackson,M,28.0,12/10/2022,San Antonio,USA,jessica.jackson2679@example.com,"$57,506.89",167.3,Silver
CUST-01887,Mary Wilson,Female,39.0,24/12/2023,phoenix,Australia,,"$101,679.67",250.63,gold
CUST-02110,Charles Moore,female,65.0,24-Apr-2022,Phoenix,United Kingdom,charles.moore2110@example.com,"$75,013.75",147.93,Silver
CUST-00453,Daniel Taylor,Female,44.0,10/09/2021,Philadelphia,USA,daniel.taylor453@example.com,"$98,751.60",207.8,Gold
CUST-01677,Richard Moore,MALE,39.0,"December 27, 2023",San Diego,United Kingdom,,"$66,204.99",86.76,GOLD
CUST-01536,Elizabeth Jackson,MALE,30.0,17/07/2023,New York,United Kingdom,elizabeth.jackson1536@example.com,,149.82,Silver
CUST-02679,Jessica Jackson,M,28.0,12/10/2022,San Antonio,USA,jessica.jackson2679@example.com,"$57,506.89",167.3,Silver
CUST-01213,Robert Brown,Female,16.0,21/10/2021,Philadelphia,USA,robert.brown1213@example.com,"$93,594.18",12.77,BRONZE
CUST-00163,Richard Thomas,male,47.0,22-Dec-2023,Austin,USA,richard.thomas163@example.com,"$71,509.18",13.94,bronze
1169,Patricia Rodriguez,female,23.0,2021-07-25,PHILADELPHIA,Canada,patricia.rodriguez1169@example.com,"$17,420.32",63.93,silver
CUST-00729,Thomas Anderson,Male,27.0,2023-07-15,austin,Australia,thomas.anderson729@example.com,"$65,375.32",180.35,Bronze
CUST-01556,Lisa Garcia,FEMALE,46.0,,San Antonio,Australia,lisa.garcia1556@example.com,"$61,075.13",203.93,GOLD
CUST-01396,John Hernandez,M,20.0,02/25/2022,San Diego,United Kingdom,john.hernandez1396@example.com,"$27,808.12",214.73,silver
CUST-02406,Jessica Hernandez,Male,31.0,2022-12-20,PHILADELPHIA,Canada,jessica.hernandez2406@example.com,,168.15,
CUST-02302,Linda Smith,FEMALE,57.0,"August 18, 2022",NEW YORK,USA,linda.smith2302@example.com,"$47,071.90",38.04,SILVER
CUST-01400,Karen Lopez,Male,49.0,2021-06-01,Austin,United Kingdom,karen.lopez1400@example.com,"$54,241.05",306.97,bronze
 CUST-00097 ,Robert Gonzalez,f ,,09/02/2021,houston,USA,robert.gonzalez97@example.com,"$95,121.19",285.92,silver
 CUST-00245 ,Michael Martinez,FEMALE,29.0,15/02/2022,San Diego,Canada,michael.martinez245@example.com,"$100,311.07",147.97,SILVER
CUST-02924,Jessica Taylor,F,30.0,17-Oct-2024,Philadelphia,Australia,,"$59,010.23",180.19,Bronze
CUST-02162,Karen Lopez,MALE,16.0,"March 08, 2021",San Antonio,United Kingdom,karen.lopez2162@example.com,"$58,561.21",258.46,SILVER
CUST-00527,Jessica Taylor,m ,26.0,07-May-2023,New York,United Kingdom,jessica.taylor527@example.com,"$84,130.12",48.62,BRONZE
1779,Richard Jones,m ,38.0,2022-08-03,  Chicago  ,United Kingdom,richard.jones1779@example.com,"$40,354.85",71.97,BRONZE
CUST-01451,John Jackson,Non-binary,32.0,04-Jul-2021,Austin,Australia,john.jackson1451@example.com,"$49,935.04",41.14,gold
CUST-02793,Lisa Gonzalez,Male,47.0,09/10/2022,philadelphia,USA,lisa.gonzalez2793@example.com,"$39,456.74",212.5,Silver
CUST-01110,Robert Brown,MALE,50.0,"March 11, 2022",San Diego,Canada,robert.brown1110@example.com,"$49,521.25",81.66,
CUST-00137,James Jones,Female,58.0,21/03/2024,Houston,Canada,james.jones137@example.com,"$29,710.92",29.97,silver
 CUST-01441 ,Sarah Wilson,Female,55.0,07/09/2024,Los Angeles,USA,sarah.wilson1441@example.com,"$34,474.97",281.6,
CUST-02061,Michael Rodriguez,O,34.0,09/26/2021,San Diego,USA,michael.rodriguez2061@example.com,"$50,136.54",221.41,Bronze
CUST-02440,Jessica Wilson,m ,38.0,02/03/2023,Phoenix,Canada,jessica.wilson2440@example.com,"$29,010.99",119.67,bronze
 CUST-01875 ,Elizabeth Wilson,Male,,07/04/2023,SAN DIEGO,United Kingdom,elizabeth.wilson1875@example.com,"$37,209.55",8.08,gold
CUST-01909,Robert Wilson,MALE,37.0,11-Apr-2023,new york,United Kingdom,robert.wilson1909@example.com,"$64,723.55",162.61,Bronze
CUST-01188,Lisa Jones,M,43.0,04/08/2022,Chicago,Canada,lisa.jones1188@example.com,"$76,579.65",71.52,GOLD
CUST-01416,David Miller,other,53.0,13/07/2021,chicago,United Kingdom,david.miller1416@example.com,"$53,949.35",98.64,Gold
2985,Michael Rodriguez,FEMALE,39.0,"March 21, 2023",Austin,Canada,michael.rodriguez2985@example.com,"$81,752.95",,silver
CUST-01786,Mary Miller,F,29.0,2024-09-06,San Diego,Australia,mary.miller1786@example.com,"$36,766.28",241.39,Silver
506,Michael Martin, Female,27.0,19-Nov-2024,Philadelphia,United Kingdom,michael.martin506@example.com,"$49,760.47",187.5,Silver
2039,Patricia Martin,M,52.0,2022-04-17,Philadelphia,Australia,patricia.martin2039@example.com,,216.99,gold
CUST-01307,Charles Johnson,female,33.0,24/03/2023,Philadelphia,USA,charles.johnson1307@example.com,"$76,844.28",263.83,Gold
 CUST-02541 ,David Wilson, Female,,04-Sep-2023,Dallas,USA,,"$59,960.68",34.18,Bronze
CUST-00294,Joseph Jackson, Female,49.0,2022-09-26,Chicago,USA,joseph.jackson294@example.com,"$55,588.93",259.71,Gold
 CUST-00207 ,Jennifer Davis,f ,49.0,24-Jan-2024,  Phoenix  ,United Kingdom,jennifer.davis207@example.com,"$65,818.15",157.69,BRONZE
807,Lisa Anderson,m ,42.0,01-Nov-2024,Philadelphia,Canada,lisa.anderson807@example.com,"$51,040.74",174.6,silver
 CUST-01257 ,Sarah Jackson,Male,37.0,18/02/2021,Philadelphia,Canada,sarah.jackson1257@example.com,"$57,677.28",48.73,BRONZE
 CUST-02289 ,James Williams, Male,67.0,"December 26, 2021",San Antonio,Canada,james.williams2289@example.com,"$96,626.71",42.5,gold
CUST-01982,Thomas Thomas,MALE,54.0,28/09/2023,  Los Angeles  ,USA,thomas.thomas1982@example.com,,129.08,gold
CUST-00714,William Smith,m ,33.0,"September 10, 2024",San Antonio,Canada,william.smith714@example.com,"$34,232.17",111.25,SILVER
CUST-02865,Linda Brown,m ,54.0,"September 14, 2023",Philadelphia,United Kingdom,linda.brown2865@example.com,"$88,679.03",25.08,
1916,William Jones,male,27.0,,Chicago,Canada,william.jones1916@example.com,"$40,963.02",24.82,Gold
CUST-02128,Patricia Moore,Male,35.0,01-May-2023,AUSTIN,Canada,patricia.moore2128@example.com,"$59,361.78",94.55,BRONZE
 CUST-00883 ,Elizabeth Brown,f ,54.0,2022-01-07,  Houston  ,Australia,elizabeth.brown883@example.com,"$51,247.14",220.44,
 CUST-01936 ,Charles Martinez,M,23.0,03/07/2022,Chicago,United Kingdom,charles.martinez1936@example.com,"$49,737.42",183.12,Bronze
CUST-00401,Mary Wilson,F,32.0,"April 21, 2021",Houston,Australia,mary.wilson@@example..com,"$71,027.18",196.3,GOLD
CUST-00158,Michael Wilson,female,61.0,2023-10-06,San Diego,Canada,michael.wilson158@example.com,"$70,638.03",201.63,Gold
CUST-01533,Richard Moore,MALE,42.0,15-Jun-2023,PHILADELPHIA,Australia,richard.moore1533@example.com,"$48,624.83",50.98,gold
492,Robert Martin,MALE,46.0,03/13/2023,San Antonio,United Kingdom,,"$60,794.69",133.56,Gold
 CUST-00292 ,Susan Moore,MALE,57.0,"January 10, 2022",new york,Canada,susan.moore292@example.com,"$51,213.05",293.24,gold
1884,John Jones,Non-binary,52.0,11/01/2023,Austin,Canada,john.jones1884@example.com,"$81,199.38",,
CUST-01364,Karen Gonzalez,male,,08-Jul-2024,Los Angeles,USA,karen.gonzalez1364@example.com,"$25,560.21",170.75,bronze
2774,Robert Hernandez,F,49.0,2023-07-28,PHILADELPHIA,USA,robert.hernandez2774@example.com,"$53,899.53",105.01,BRONZE
CUST-02729,Jennifer Martinez,f ,49.0,"February 20, 2023",San Diego,USA,jennifer.martinez2729@example.com,"$63,987.96",246.02,
 CUST-01735 ,Linda Davis,M,17.0,10/18/2021,PHOENIX,Australia,linda.davis1735@example.com,"$28,666.91",37.91,bronze
CUST-00402,Lisa Lopez,F,49.0,03/05/2022,DALLAS,United Kingdom,lisa.lopez402@example.com,"$91,040.66",,BRONZE
 CUST-01181 ,Joseph Jones, Female,39.0,,New York,Canada,joseph.jones1181@example.com,"$56,354.38",83.34,
CUST-01411,Daniel Martinez,female,48.0,"November 03, 2021",Austin,United Kingdom,daniel.martinez1411@example.com,"$55,873.94",223.46,SILVER
CUST-00180,Patricia Anderson, Female,53.0,05/10/2024,Houston,USA,patricia.anderson180@example.com,"$62,816.45",356.85,gold
922,Patricia Taylor,Female,48.0,23-Sep-2024,Philadelphia,USA,patricia.taylor922@example.com,"$72,100.07",163.07,
CUST-01689,Robert Martin,other,58.0,2022-05-07,Austin,United Kingdom,robert.martin1689@example.com,"$50,398.61",14.67,SILVER
CUST-00079,Michael Miller,male,36.0,2021-08-20,CHICAGO,Canada,michael.miller79@example.com,"$65,799.71",128.91,Bronze
 CUST-01784 ,Richard Wilson,male,53.0,"February 13, 2022",Phoenix,United Kingdom,richard.wilson1784@example.com,"$114,902.84",130.76,Bronze
CUST-01117,Michael Lopez,m ,25.0,30-Sep-2022,HOUSTON,USA,michael.lopez1117@example.com,"$76,503.58",178.67,Gold
2785,Charles Jackson,Female,48.0,04/12/2022,San Diego,USA,charles.jackson2785@example.com,"$53,253.37",143.15,Gold
CUST-00695,Charles Williams,MALE,32.0,2023-04-01,DALLAS,Canada,charles.williams695@example.com,"$29,061.34",99.25,
CUST-02368,Joseph Jackson,Other,,2023-05-30,PHOENIX,USA,,"$97,304.49",43.77,Bronze
2533,Joseph Hernandez,M,44.0,05/29/2023,Dallas,Australia,joseph.hernandez2533@example.com,"$96,463.22",220.83,GOLD
CUST-02247,Lisa Miller,F,36.0,15-Mar-2022,SAN DIEGO,Australia,lisa.miller2247@example.com,"$73,771.05",6.71,BRONZE
CUST-00818,Charles Wilson,female,41.0,28-Nov-2024,HOUSTON,USA,charles.wilson818@example.com,"$78,343.37",120.34,silver
CUST-00712,Susan Moore,F,43.0,2021-06-04,chicago,Australia,susan.moore712@example.com,"$91,200.76",252.28,Bronze
 CUST-02669 ,Charles Thomas,Male,34.0,24/03/2021,Houston,USA,charles.thomas2669@example.com,"$72,311.28",161.41,Silver
296,Karen Martinez,Female,37.0,"June 02, 2021",SAN DIEGO,USA,karen.martinez296@example.com,"$75,179.36",321.09,Silver
1047,Charles Jones, Male,38.0,2021-06-06,San Diego,USA,charles.jones1047@example.com,"$43,480.11",207.42,Gold
CUST-02487,Patricia Wilson,F,42.0,08/04/2023,AUSTIN,Australia,patricia.wilson2487@example.com,"$70,645.21",23.71,Gold
CUST-01550,John Taylor,female,24.0,03/08/2024,San Diego,Canada,john.taylor1550@example.com,"$56,133.20",221.97,gold
134,Linda Taylor,Female,55.0,"October 22, 2024",CHICAGO,United Kingdom,linda.taylor134@example.com,"$37,012.73",175.25,Gold
 CUST-00815 ,Karen Williams,,28.0,18-Feb-2022,San Diego,USA,karen.williams815@example.com,"$52,974.31",114.37,bronze
 CUST-02695 ,Sarah Johnson,m ,46.0,09-May-2022,Austin,Canada,sarah.johnson2695@example.com,"$92,426.63",241.52,Bronze
CUST-01771,Lisa Davis,male,53.0,2024-07-02,Dallas,Australia,lisa.davis1771@example.com,"$71,906.29",,Gold
CUST-01566,Matthew Jackson,M,49.0,08/18/2022,San Antonio,United Kingdom,matthew.jackson1566@example.com,"$90,019.90",280.5,SILVER
 CUST-02911 ,Jennifer Miller, Female,27.0,,New York,Canada,jennifer.miller2911@example.com,"$45,798.43",66.19,silver
900,Mary Martinez,f ,50.0,26/07/2021,LOS ANGELES,Canada,mary.martinez900@example.com,"$28,770.55",88.18,bronze
CUST-02456,James Gonzalez,female,28.0,2022-06-13,Philadelphia,United Kingdom,james.gonzalez2456@example.com,"$19,518.81",60.04,Gold
CUST-02203,Daniel Anderson,Male,36.0,2023-06-05,CHICAGO,Australia,daniel.anderson2203@example.com,"$53,917.74",161.53,GOLD
 CUST-01030 ,Jennifer Moore,M,55.0,07-Apr-2024,Chicago,United Kingdom,jennifer.moore1030@example.com,"$33,214.83",114.91,GOLD
 CUST-02327 ,Linda Lopez,MALE,34.0,04/20/2022,Phoenix,United Kingdom,linda.lopez2327@example.com,"$8,313.82",77.65,Bronze
CUST-02843,Thomas Taylor,female,28.0,24/05/2023,Philadelphia,Canada,thomas.taylor2843@example.com,"$16,971.57",,Silver
 CUST-01340 ,Susan Hernandez,other,33.0,2022-02-11,DALLAS,United Kingdom,susan.hernandez1340@example.com,"$20,044.38",9.15,Bronze
CUST-00116,Daniel Rodriguez,male,52.0,06/22/2021,Houston,Canada,daniel.rodriguez116@example.com,"$47,113.96",236.97,SILVER
 CUST-01233 ,James Brown,O,48.0,"July 19, 2022",Chicago,United Kingdom,james.brown1233@example.com,"$109,076.17",218.42,Silver
 CUST-00597 ,Robert Brown,f ,48.0,2023-05-18,Houston,Canada,robert.brown597@example.com,"$49,663.33",199.23,Bronze
2024,James Martinez, Female,34.0,13/11/2024,Phoenix,USA,james.martinez2024@example.com,"$77,074.98",15.6,BRONZE
CUST-01930,Richard Miller,Other,52.0,07/09/2021,PHILADELPHIA,USA,richard.miller1930@example.com,"$76,262.71",202.09,Silver
CUST-01358,Richard Anderson,f ,38.0,"May 06, 2023",Phoenix,Canada,richard.anderson1358@example.com,"$24,916.96",211.0,
 CUST-00209 ,Lisa Davis,M,45.0,03/27/2023,Los Angeles,Australia,lisa.davis209@example.com,"$47,842.57",76.45,Gold
2767,James Williams,Female,42.0,14/08/2021,San Diego,Australia,,"$27,336.91",196.73,gold
CUST-02634,James Taylor,F,29.0,06/05/2023,Dallas,United Kingdom,,,-109.93,Gold
 CUST-01033 ,Nancy Johnson, Male,,2023-05-22,Dallas,Canada,nancy.johnson1033@example.com,"$76,103.75",191.45,SILVER
CUST-01247,Betty Davis,m ,36.0,11/07/2021,New York,Australia,betty.davis1247@example.com,"$62,121.88",327.43,BRONZE
CUST-00469,Michael Jackson,M,36.0,08/30/2024,san antonio,United Kingdom,michael.jackson469@example.com,"$51,220.77",82.88,
CUST-00540,Matthew Davis,MALE,21.0,14-Feb-2021,Los Angeles,Australia,matthew.davis540@example.com,"$68,132.20",83.7,SILVER
1540,Karen Gonzalez, Male,46.0,08/05/2021,  Los Angeles  ,Canada,karen.gonzalez1540@example.com,"$91,016.00",152.58,
 CUST-00836 ,Elizabeth Wilson,m ,53.0,"June 01, 2021",Dallas,United Kingdom,elizabeth.wilson836@example.com,"$51,276.49",167.46,silver
 CUST-02577 ,Patricia Johnson,Female,16.0,28/05/2022,  Philadelphia  ,USA,patricia.johnson2577@example.com,"$63,335.70",217.13,Silver
 CUST-01941 ,Sarah Johnson,f ,38.0,"January 06, 2023",austin,Australia,sarah.johnson1941@example.com,"$35,396.48",52.59,BRONZE
240,Charles Miller,M,40.0,2022-06-21,philadelphia,USA,charles.miller240@example.com,"$27,598.97",,Bronze
 CUST-01578 ,Joseph Moore,M,37.0,"June 20, 2024",Phoenix,USA,joseph.moore1578@example.com,"$69,601.15",215.47,Gold
CUST-00689,Richard Johnson,M,32.0,07/30/2024,Houston,USA,richard.johnson689@example.com,"$86,134.10",8.64,BRONZE
242,Richard Anderson,Female,29.0,22/03/2023,Philadelphia,United Kingdom,richard.anderson242@example.com,"$79,287.31",123.19,BRONZE
 CUST-02506 ,James Smith,MALE,25.0,"November 22, 2023",Los Angeles,Australia,,"$67,950.30",-164.28,gold
CUST-02468,Betty Johnson,male,29.0,2024-03-21,  Austin  ,Canada,betty.johnson2468@example.com,"$92,107.52",234.73,SILVER
CUST-00264,Thomas Rodriguez,F,16.0,23/06/2024,PHILADELPHIA,Australia,thomas.rodriguez264@example.com,"$66,917.45",82.2,Bronze
CUST-01939,Betty Smith,MALE,67.0,30-Jun-2021,San Antonio,United Kingdom,betty.smith1939@example.com,"$65,927.10",84.58,Bronze
1962,James Taylor,FEMALE,38.0,11/12/2024,Dallas,United Kingdom,james.taylor1962@example.com,"$61,885.76",124.39,gold
CUST-02479,Charles Anderson, Female,29.0,04/09/2021,Chicago,United Kingdom,charles.anderson2479@example.com,"$36,944.46",81.04,gold
 CUST-02251 ,Jennifer Hernandez,m ,32.0,2021-06-24,san antonio,Australia,jennifer.hernandez2251@example.com,"$69,031.48",206.86,gold
CUST-02232,Daniel Davis,m ,31.0,11/17/2024,  Houston  ,USA,daniel.davis2232@example.com,"$79,631.26",280.67,Silver
CUST-01345,Sarah Jones,FEMALE,,"February 12, 2023",New York,USA,sarah.jones1345@example.com,"$27,765.23",179.56,
CUST-00178,Lisa Miller,Male,59.0,01/05/2024,  Houston  ,Australia,lisa.miller178@example.com,"$61,231.93",250.12,SILVER
 CUST-00937 ,Jessica Thomas, Male,69.0,03/02/2024,Austin,Canada,jessica.thomas937@example.com,"$59,974.28",226.58,silver
CUST-00307,James Garcia,M,55.0,2023-12-30,austin,USA,james.garcia307@example.com,"$38,642.35",26.38,SILVER
CUST-01013,Thomas Martinez,male,16.0,23/04/2024,Philadelphia,Australia,thomas.martinez1013@example.com,"$33,096.52",128.75,Gold
 CUST-01226 ,Susan Williams,female,42.0,19/05/2024,DALLAS,United Kingdom,susan.williams1226@example.com,"$5,000,000.00",232.12,SILVER
83,Lisa Miller,Male,-5.0,08/07/2024,LOS ANGELES,USA,lisa.miller83@example.com,"$65,435.55",163.46,Silver
CUST-00783,Patricia Williams,Male,25.0,"October 30, 2021",NEW YORK,Canada,patricia.williams783@example.com,"$53,108.70",207.12,bronze
2207,Lisa Martinez,other,62.0,"October 25, 2023",Houston,Canada,lisa.martinez2207@example.com,"$77,107.27",38.47,GOLD
86,Patricia Jackson,Female,38.0,03/04/2021,San Diego,USA,patricia.jackson86@example.com,"$113,560.64",85.45,Silver
 CUST-01728 ,Elizabeth Garcia,female,52.0,2023-11-03,Los Angeles,USA,elizabeth.garcia1728@example.com,"$54,742.54",80.43,GOLD
CUST-00154,John Rodriguez,f ,75.0,09/28/2021,AUSTIN,United Kingdom,john.rodriguez154@example.com,"$51,263.58",185.65,SILVER
CUST-01179,Lisa Smith,Female,150.0,30-Jan-2024,New York,United Kingdom,lisa.smith1179@example.com,"$67,804.40",224.15,BRONZE
CUST-01430,Lisa Wilson,MALE,16.0,2024-09-23,PHILADELPHIA,Canada,lisa.wilson1430@example.com,,112.55,BRONZE
CUST-01934,Linda Martin,female,32.0,"December 08, 2022",Houston,United Kingdom,linda.martin1934@example.com,"$64,438.53",83.29,gold
 CUST-02933 ,Linda Miller,male,61.0,01-Sep-2022,Houston,United Kingdom,linda.miller2933@example.com,"$20,280.75",120.98,Gold
CUST-02682,Sarah Garcia, Male,41.0,22/04/2021,Philadelphia,United Kingdom,sarah.garcia2682@example.com,"$37,363.31",11.39,bronze
CUST-02174,Betty Davis,Female,,07-Sep-2022,Phoenix,United Kingdom,betty.davis2174@example.com,"$58,794.87",38.19,bronze
CUST-00523,Elizabeth Gonzalez,Female,52.0,2023-02-01,Austin,Australia,,,202.06,bronze
CUST-01442,Richard Thomas,MALE,33.0,07-Sep-2022,Chicago,Canada,richard.thomas1442@example.com,"$37,774.39",73.8,
CUST-01750,Nancy Brown,female,44.0,13/07/2024,Houston,Australia,nancy.brown1750@example.com,"$43,144.98",147.28,bronze
CUST-01406,John Thomas,female,16.0,2023-04-06,LOS ANGELES,Canada,john.thomas1406@example.com,"$33,891.85",103.93,Gold
 CUST-00824 ,Susan Rodriguez, Female,32.0,12/31/2021,san antonio,Canada,susan.rodriguez824@example.com,"$83,474.39",-29.67,
 CUST-02044 ,Richard Johnson, Male,33.0,10-Jan-2021,Los Angeles,USA,richard.johnson2044@example.com,"$31,546.28",100.1,Bronze
CUST-00620,Michael Williams,M,73.0,21-May-2023,Austin,Canada,,"$110,637.30",83.01,GOLD
CUST-01008,Joseph Jones,Male,32.0,30-Aug-2022,Houston,Australia,joseph.jones1008@example.com,"$80,523.72",210.72,BRONZE
CUST-00711,Susan Johnson,female,38.0,25/02/2024,Houston,Canada,susan.johnson711@example.com,"$61,315.23",155.88,Silver
CUST-01818,James Gonzalez,m ,41.0,"October 08, 2021",Houston,Canada,james.gonzalez1818@example.com,"$52,439.87",59.12,Gold
CUST-00739,Charles Smith,M,41.0,2024-11-05,Phoenix,USA,charles.smith739@example.com,"$16,454.72",156.85,
CUST-01502,Linda Williams,,51.0,07-Nov-2021,phoenix,Canada,linda.williams1502@example.com,"$57,383.10",241.13,bronze
 CUST-02402 ,Thomas Garcia,Male,24.0,"March 17, 2023",Chicago,Australia,thomas.garcia2402@example.com,"$41,378.20",23.45,Silver
CUST-01054,Matthew Taylor, Female,33.0,2023-05-07,Philadelphia,Australia,matthew.taylor1054@example.com,"$68,159.81",240.26,Bronze
CUST-02896,John Gonzalez,Male,54.0,17/09/2024,  Phoenix  ,United Kingdom,john.gonzalez2896@example.com,"$71,591.80",13.17,GOLD
CUST-01460,Michael Lopez,m ,35.0,03/27/2022,Chicago,USA,michael.lopez1460@example.com,"$47,370.03",121.75,SILVER
CUST-00967,Robert Jones,MALE,58.0,10/23/2022,San Diego,USA,robert.jones967@example.com,"$31,350.93",121.2,Bronze
524,Thomas Miller,F,60.0,"May 13, 2022",SAN DIEGO,United Kingdom,thomas.miller524@example.com,"$98,489.53",183.21,
CUST-00907,Sarah Johnson,m ,38.0,"September 27, 2024",Los Angeles,United Kingdom,sarah.johnson907@example.com,"$83,118.28",238.75,SILVER
155,Karen Johnson,male,37.0,"January 22, 2023",Chicago,USA,karen.johnson155@example.com,"$25,579.31",3.34,Bronze
CUST-01723,James Anderson,Other,33.0,,HOUSTON,USA,james.anderson1723@example.com,"$79,297.79",228.77,
 CUST-00286 ,Jennifer Brown,f ,51.0,18-Nov-2022,San Diego,Australia,jennifer.brown286@example.com,"$91,462.02",200.83,Bronze
CUST-02786,Matthew Moore,other,41.0,05/17/2024,San Antonio,Australia,matthew.moore@@example..com,"$30,565.96",293.97,silver
CUST-00779,Charles Johnson,Female,53.0,"November 17, 2021",Houston,USA,charles.johnson779@example.com,"$57,439.84",206.13,Bronze
2532,Linda Brown,M,36.0,"March 29, 2022",San Diego,Australia,linda.brown2532@example.com,,159.42,SILVER
CUST-02885,Richard Lopez, Male,53.0,12/24/2021,Dallas,Australia,richard.lopez2885@example.com,"$30,559.28",24.44,Gold
376,Daniel Smith,m ,65.0,07/07/2021,Austin,USA,daniel.smith376@example.com,"$65,347.02",196.92,gold
CUST-00842,Linda Hernandez,f ,40.0,26-Jan-2021,Philadelphia,Australia,linda.hernandez842@example.com,"$65,210.08",179.51,
 CUST-00299 ,Matthew Wilson,F,20.0,"February 08, 2021",New York,USA,,"$60,736.12",144.43,BRONZE
CUST-00827,Nancy Lopez,Female,37.0,27/09/2023,Los Angeles,Australia,nancy.lopez827@example.com,"$68,180.86",26.99,Bronze
CUST-01273,William Moore,FEMALE,37.0,"December 12, 2023",AUSTIN,United Kingdom,william.moore1273@example.com,,52.89,
 CUST-02994 ,Robert Brown,M,38.0,08/31/2021,los angeles,Australia,robert.brown2994@example.com,"$37,337.80",141.87,
CUST-02947,Betty Wilson,male,64.0,"March 05, 2024",AUSTIN,Canada,betty.wilson2947@example.com,"$78,430.07",59.86,BRONZE
 CUST-00306 ,Mary Gonzalez,Female,18.0,09-May-2024,Dallas,Canada,,"$98,370.57",156.59,
CUST-02902,Patricia Gonzalez,Male,44.0,"March 01, 2023",New York,Canada,patricia.gonzalez2902@example.com,"$61,576.01",147.73,Bronze
1044,Richard Lopez,male,,2021-03-04,Philadelphia,United Kingdom,richard.lopez1044@example.com,"$94,485.81",67.66,Bronze
CUST-00044,William Miller, Male,68.0,02/12/2022,HOUSTON,Canada,william.miller44@example.com,"$66,776.09",281.59,silver
CUST-02170,Mary Jones, Female,34.0,"December 10, 2022",Houston,Canada,mary.jones2170@example.com,"$69,868.85",61.95,silver
CUST-02021,James Lopez,F,25.0,09-Apr-2023,San Antonio,Australia,james.lopez2021@example.com,"$59,203.42",14.69,GOLD
CUST-01570,Richard Wilson,f ,75.0,,  San Antonio  ,United Kingdom,richard.wilson@@example..com,"$37,866.96",148.74,Gold
CUST-01068,Charles Thomas,,34.0,14/10/2022,PHILADELPHIA,United Kingdom,charles.thomas1068@example.com,"$60,491.56",8.95,
 CUST-02763 ,Linda Brown,female,47.0,"October 16, 2023",San Diego,USA,linda.brown2763@example.com,"$62,787.03",92.9,GOLD
CUST-01650,Matthew Garcia,m ,59.0,13-Sep-2023,austin,USA,matthew.garcia1650@example.com,"$67,188.60",148.32,bronze
CUST-02745,Jennifer Jones, Female,56.0,07/14/2021,  Austin  ,Australia,jennifer.jones2745@example.com,"$60,266.11",235.81,Silver
CUST-01580,William Smith,M,28.0,03/21/2021,San Antonio,USA,william.smith1580@example.com,"$65,163.19",185.98,Silver
1596,Betty Smith,FEMALE,43.0,19-Nov-2021,SAN ANTONIO,Australia,betty.smith1596@example.com,"$79,184.39",150.35,GOLD
 CUST-01493 ,Charles Brown, Female,50.0,01/01/2022,DALLAS,United Kingdom,charles.brown1493@example.com,"$68,128.47",345.95,gold
 CUST-01957 ,Jessica Jackson,Male,52.0,15/01/2022,Houston,Canada,jessica.jackson1957@example.com,"$62,836.25",128.96,bronze
CUST-02622,John Hernandez,Male,16.0,21-Jan-2022,Chicago,United Kingdom,john.hernandez2622@example.com,"$89,804.10",238.17,Silver
 CUST-01624 ,Betty Thomas, Male,44.0,2021-06-11,San Antonio,Australia,betty.thomas1624@example.com,"$72,103.25",243.91,
CUST-00657,Joseph Thomas,female,38.0,09-Oct-2021,  Chicago  ,USA,joseph.thomas657@example.com,"$54,600.83",124.81,gold
CUST-01251,Karen Miller,MALE,16.0,21-Jul-2023,Dallas,United Kingdom,karen.miller1251@example.com,"$25,020.57",143.39,SILVER
 CUST-02519 ,Jessica Gonzalez,FEMALE,64.0,01-Mar-2024,NEW YORK,Australia,jessica.gonzalez2519@example.com,"$37,451.34",127.95,gold
CUST-02340,Jennifer Smith,M,38.0,"August 12, 2024",Philadelphia,Canada,jennifer.smith2340@example.com,"$77,350.37",391.37,
CUST-00699,Betty Garcia, Male,66.0,16/07/2023,philadelphia,Canada,betty.garcia699@example.com,"$57,441.25",150.34,bronze
CUST-02672,Karen Jackson,other,38.0,,  Chicago  ,Canada,karen.jackson2672@example.com,"$85,707.97",95.94,
34,Robert Williams,MALE,30.0,"January 22, 2023",  Philadelphia  ,USA,robert.williams34@example.com,,,gold
CUST-00686,James Taylor,M,56.0,22/04/2022,Phoenix,United Kingdom,james.taylor686@example.com,"$41,593.69",178.44,bronze
CUST-00001,Joseph Moore,MALE,58.0,06/11/2023,Dallas,Canada,joseph.moore1@example.com,"$23,206.18",136.32,Gold
CUST-02987,Matthew Miller,F,29.0,"July 10, 2023",san antonio,Canada,matthew.miller2987@example.com,"$23,408.15",147.12,Gold
CUST-01160,Joseph Jackson,Female,59.0,10/03/2021,houston,Canada,joseph.jackson1160@example.com,"$45,901.43",158.15,Gold
 CUST-01490 ,Sarah Lopez,MALE,46.0,2024-12-27,San Antonio,Australia,sarah.lopez1490@example.com,"$54,689.14",56.74,GOLD
 CUST-02606 ,Sarah Jones,MALE,46.0,11/10/2021,New York,Canada,sarah.jones2606@example.com,"$25,861.10",169.61,bronze
CUST-02736,Charles Lopez,Male,28.0,22-Aug-2021,AUSTIN,Canada,charles.lopez2736@example.com,"$55,515.17",130.01,GOLD
2274,John Jackson,FEMALE,34.0,05/07/2022,San Antonio,Australia,john.jackson2274@example.com,"$69,713.34",144.96,gold
CUST-01215,Jennifer Johnson, Male,47.0,2023-06-01,Los Angeles,Canada,jennifer.johnson1215@example.com,"$79,682.16",111.86,GOLD
CUST-01764,Michael Rodriguez,F,62.0,17/04/2024,san diego,Canada,michael.rodriguez1764@example.com,"$46,008.97",168.24,GOLD
CUST-00023,Linda Miller,male,63.0,"June 12, 2023",  Houston  ,Australia,linda.miller23@example.com,,220.98,GOLD
CUST-00244,Mary Miller,male,16.0,"May 09, 2021",AUSTIN,Canada,mary.miller244@example.com,"$85,449.89",175.81,Silver
CUST-02315,James Moore,FEMALE,30.0,21/01/2024,Phoenix,Australia,james.moore2315@example.com,"$99,754.51",301.35,GOLD
886,Patricia Brown,Male,41.0,2023-04-16,san diego,Australia,patricia.brown886@example.com,"$74,729.48",145.81,Bronze
CUST-02835,John Williams,O,33.0,"January 04, 2022",Philadelphia,Canada,john.williams2835@example.com,"$36,763.03",100.65,GOLD
CUST-02431,Joseph Wilson,female,16.0,"July 30, 2021",Chicago,USA,joseph.wilson2431@example.com,"$59,597.88",225.07,bronze
CUST-00945,Charles Miller,FEMALE,37.0,10-Mar-2021,New York,Canada,charles.miller945@example.com,"$61,979.44",,gold
 CUST-01073 ,Joseph Smith,M,61.0,06/01/2021,Phoenix,USA,joseph.smith1073@example.com,"$51,701.81",85.02,silver
CUST-02858,David Gonzalez, Male,54.0,04/16/2023,Los Angeles,Australia,david.gonzalez2858@example.com,"$41,290.97",102.57,Gold
2071,Mary Garcia,female,45.0,24/09/2021,  Houston  ,United Kingdom,mary.garcia2071@example.com,"$54,976.47",184.02,Gold
1420,Sarah Jones,female,40.0,29/06/2023,Dallas,Australia,sarah.jones1420@example.com,"$65,489.21",84.86,Gold
2512,Susan Wilson, Female,40.0,30/04/2024,dallas,United Kingdom,,"$57,681.24",49.36,silver
CUST-01357,Michael Rodriguez,male,38.0,"March 27, 2021",  Los Angeles  ,USA,michael.rodriguez1357@example.com,"$51,530.29",278.94,gold
 CUST-02801 ,Linda Gonzalez, Female,75.0,,Dallas,Canada,linda.gonzalez2801@example.com,"$71,277.34",199.22,SILVER
CUST-02776,Elizabeth Williams,other,37.0,01/03/2023,Phoenix,Canada,elizabeth.williams2776@example.com,"$55,268.39",34.2,
CUST-01492,Patricia Jones, Female,37.0,"April 24, 2021",Houston,Canada,patricia.jones1492@example.com,"$48,348.28",63.91,gold
854,Michael Garcia,FEMALE,48.0,14-Mar-2021,  San Diego  ,Canada,michael.garcia854@example.com,"$9,483.82",152.09,Silver
 CUST-01978 ,Betty Brown,female,47.0,26-May-2024,Phoenix,USA,betty.brown1978@example.com,"$84,667.37",211.33,Bronze
CUST-02705,John Johnson,Non-binary,67.0,07-Sep-2024,New York,Canada,john.johnson2705@example.com,"$67,326.68",233.47,silver
2913,Betty Garcia,female,16.0,20-Aug-2022,Austin,United Kingdom,betty.garcia2913@example.com,"$43,734.45",215.9,silver
2518,Joseph Gonzalez,Male,38.0,11/04/2023,San Antonio,Canada,joseph.gonzalez2518@example.com,"$17,612.62",171.21,SILVER
CUST-01747,Michael Garcia,other,61.0,"June 30, 2023",san antonio,Canada,michael.garcia1747@example.com,"$34,798.96",229.94,Gold
CUST-00983,Thomas Thomas,m ,43.0,02/18/2024,San Antonio,Canada,thomas.thomas983@example.com,"$55,507.60",297.19,SILVER
CUST-02029,Patricia Garcia,FEMALE,32.0,31/03/2021,Chicago,Canada,patricia.garcia2029@example.com,"$70,906.10",220.7,gold
2040,Betty Moore,male,30.0,12/04/2021,san diego,United Kingdom,betty.moore2040@example.com,"$59,112.79",258.53,SILVER
 CUST-02210 ,Susan Anderson,other,56.0,11/07/2022,Chicago,Canada,susan.anderson2210@example.com,"$79,842.77",8.31,Bronze
CUST-01399,Susan Jackson,F,31.0,23-Jun-2022,Los Angeles,Australia,susan.jackson1399@example.com,"$59,393.57",85.48,bronze
CUST-02925,Karen Taylor,female,20.0,"July 17, 2023",CHICAGO,United Kingdom,karen.taylor2925@example.com,,147.32,Bronze
 CUST-01895 ,Jessica Martin,male,47.0,08/29/2021,Los Angeles,United Kingdom,jessica.martin1895@example.com,"$5,000,000.00",41.38,bronze
CUST-02946,Susan Lopez,Male,40.0,,Austin,Australia,susan.lopez2946@example.com,"$58,454.63",160.56,gold
1089,Sarah Garcia,MALE,52.0,"June 26, 2022",New York,Australia,sarah.garcia1089@example.com,"$57,888.23",101.71,SILVER
 CUST-00911 ,David Miller,female,48.0,"December 25, 2021",SAN ANTONIO,Australia,david.miller911@example.com,"$87,684.66",195.38,SILVER
CUST-00929,Robert Martin,female,41.0,"September 16, 2022",Austin,United Kingdom,robert.martin929@example.com,"$74,656.98",122.81,Bronze
CUST-00860,Jessica Brown, Male,22.0,,  Houston  ,United Kingdom,jessica.brown860@example.com,"$107,814.99",241.62,Gold
 CUST-01728 ,Elizabeth Garcia,female,52.0,2023-11-03,Los Angeles,USA,elizabeth.garcia1728@example.com,"$54,742.54",80.43,GOLD
CUST-01694,Daniel Taylor,Female,28.0,19/06/2021,San Diego,USA,daniel.taylor1694@example.com,"$83,990.61",278.58,Bronze
 CUST-01228 ,Linda Lopez,F,36.0,"April 25, 2023",SAN DIEGO,Australia,,"$98,310.43",153.9,GOLD
 CUST-02575 ,David Lopez,F,37.0,"September 07, 2023",PHOENIX,Australia,david.lopez2575@example.com,"$66,707.17",67.76,
CUST-01849,Mary Taylor,m ,69.0,"April 13, 2024",New York,USA,mary.taylor1849@example.com,"$101,354.75",-150.23,bronze
1707,Joseph Moore,Female,30.0,,PHOENIX,USA,joseph.moore1707@example.com,"$33,166.64",129.71,Gold
CUST-00997,Jennifer Lopez,female,28.0,07/03/2023,Philadelphia,Canada,,,45.92,bronze
CUST-00145,Elizabeth Brown,F,43.0,03/04/2023,CHICAGO,USA,elizabeth.brown145@example.com,"$63,140.95",208.01,bronze
CUST-00686,James Taylor,M,56.0,22/04/2022,Phoenix,United Kingdom,james.taylor686@example.com,"$41,593.69",178.44,bronze
CUST-01249,Betty Wilson, Female,43.0,"July 21, 2022",Philadelphia,Australia,betty.wilson1249@example.com,"$54,434.88",158.97,gold
2737,Jennifer Wilson,male,24.0,07/29/2022,dallas,United Kingdom,jennifer.wilson2737@example.com,"$22,974.43",102.09,Bronze
CUST-01522,Karen Brown,Male,36.0,09/01/2023,PHILADELPHIA,Australia,karen.brown1522@example.com,,73.78,silver
2355,Matthew Jackson,Other,27.0,25/12/2024,San Antonio,USA,matthew.jackson2355@example.com,"$53,658.82",127.12,GOLD
2731,Jennifer Jones,Other,68.0,20/10/2023,SAN ANTONIO,United Kingdom,jennifer.jones2731@example.com,"$37,775.89",130.12,GOLD
 CUST-02218 ,Mary Rodriguez,F,56.0,"August 26, 2024",Austin,USA,mary.rodriguez2218@example.com,"$82,859.46",11.35,
CUST-01684,Patricia Miller,male,41.0,03/08/2023,Phoenix,Australia,patricia.miller1684@example.com,,-184.24,Gold
CUST-00355,Patricia Taylor,female,46.0,05/15/2021,AUSTIN,Canada,patricia.taylor355@example.com,"$32,854.86",28.15,GOLD
CUST-02483,Nancy Rodriguez,male,36.0,2024-04-26,NEW YORK,Canada,nancy.rodriguez2483@example.com,"$44,210.41",181.38,GOLD
CUST-00414,Nancy Taylor,f ,44.0,2023-10-08,New York,United Kingdom,nancy.taylor414@example.com,"$45,453.51",161.25,Silver
CUST-00963,Michael Jones,MALE,28.0,2021-02-26,PHOENIX,Australia,michael.jones963@example.com,"$46,896.51",192.99,SILVER
 CUST-00231 ,Linda Wilson,MALE,43.0,2022-03-27,  Houston  ,United Kingdom,linda.wilson231@example.com,"$74,143.47",91.88,silver
CUST-01525,Susan Anderson,FEMALE,200.0,2022-04-06,SAN DIEGO,Canada,susan.anderson1525@example.com,"$85,668.53",250.82,Silver
CUST-00241,Betty Lopez,male,52.0,09/07/2021,los angeles,USA,betty.lopez241@example.com,"$34,784.55",128.99,GOLD
CUST-02448,Mary Martin,f ,37.0,2022-08-27,New York,Canada,mary.martin@@example..com,"$61,485.83",0.7,Gold
CUST-01651,Thomas Davis,m ,51.0,"October 23, 2022",PHOENIX,USA,thomas.davis1651@example.com,"$63,483.24",114.24,SILVER
2254,Matthew Miller,male,26.0,"February 05, 2021",San Diego,Australia,matthew.miller2254@example.com,"$60,483.85",340.61,BRONZE
CUST-01006,Sarah Martin,MALE,58.0,17/06/2024,Phoenix,Australia,sarah.martin1006@example.com,"$21,894.23",73.18,gold
 CUST-00291 ,Sarah Jones,other,52.0,27/06/2024,San Diego,USA,sarah.jones291@example.com,"$81,935.69",135.07,silver
2,Thomas Thomas, Female,38.0,"February 11, 2021",Chicago,USA,thomas.thomas2@example.com,"$47,918.12",71.74,bronze
CUST-01985,Susan Gonzalez,MALE,47.0,13/05/2022,houston,Canada,susan.gonzalez1985@example.com,"$50,438.29",35.94,SILVER
CUST-00329,Michael Garcia,female,32.0,01/03/2024,austin,Australia,michael.garcia329@example.com,"$28,250.53",46.86,Silver
CUST-01391,David Miller,F,49.0,,Dallas,Canada,david.miller1391@example.com,"$56,158.77",348.5,GOLD
CUST-00927,David Williams,Male,41.0,2021-10-18,  Philadelphia  ,Canada,david.williams927@example.com,"$74,813.95",57.59,silver
2452,Patricia Brown,Male,23.0,05/21/2023,  Los Angeles  ,United Kingdom,patricia.brown2452@example.com,"$64,036.77",85.31,silver
CUST-01561,James Martinez,,62.0,"April 14, 2022",Los Angeles,Australia,james.martinez1561@example.com,"$56,947.95",205.27,SILVER
CUST-00923,Karen Williams,Male,40.0,"April 25, 2023",Austin,United Kingdom,karen.williams923@example.com,"$32,625.75",176.05,Gold
CUST-00262,Karen Wilson,f ,50.0,02/02/2022,LOS ANGELES,United Kingdom,karen.wilson262@example.com,"$85,581.86",154.02,Silver
 CUST-00389 ,William Williams,F,26.0,21/10/2024,Houston,Canada,william.williams389@example.com,"$71,429.49",127.41,GOLD
CUST-02193,William Martin,FEMALE,56.0,"August 31, 2022",LOS ANGELES,United Kingdom,william.martin2193@example.com,"$65,375.20",173.72,GOLD
 CUST-02489 ,Richard Jackson,m ,47.0,2024-02-06,PHILADELPHIA,United Kingdom,richard.jackson2489@example.com,"$96,386.74",125.68,gold
CUST-00843,Joseph Smith,M,32.0,2021-08-13,NEW YORK,Australia,joseph.smith843@example.com,"$38,763.16",195.46,silver
 CUST-00641 ,Mary Johnson,M,,24-Jan-2022,Phoenix,Australia,mary.johnson641@example.com,"$40,960.80",145.79,silver
CUST-02235,Richard Miller,other,33.0,03/30/2022,Houston,Canada,richard.miller2235@example.com,"$48,707.85",269.35,Bronze
CUST-01077,William Lopez,f ,33.0,"April 10, 2024",Los Angeles,United Kingdom,william.lopez1077@example.com,"$70,116.42",135.81,SILVER
CUST-02404,Michael Smith,F,30.0,28-Feb-2024,New York,United Kingdom,michael.smith2404@example.com,"$49,509.76",63.58,Gold
 CUST-02294 ,Karen Martin,female,23.0,10/15/2022,Dallas,Canada,karen.martin2294@example.com,,209.35,silver
CUST-02821,David Jones,Female,23.0,27/02/2024,chicago,United Kingdom,david.jones2821@example.com,"$70,918.08",84.94,silver
CUST-00435,Lisa Taylor,male,23.0,11/10/2022,  Philadelphia  ,USA,lisa.taylor435@example.com,"$48,088.24",170.18,
2839,Jessica Martinez, Female,200.0,10/04/2022,SAN DIEGO,Canada,jessica.martinez2839@example.com,"$65,273.08",99.87,SILVER
CUST-02231,Lisa Anderson,MALE,54.0,10-Jan-2022,New York,Australia,,"$34,979.55",378.2,Bronze
 CUST-02043 ,Nancy Smith,FEMALE,53.0,09-Jan-2023,San Antonio,United Kingdom,nancy.smith2043@example.com,"$70,949.59",125.51,BRONZE
 CUST-01921 ,James Smith, Male,33.0,,HOUSTON,Australia,james.smith@@example..com,"$57,844.19",135.81,Gold
CUST-02107,Mary Moore,Non-binary,61.0,22-Nov-2024,Austin,United Kingdom,mary.moore2107@example.com,"$61,557.87",162.01,gold
CUST-00444,David Thomas,female,,"April 10, 2023",Chicago,Australia,david.thomas444@example.com,"$30,439.08",137.29,gold
CUST-02409,Sarah Wilson, Male,16.0,04/09/2023,Los Angeles,United Kingdom,sarah.wilson2409@example.com,"$45,840.85",294.62,SILVER
CUST-00960,Elizabeth Miller,female,46.0,2021-07-18,Los Angeles,United Kingdom,elizabeth.miller960@example.com,"$110,465.28",159.53,silver
CUST-02098,Sarah Wilson,female,37.0,2021-01-07,Los Angeles,USA,sarah.wilson2098@example.com,"$54,409.02",120.38,BRONZE
CUST-01337,Thomas Gonzalez,M,21.0,27-Apr-2022,Phoenix,Australia,thomas.gonzalez1337@example.com,"$88,793.58",-220.85,silver
CUST-01511,Richard Smith,F,43.0,09/15/2022,  Houston  ,United Kingdom,richard.smith1511@example.com,"$87,711.32",308.06,SILVER
 CUST-02982 ,Patricia Hernandez,M,29.0,,Philadelphia,USA,patricia.hernandez2982@example.com,"$76,604.85",117.75,gold
 CUST-00396 ,Patricia Martinez,m ,38.0,06-May-2024,Los Angeles,Canada,patricia.martinez396@example.com,"$42,645.81",154.03,bronze
2788,Sarah Taylor,FEMALE,41.0,17-Feb-2021,San Diego,United Kingdom,sarah.taylor2788@example.com,"$39,085.09",220.8,BRONZE
2178,Jennifer Wilson, Male,32.0,"April 11, 2023",Austin,USA,jennifer.wilson2178@example.com,"$47,624.73",185.85,silver
CUST-02263,Robert Smith,other,40.0,"August 16, 2023",austin,United Kingdom,robert.smith2263@example.com,"$73,113.53",,Bronze
CUST-02323,Joseph Anderson,FEMALE,38.0,"November 09, 2023",Philadelphia,Canada,joseph.anderson2323@example.com,"$48,336.15",162.79,BRONZE
 CUST-01037 ,Daniel Rodriguez,Male,57.0,05/11/2021,los angeles,USA,daniel.rodriguez1037@example.com,"$59,948.19",95.98,
CUST-02681,William Davis,f ,45.0,2021-08-04,New York,United Kingdom,william.davis2681@example.com,"$51,327.70",185.57,Bronze
2941,Mary Smith,MALE,38.0,03-Apr-2024,Los Angeles,United Kingdom,,"$46,493.24",157.86,Bronze
CUST-02283,Matthew Gonzalez,FEMALE,80.0,10/06/2021,DALLAS,Australia,matthew.gonzalez2283@example.com,"$89,028.83",122.51,
831,Susan Hernandez,male,17.0,2022-10-16,Dallas,USA,susan.hernandez831@example.com,,,
 CUST-00953 ,Betty Hernandez, Male,52.0,2024-05-21,San Antonio,USA,betty.hernandez953@example.com,"$95,859.20",55.31,SILVER
CUST-02521,Sarah Johnson, Female,63.0,"February 24, 2022",San Antonio,United Kingdom,,"$48,070.69",195.85,BRONZE
CUST-00239,Nancy Smith,,38.0,10/05/2023,Phoenix,Australia,nancy.smith239@example.com,"$67,878.26",228.31,
CUST-00957,Karen Garcia,F,47.0,"September 30, 2021",Houston,Canada,karen.garcia957@example.com,"$54,268.24",98.79,GOLD
CUST-02231,Lisa Anderson,MALE,54.0,10-Jan-2022,New York,Australia,,"$34,979.55",378.2,Bronze
CUST-02782,Sarah Jones,female,50.0,2021-06-01,San Antonio,Australia,sarah.jones2782@example.com,"$33,567.32",29.28,bronze
CUST-02396,Thomas Lopez,F,63.0,2024-09-17,Phoenix,Canada,thomas.lopez2396@example.com,,103.8,gold
CUST-01654,Jessica Anderson,MALE,47.0,10-Feb-2021,los angeles,Canada,jessica.anderson1654@example.com,"$62,211.02",126.6,Gold
 CUST-02290 ,Joseph Johnson,f ,46.0,"February 14, 2024",DALLAS,Australia,joseph.johnson2290@example.com,,226.07,silver
CUST-01321,Nancy Jackson,F,37.0,"December 30, 2024",  Chicago  ,Canada,nancy.jackson1321@example.com,"$60,044.29",203.37,GOLD
CUST-02620,Lisa Taylor,male,43.0,04/04/2024,NEW YORK,USA,lisa.taylor2620@example.com,"$106,029.20",79.75,bronze
CUST-00437,Mary Miller,male,44.0,29/07/2021,  New York  ,Australia,mary.miller437@example.com,"$60,425.38",269.64,gold
 CUST-01559 ,Michael Jones,M,16.0,26/02/2024,Dallas,USA,michael.jones1559@example.com,"$113,546.44",-101.88,BRONZE
CUST-00578,Lisa Moore,F,40.0,29-Jul-2024,SAN DIEGO,United Kingdom,lisa.moore578@example.com,"$64,433.15",180.52,BRONZE
CUST-01150,Susan Brown, Male,67.0,03/06/2022,NEW YORK,Canada,susan.brown1150@example.com,"$83,324.56",252.57,Silver
CUST-00919,Elizabeth Rodriguez,f ,75.0,11-Mar-2024,Phoenix,USA,elizabeth.rodriguez919@example.com,"$51,551.92",76.8,Bronze
 CUST-01788 ,Betty Garcia,m ,26.0,08/09/2024,Houston,United Kingdom,betty.garcia1788@example.com,"$51,279.17",143.77,SILVER
 CUST-02105 ,Charles Gonzalez,F,52.0,"July 16, 2022",chicago,United Kingdom,charles.gonzalez2105@example.com,"$60,230.51",161.51,gold
 CUST-00502 ,Susan Jackson,m ,44.0,"December 04, 2022",New York,United Kingdom,susan.jackson502@example.com,"$54,599.13",246.73,silver
CUST-02687,Jennifer Hernandez,female,38.0,26/02/2024,San Diego,Canada,jennifer.hernandez@@example..com,"$92,972.82",148.32,bronze
CUST-00349,Patricia Wilson,MALE,54.0,07/27/2022,New York,United Kingdom,patricia.wilson349@example.com,"$40,045.71",350.3,GOLD
 CUST-00383 ,Lisa Thomas,MALE,25.0,28/02/2023,SAN ANTONIO,Australia,lisa.thomas383@example.com,"$68,962.54",59.82,Bronze
